plan_name,phase,report_hash,dataset_hash,environment_kind,agent_kind,condition_hash,agent_hash,terminal_round,metric,environment_clusters,algorithm_cells,algorithm_replicas_per_environment,cluster_mean,cluster_median,cluster_minimum,cluster_maximum,cluster_sample_standard_deviation,cluster_standard_error,exact_median_interval_lower,exact_median_interval_upper,exact_median_interval_coverage,exact_median_interval_method,bit_equivalent_lower_nats,bit_equivalent_upper_nats,inference_scope
bounded-symbolic-construct-validation.v1-calibration,calibration,07dabc814e26f8ace0ae6cf86ab10cfd6558bc9f32d2f48a751c5694bf35381c,eac4823bf31745572c74e75b5f98978ed84471f5e602e2ce1076e0e43fcf366e,ALEA,scheduled,0571e255ca5409d5fdc04b8035b951573459282ac02764ce19e91c83d0ac159e,212aac92a1da8532e5972f40437fe5263d519fb358a0ec6fa63c804d134831ac,12,compute.deployment_evaluations,192,576,3,1.0,1.0,1.0,1.0,0.0,0.0,1.0,1.0,0.963916597707066,exact-sign-median,3.501940922711103,4.049392723971171,Descriptive pooled summary: environment replicas are independent clusters; algorithm replicas are averaged within each environment cluster.
bounded-symbolic-construct-validation.v1-calibration,calibration,07dabc814e26f8ace0ae6cf86ab10cfd6558bc9f32d2f48a751c5694bf35381c,eac4823bf31745572c74e75b5f98978ed84471f5e602e2ce1076e0e43fcf366e,ALEA,scheduled,0571e255ca5409d5fdc04b8035b951573459282ac02764ce19e91c83d0ac159e,212aac92a1da8532e5972f40437fe5263d519fb358a0ec6fa63c804d134831ac,12,compute.environment_steps,192,576,3,12.0,12.0,12.0,12.0,0.0,0.0,12.0,12.0,0.963916597707066,exact-sign-median,3.501940922711103,4.049392723971171,Descriptive pooled summary: environment replicas are independent clusters; algorithm replicas are averaged within each environment cluster.
bounded-symbolic-construct-validation.v1-calibration,calibration,07dabc814e26f8ace0ae6cf86ab10cfd6558bc9f32d2f48a751c5694bf35381c,eac4823bf31745572c74e75b5f98978ed84471f5e602e2ce1076e0e43fcf366e,ALEA,scheduled,0571e255ca5409d5fdc04b8035b951573459282ac02764ce19e91c83d0ac159e,212aac92a1da8532e5972f40437fe5263d519fb358a0ec6fa63c804d134831ac,12,compute.frontier_solver_calls,192,576,3,13.0,13.0,13.0,13.0,0.0,0.0,13.0,13.0,0.963916597707066,exact-sign-median,3.501940922711103,4.049392723971171,Descriptive pooled summary: environment replicas are independent clusters; algorithm replicas are averaged within each environment cluster.
bounded-symbolic-construct-validation.v1-calibration,calibration,07dabc814e26f8ace0ae6cf86ab10cfd6558bc9f32d2f48a751c5694bf35381c,eac4823bf31745572c74e75b5f98978ed84471f5e602e2ce1076e0e43fcf366e,ALEA,scheduled,0571e255ca5409d5fdc04b8035b951573459282ac02764ce19e91c83d0ac159e,212aac92a1da8532e5972f40437fe5263d519fb358a0ec6fa63c804d134831ac,12,compute.posterior_updates,192,576,3,12.0,12.0,12.0,12.0,0.0,0.0,12.0,12.0,0.963916597707066,exact-sign-median,3.501940922711103,4.049392723971171,Descriptive pooled summary: environment replicas are independent clusters; algorithm replicas are averaged within each environment cluster.
bounded-symbolic-construct-validation.v1-calibration,calibration,07dabc814e26f8ace0ae6cf86ab10cfd6558bc9f32d2f48a751c5694bf35381c,eac4823bf31745572c74e75b5f98978ed84471f5e602e2ce1076e0e43fcf366e,ALEA,scheduled,0571e255ca5409d5fdc04b8035b951573459282ac02764ce19e91c83d0ac159e,212aac92a1da8532e5972f40437fe5263d519fb358a0ec6fa63c804d134831ac,12,compute.queries,192,576,3,12.0,12.0,12.0,12.0,0.0,0.0,12.0,12.0,0.963916597707066,exact-sign-median,3.501940922711103,4.049392723971171,Descriptive pooled summary: environment replicas are independent clusters; algorithm replicas are averaged within each environment cluster.
bounded-symbolic-construct-validation.v1-calibration,calibration,07dabc814e26f8ace0ae6cf86ab10cfd6558bc9f32d2f48a751c5694bf35381c,eac4823bf31745572c74e75b5f98978ed84471f5e602e2ce1076e0e43fcf366e,ALEA,scheduled,0571e255ca5409d5fdc04b8035b951573459282ac02764ce19e91c83d0ac159e,212aac92a1da8532e5972f40437fe5263d519fb358a0ec6fa63c804d134831ac,12,distractor_information_nats,192,576,3,0.0,0.0,0.0,0.0,0.0,0.0,0.0,0.0,0.963916597707066,exact-sign-median,3.501940922711103,4.049392723971171,Descriptive pooled summary: environment replicas are independent clusters; algorithm replicas are averaged within each environment cluster.
bounded-symbolic-construct-validation.v1-calibration,calibration,07dabc814e26f8ace0ae6cf86ab10cfd6558bc9f32d2f48a751c5694bf35381c,eac4823bf31745572c74e75b5f98978ed84471f5e602e2ce1076e0e43fcf366e,ALEA,scheduled,0571e255ca5409d5fdc04b8035b951573459282ac02764ce19e91c83d0ac159e,212aac92a1da8532e5972f40437fe5263d519fb358a0ec6fa63c804d134831ac,12,expected_reward,192,576,3,2.9583333333333335,3.0,1.0,3.0,0.24714777853100314,0.017836354558061585,3.0,3.0,0.963916597707066,exact-sign-median,3.501940922711103,4.049392723971171,Descriptive pooled summary: environment replicas are independent clusters; algorithm replicas are averaged within each environment cluster.
bounded-symbolic-construct-validation.v1-calibration,calibration,07dabc814e26f8ace0ae6cf86ab10cfd6558bc9f32d2f48a751c5694bf35381c,eac4823bf31745572c74e75b5f98978ed84471f5e602e2ce1076e0e43fcf366e,ALEA,scheduled,0571e255ca5409d5fdc04b8035b951573459282ac02764ce19e91c83d0ac159e,212aac92a1da8532e5972f40437fe5263d519fb358a0ec6fa63c804d134831ac,12,hidden_expected_reward,192,576,3,2.9583333333333335,3.0,1.0,3.0,0.24714777853100314,0.017836354558061585,3.0,3.0,0.963916597707066,exact-sign-median,3.501940922711103,4.049392723971171,Descriptive pooled summary: environment replicas are independent clusters; algorithm replicas are averaged within each environment cluster.
bounded-symbolic-construct-validation.v1-calibration,calibration,07dabc814e26f8ace0ae6cf86ab10cfd6558bc9f32d2f48a751c5694bf35381c,eac4823bf31745572c74e75b5f98978ed84471f5e602e2ce1076e0e43fcf366e,ALEA,scheduled,0571e255ca5409d5fdc04b8035b951573459282ac02764ce19e91c83d0ac159e,212aac92a1da8532e5972f40437fe5263d519fb358a0ec6fa63c804d134831ac,12,information.approximation_residual_nats,192,576,3,0.0,0.0,0.0,0.0,0.0,0.0,0.0,0.0,0.963916597707066,exact-sign-median,3.501940922711103,4.049392723971171,Descriptive pooled summary: environment replicas are independent clusters; algorithm replicas are averaged within each environment cluster.
bounded-symbolic-construct-validation.v1-calibration,calibration,07dabc814e26f8ace0ae6cf86ab10cfd6558bc9f32d2f48a751c5694bf35381c,eac4823bf31745572c74e75b5f98978ed84471f5e602e2ce1076e0e43fcf366e,ALEA,scheduled,0571e255ca5409d5fdc04b8035b951573459282ac02764ce19e91c83d0ac159e,212aac92a1da8532e5972f40437fe5263d519fb358a0ec6fa63c804d134831ac,12,information.dynamic_state_nats,192,576,3,0.0,0.0,0.0,0.0,0.0,0.0,0.0,0.0,0.963916597707066,exact-sign-median,3.501940922711103,4.049392723971171,Descriptive pooled summary: environment replicas are independent clusters; algorithm replicas are averaged within each environment cluster.
bounded-symbolic-construct-validation.v1-calibration,calibration,07dabc814e26f8ace0ae6cf86ab10cfd6558bc9f32d2f48a751c5694bf35381c,eac4823bf31745572c74e75b5f98978ed84471f5e602e2ce1076e0e43fcf366e,ALEA,scheduled,0571e255ca5409d5fdc04b8035b951573459282ac02764ce19e91c83d0ac159e,212aac92a1da8532e5972f40437fe5263d519fb358a0ec6fa63c804d134831ac,12,information.persistent_distractor_nats,192,576,3,0.0,0.0,0.0,0.0,0.0,0.0,0.0,0.0,0.963916597707066,exact-sign-median,3.501940922711103,4.049392723971171,Descriptive pooled summary: environment replicas are independent clusters; algorithm replicas are averaged within each environment cluster.
bounded-symbolic-construct-validation.v1-calibration,calibration,07dabc814e26f8ace0ae6cf86ab10cfd6558bc9f32d2f48a751c5694bf35381c,eac4823bf31745572c74e75b5f98978ed84471f5e602e2ce1076e0e43fcf366e,ALEA,scheduled,0571e255ca5409d5fdc04b8035b951573459282ac02764ce19e91c83d0ac159e,212aac92a1da8532e5972f40437fe5263d519fb358a0ec6fa63c804d134831ac,12,information.reward_relevant_nats,192,576,3,4.1088424145927,4.156537342945196,2.7703230468008435,4.158642888433059,0.15396586148648045,0.011111528946904016,4.14721871410821,4.156537342945196,0.963916597707066,exact-sign-median,3.501940922711103,4.049392723971171,Descriptive pooled summary: environment replicas are independent clusters; algorithm replicas are averaged within each environment cluster.
bounded-symbolic-construct-validation.v1-calibration,calibration,07dabc814e26f8ace0ae6cf86ab10cfd6558bc9f32d2f48a751c5694bf35381c,eac4823bf31745572c74e75b5f98978ed84471f5e602e2ce1076e0e43fcf366e,ALEA,scheduled,0571e255ca5409d5fdc04b8035b951573459282ac02764ce19e91c83d0ac159e,212aac92a1da8532e5972f40437fe5263d519fb358a0ec6fa63c804d134831ac,12,information.shared_core_nats,192,576,3,0.0,0.0,0.0,0.0,0.0,0.0,0.0,0.0,0.963916597707066,exact-sign-median,3.501940922711103,4.049392723971171,Descriptive pooled summary: environment replicas are independent clusters; algorithm replicas are averaged within each environment cluster.
bounded-symbolic-construct-validation.v1-calibration,calibration,07dabc814e26f8ace0ae6cf86ab10cfd6558bc9f32d2f48a751c5694bf35381c,eac4823bf31745572c74e75b5f98978ed84471f5e602e2ce1076e0e43fcf366e,ALEA,scheduled,0571e255ca5409d5fdc04b8035b951573459282ac02764ce19e91c83d0ac159e,212aac92a1da8532e5972f40437fe5263d519fb358a0ec6fa63c804d134831ac,12,information.total_acquired_nats,192,576,3,4.1088424145927,4.156537342945196,2.7703230468008435,4.158642888433059,0.15396586148648042,0.011111528946904014,4.147218714108211,4.156537342945196,0.963916597707066,exact-sign-median,3.501940922711103,4.049392723971171,Descriptive pooled summary: environment replicas are independent clusters; algorithm replicas are averaged within each environment cluster.
bounded-symbolic-construct-validation.v1-calibration,calibration,07dabc814e26f8ace0ae6cf86ab10cfd6558bc9f32d2f48a751c5694bf35381c,eac4823bf31745572c74e75b5f98978ed84471f5e602e2ce1076e0e43fcf366e,ALEA,scheduled,0571e255ca5409d5fdc04b8035b951573459282ac02764ce19e91c83d0ac159e,212aac92a1da8532e5972f40437fe5263d519fb358a0ec6fa63c804d134831ac,12,novelty.aleatoric_observation_novelty,192,576,3,0.8447627314814815,0.8333333333333334,0.5833333333333334,1.0,0.08561673827511575,0.0061788558612844765,0.8333333333333334,0.8333333333333334,0.963916597707066,exact-sign-median,3.501940922711103,4.049392723971171,Descriptive pooled summary: environment replicas are independent clusters; algorithm replicas are averaged within each environment cluster.
bounded-symbolic-construct-validation.v1-calibration,calibration,07dabc814e26f8ace0ae6cf86ab10cfd6558bc9f32d2f48a751c5694bf35381c,eac4823bf31745572c74e75b5f98978ed84471f5e602e2ce1076e0e43fcf366e,ALEA,scheduled,0571e255ca5409d5fdc04b8035b951573459282ac02764ce19e91c83d0ac159e,212aac92a1da8532e5972f40437fe5263d519fb358a0ec6fa63c804d134831ac,12,novelty.behavioral_novelty,192,576,3,0.9930555555555555,1.0,0.6666666666666666,1.0,0.04773317993742029,0.0034448455357683062,1.0,1.0,0.963916597707066,exact-sign-median,3.501940922711103,4.049392723971171,Descriptive pooled summary: environment replicas are independent clusters; algorithm replicas are averaged within each environment cluster.
bounded-symbolic-construct-validation.v1-calibration,calibration,07dabc814e26f8ace0ae6cf86ab10cfd6558bc9f32d2f48a751c5694bf35381c,eac4823bf31745572c74e75b5f98978ed84471f5e602e2ce1076e0e43fcf366e,ALEA,scheduled,0571e255ca5409d5fdc04b8035b951573459282ac02764ce19e91c83d0ac159e,212aac92a1da8532e5972f40437fe5263d519fb358a0ec6fa63c804d134831ac,12,novelty.compression_improvement,192,576,3,4.1088424145927,4.156537342945196,2.7703230468008435,4.158642888433059,0.15396586148648042,0.011111528946904014,4.147218714108211,4.156537342945196,0.963916597707066,exact-sign-median,3.501940922711103,4.049392723971171,Descriptive pooled summary: environment replicas are independent clusters; algorithm replicas are averaged within each environment cluster.
bounded-symbolic-construct-validation.v1-calibration,calibration,07dabc814e26f8ace0ae6cf86ab10cfd6558bc9f32d2f48a751c5694bf35381c,eac4823bf31745572c74e75b5f98978ed84471f5e602e2ce1076e0e43fcf366e,ALEA,scheduled,0571e255ca5409d5fdc04b8035b951573459282ac02764ce19e91c83d0ac159e,212aac92a1da8532e5972f40437fe5263d519fb358a0ec6fa63c804d134831ac,12,novelty.count_novelty,192,576,3,0.25,0.25,0.25,0.25,0.0,0.0,0.25,0.25,0.963916597707066,exact-sign-median,3.501940922711103,4.049392723971171,Descriptive pooled summary: environment replicas are independent clusters; algorithm replicas are averaged within each environment cluster.
bounded-symbolic-construct-validation.v1-calibration,calibration,07dabc814e26f8ace0ae6cf86ab10cfd6558bc9f32d2f48a751c5694bf35381c,eac4823bf31745572c74e75b5f98978ed84471f5e602e2ce1076e0e43fcf366e,ALEA,scheduled,0571e255ca5409d5fdc04b8035b951573459282ac02764ce19e91c83d0ac159e,212aac92a1da8532e5972f40437fe5263d519fb358a0ec6fa63c804d134831ac,12,novelty.latent_visitation_novelty,192,576,3,1.0,1.0,1.0,1.0,0.0,0.0,1.0,1.0,0.963916597707066,exact-sign-median,3.501940922711103,4.049392723971171,Descriptive pooled summary: environment replicas are independent clusters; algorithm replicas are averaged within each environment cluster.
bounded-symbolic-construct-validation.v1-calibration,calibration,07dabc814e26f8ace0ae6cf86ab10cfd6558bc9f32d2f48a751c5694bf35381c,eac4823bf31745572c74e75b5f98978ed84471f5e602e2ce1076e0e43fcf366e,ALEA,scheduled,0571e255ca5409d5fdc04b8035b951573459282ac02764ce19e91c83d0ac159e,212aac92a1da8532e5972f40437fe5263d519fb358a0ec6fa63c804d134831ac,12,novelty.observation_prediction_error,192,576,3,0.9785402161456854,0.9777479694535266,0.9776589894749201,0.9842504886179245,0.0011370705725378904,8.206100014279411e-05,0.9777449930121165,0.9789045180413906,0.963916597707066,exact-sign-median,3.501940922711103,4.049392723971171,Descriptive pooled summary: environment replicas are independent clusters; algorithm replicas are averaged within each environment cluster.
bounded-symbolic-construct-validation.v1-calibration,calibration,07dabc814e26f8ace0ae6cf86ab10cfd6558bc9f32d2f48a751c5694bf35381c,eac4823bf31745572c74e75b5f98978ed84471f5e602e2ce1076e0e43fcf366e,ALEA,scheduled,0571e255ca5409d5fdc04b8035b951573459282ac02764ce19e91c83d0ac159e,212aac92a1da8532e5972f40437fe5263d519fb358a0ec6fa63c804d134831ac,12,novelty.persistent_trivia_novelty,192,576,3,0.0,0.0,0.0,0.0,0.0,0.0,0.0,0.0,0.963916597707066,exact-sign-median,3.501940922711103,4.049392723971171,Descriptive pooled summary: environment replicas are independent clusters; algorithm replicas are averaged within each environment cluster.
bounded-symbolic-construct-validation.v1-calibration,calibration,07dabc814e26f8ace0ae6cf86ab10cfd6558bc9f32d2f48a751c5694bf35381c,eac4823bf31745572c74e75b5f98978ed84471f5e602e2ce1076e0e43fcf366e,ALEA,scheduled,0571e255ca5409d5fdc04b8035b951573459282ac02764ce19e91c83d0ac159e,212aac92a1da8532e5972f40437fe5263d519fb358a0ec6fa63c804d134831ac,12,public_reward,192,576,3,0.0,0.0,0.0,0.0,0.0,0.0,0.0,0.0,0.963916597707066,exact-sign-median,3.501940922711103,4.049392723971171,Descriptive pooled summary: environment replicas are independent clusters; algorithm replicas are averaged within each environment cluster.
bounded-symbolic-construct-validation.v1-calibration,calibration,07dabc814e26f8ace0ae6cf86ab10cfd6558bc9f32d2f48a751c5694bf35381c,eac4823bf31745572c74e75b5f98978ed84471f5e602e2ce1076e0e43fcf366e,ALEA,scheduled,0571e255ca5409d5fdc04b8035b951573459282ac02764ce19e91c83d0ac159e,212aac92a1da8532e5972f40437fe5263d519fb358a0ec6fa63c804d134831ac,12,relevant_information_nats,192,576,3,4.1088424145927,4.156537342945196,2.7703230468008435,4.158642888433059,0.15396586148648045,0.011111528946904016,4.14721871410821,4.156537342945196,0.963916597707066,exact-sign-median,3.501940922711103,4.049392723971171,Descriptive pooled summary: environment replicas are independent clusters; algorithm replicas are averaged within each environment cluster.
bounded-symbolic-construct-validation.v1-calibration,calibration,07dabc814e26f8ace0ae6cf86ab10cfd6558bc9f32d2f48a751c5694bf35381c,eac4823bf31745572c74e75b5f98978ed84471f5e602e2ce1076e0e43fcf366e,ALEA,scheduled,0571e255ca5409d5fdc04b8035b951573459282ac02764ce19e91c83d0ac159e,212aac92a1da8532e5972f40437fe5263d519fb358a0ec6fa63c804d134831ac,12,support.abstentions,192,576,3,0.020833333333333332,0.0,0.0,1.0,0.14319953981226086,0.010334536607304918,0.0,0.0,0.963916597707066,exact-sign-median,3.501940922711103,4.049392723971171,Descriptive pooled summary: environment replicas are independent clusters; algorithm replicas are averaged within each environment cluster.
bounded-symbolic-construct-validation.v1-calibration,calibration,07dabc814e26f8ace0ae6cf86ab10cfd6558bc9f32d2f48a751c5694bf35381c,eac4823bf31745572c74e75b5f98978ed84471f5e602e2ce1076e0e43fcf366e,ALEA,scheduled,0571e255ca5409d5fdc04b8035b951573459282ac02764ce19e91c83d0ac159e,212aac92a1da8532e5972f40437fe5263d519fb358a0ec6fa63c804d134831ac,12,support.correct_deployments,192,576,3,2.96875,3.0,2.0,3.0,0.17444751982408596,0.012589665316237326,3.0,3.0,0.963916597707066,exact-sign-median,3.501940922711103,4.049392723971171,Descriptive pooled summary: environment replicas are independent clusters; algorithm replicas are averaged within each environment cluster.
bounded-symbolic-construct-validation.v1-calibration,calibration,07dabc814e26f8ace0ae6cf86ab10cfd6558bc9f32d2f48a751c5694bf35381c,eac4823bf31745572c74e75b5f98978ed84471f5e602e2ce1076e0e43fcf366e,ALEA,scheduled,0571e255ca5409d5fdc04b8035b951573459282ac02764ce19e91c83d0ac159e,212aac92a1da8532e5972f40437fe5263d519fb358a0ec6fa63c804d134831ac,12,support.deployment_support,192,576,3,2.9791666666666665,3.0,2.0,3.0,0.14319953981226086,0.010334536607304918,3.0,3.0,0.963916597707066,exact-sign-median,3.501940922711103,4.049392723971171,Descriptive pooled summary: environment replicas are independent clusters; algorithm replicas are averaged within each environment cluster.
bounded-symbolic-construct-validation.v1-calibration,calibration,07dabc814e26f8ace0ae6cf86ab10cfd6558bc9f32d2f48a751c5694bf35381c,eac4823bf31745572c74e75b5f98978ed84471f5e602e2ce1076e0e43fcf366e,ALEA,scheduled,0571e255ca5409d5fdc04b8035b951573459282ac02764ce19e91c83d0ac159e,212aac92a1da8532e5972f40437fe5263d519fb358a0ec6fa63c804d134831ac,12,support.incorrect_deployments,192,576,3,0.010416666666666666,0.0,0.0,1.0,0.10179454378723674,0.007346388407199535,0.0,0.0,0.963916597707066,exact-sign-median,3.501940922711103,4.049392723971171,Descriptive pooled summary: environment replicas are independent clusters; algorithm replicas are averaged within each environment cluster.
bounded-symbolic-construct-validation.v1-calibration,calibration,07dabc814e26f8ace0ae6cf86ab10cfd6558bc9f32d2f48a751c5694bf35381c,eac4823bf31745572c74e75b5f98978ed84471f5e602e2ce1076e0e43fcf366e,ALEA,scheduled,0571e255ca5409d5fdc04b8035b951573459282ac02764ce19e91c83d0ac159e,212aac92a1da8532e5972f40437fe5263d519fb358a0ec6fa63c804d134831ac,12,support.mastered_independent_rules,192,576,3,2.96875,3.0,2.0,3.0,0.17444751982408596,0.012589665316237326,3.0,3.0,0.963916597707066,exact-sign-median,3.501940922711103,4.049392723971171,Descriptive pooled summary: environment replicas are independent clusters; algorithm replicas are averaged within each environment cluster.
bounded-symbolic-construct-validation.v1-calibration,calibration,07dabc814e26f8ace0ae6cf86ab10cfd6558bc9f32d2f48a751c5694bf35381c,eac4823bf31745572c74e75b5f98978ed84471f5e602e2ce1076e0e43fcf366e,ALEA,scheduled,0571e255ca5409d5fdc04b8035b951573459282ac02764ce19e91c83d0ac159e,212aac92a1da8532e5972f40437fe5263d519fb358a0ec6fa63c804d134831ac,12,total_information_nats,192,576,3,4.1088424145927,4.156537342945196,2.7703230468008435,4.158642888433059,0.15396586148648042,0.011111528946904014,4.147218714108211,4.156537342945196,0.963916597707066,exact-sign-median,3.501940922711103,4.049392723971171,Descriptive pooled summary: environment replicas are independent clusters; algorithm replicas are averaged within each environment cluster.
bounded-symbolic-construct-validation.v1-calibration,calibration,07dabc814e26f8ace0ae6cf86ab10cfd6558bc9f32d2f48a751c5694bf35381c,eac4823bf31745572c74e75b5f98978ed84471f5e602e2ce1076e0e43fcf366e,ALEA,reward,0571e255ca5409d5fdc04b8035b951573459282ac02764ce19e91c83d0ac159e,57ca2562042148839b133aec8c82c555375df8c666bac3d5b85a10d89f557416,12,compute.deployment_evaluations,192,576,3,1.0,1.0,1.0,1.0,0.0,0.0,1.0,1.0,0.963916597707066,exact-sign-median,3.501940922711103,4.0722032155104415,Descriptive pooled summary: environment replicas are independent clusters; algorithm replicas are averaged within each environment cluster.
bounded-symbolic-construct-validation.v1-calibration,calibration,07dabc814e26f8ace0ae6cf86ab10cfd6558bc9f32d2f48a751c5694bf35381c,eac4823bf31745572c74e75b5f98978ed84471f5e602e2ce1076e0e43fcf366e,ALEA,reward,0571e255ca5409d5fdc04b8035b951573459282ac02764ce19e91c83d0ac159e,57ca2562042148839b133aec8c82c555375df8c666bac3d5b85a10d89f557416,12,compute.environment_steps,192,576,3,12.0,12.0,12.0,12.0,0.0,0.0,12.0,12.0,0.963916597707066,exact-sign-median,3.501940922711103,4.0722032155104415,Descriptive pooled summary: environment replicas are independent clusters; algorithm replicas are averaged within each environment cluster.
bounded-symbolic-construct-validation.v1-calibration,calibration,07dabc814e26f8ace0ae6cf86ab10cfd6558bc9f32d2f48a751c5694bf35381c,eac4823bf31745572c74e75b5f98978ed84471f5e602e2ce1076e0e43fcf366e,ALEA,reward,0571e255ca5409d5fdc04b8035b951573459282ac02764ce19e91c83d0ac159e,57ca2562042148839b133aec8c82c555375df8c666bac3d5b85a10d89f557416,12,compute.frontier_solver_calls,192,576,3,13.0,13.0,13.0,13.0,0.0,0.0,13.0,13.0,0.963916597707066,exact-sign-median,3.501940922711103,4.0722032155104415,Descriptive pooled summary: environment replicas are independent clusters; algorithm replicas are averaged within each environment cluster.
bounded-symbolic-construct-validation.v1-calibration,calibration,07dabc814e26f8ace0ae6cf86ab10cfd6558bc9f32d2f48a751c5694bf35381c,eac4823bf31745572c74e75b5f98978ed84471f5e602e2ce1076e0e43fcf366e,ALEA,reward,0571e255ca5409d5fdc04b8035b951573459282ac02764ce19e91c83d0ac159e,57ca2562042148839b133aec8c82c555375df8c666bac3d5b85a10d89f557416,12,compute.posterior_updates,192,576,3,7.484375,7.0,6.0,12.0,1.7601328227751323,0.1270266448798398,6.0,7.333333333333333,0.963916597707066,exact-sign-median,3.501940922711103,4.0722032155104415,Descriptive pooled summary: environment replicas are independent clusters; algorithm replicas are averaged within each environment cluster.
bounded-symbolic-construct-validation.v1-calibration,calibration,07dabc814e26f8ace0ae6cf86ab10cfd6558bc9f32d2f48a751c5694bf35381c,eac4823bf31745572c74e75b5f98978ed84471f5e602e2ce1076e0e43fcf366e,ALEA,reward,0571e255ca5409d5fdc04b8035b951573459282ac02764ce19e91c83d0ac159e,57ca2562042148839b133aec8c82c555375df8c666bac3d5b85a10d89f557416,12,compute.queries,192,576,3,7.484375,7.0,6.0,12.0,1.7601328227751323,0.1270266448798398,6.0,7.333333333333333,0.963916597707066,exact-sign-median,3.501940922711103,4.0722032155104415,Descriptive pooled summary: environment replicas are independent clusters; algorithm replicas are averaged within each environment cluster.
bounded-symbolic-construct-validation.v1-calibration,calibration,07dabc814e26f8ace0ae6cf86ab10cfd6558bc9f32d2f48a751c5694bf35381c,eac4823bf31745572c74e75b5f98978ed84471f5e602e2ce1076e0e43fcf366e,ALEA,reward,0571e255ca5409d5fdc04b8035b951573459282ac02764ce19e91c83d0ac159e,57ca2562042148839b133aec8c82c555375df8c666bac3d5b85a10d89f557416,12,distractor_information_nats,192,576,3,0.0,0.0,0.0,0.0,0.0,0.0,0.0,0.0,0.963916597707066,exact-sign-median,3.501940922711103,4.0722032155104415,Descriptive pooled summary: environment replicas are independent clusters; algorithm replicas are averaged within each environment cluster.
bounded-symbolic-construct-validation.v1-calibration,calibration,07dabc814e26f8ace0ae6cf86ab10cfd6558bc9f32d2f48a751c5694bf35381c,eac4823bf31745572c74e75b5f98978ed84471f5e602e2ce1076e0e43fcf366e,ALEA,reward,0571e255ca5409d5fdc04b8035b951573459282ac02764ce19e91c83d0ac159e,57ca2562042148839b133aec8c82c555375df8c666bac3d5b85a10d89f557416,12,expected_reward,192,576,3,2.967013888888889,3.0,1.6666666666666667,3.0,0.17906711860333843,0.012923056141081012,3.0,3.0,0.963916597707066,exact-sign-median,3.501940922711103,4.0722032155104415,Descriptive pooled summary: environment replicas are independent clusters; algorithm replicas are averaged within each environment cluster.
bounded-symbolic-construct-validation.v1-calibration,calibration,07dabc814e26f8ace0ae6cf86ab10cfd6558bc9f32d2f48a751c5694bf35381c,eac4823bf31745572c74e75b5f98978ed84471f5e602e2ce1076e0e43fcf366e,ALEA,reward,0571e255ca5409d5fdc04b8035b951573459282ac02764ce19e91c83d0ac159e,57ca2562042148839b133aec8c82c555375df8c666bac3d5b85a10d89f557416,12,hidden_expected_reward,192,576,3,2.967013888888889,3.0,1.6666666666666667,3.0,0.17906711860333843,0.012923056141081012,3.0,3.0,0.963916597707066,exact-sign-median,3.501940922711103,4.0722032155104415,Descriptive pooled summary: environment replicas are independent clusters; algorithm replicas are averaged within each environment cluster.
bounded-symbolic-construct-validation.v1-calibration,calibration,07dabc814e26f8ace0ae6cf86ab10cfd6558bc9f32d2f48a751c5694bf35381c,eac4823bf31745572c74e75b5f98978ed84471f5e602e2ce1076e0e43fcf366e,ALEA,reward,0571e255ca5409d5fdc04b8035b951573459282ac02764ce19e91c83d0ac159e,57ca2562042148839b133aec8c82c555375df8c666bac3d5b85a10d89f557416,12,information.approximation_residual_nats,192,576,3,0.0,0.0,0.0,0.0,0.0,0.0,0.0,0.0,0.963916597707066,exact-sign-median,3.501940922711103,4.0722032155104415,Descriptive pooled summary: environment replicas are independent clusters; algorithm replicas are averaged within each environment cluster.
bounded-symbolic-construct-validation.v1-calibration,calibration,07dabc814e26f8ace0ae6cf86ab10cfd6558bc9f32d2f48a751c5694bf35381c,eac4823bf31745572c74e75b5f98978ed84471f5e602e2ce1076e0e43fcf366e,ALEA,reward,0571e255ca5409d5fdc04b8035b951573459282ac02764ce19e91c83d0ac159e,57ca2562042148839b133aec8c82c555375df8c666bac3d5b85a10d89f557416,12,information.dynamic_state_nats,192,576,3,0.0,0.0,0.0,0.0,0.0,0.0,0.0,0.0,0.963916597707066,exact-sign-median,3.501940922711103,4.0722032155104415,Descriptive pooled summary: environment replicas are independent clusters; algorithm replicas are averaged within each environment cluster.
bounded-symbolic-construct-validation.v1-calibration,calibration,07dabc814e26f8ace0ae6cf86ab10cfd6558bc9f32d2f48a751c5694bf35381c,eac4823bf31745572c74e75b5f98978ed84471f5e602e2ce1076e0e43fcf366e,ALEA,reward,0571e255ca5409d5fdc04b8035b951573459282ac02764ce19e91c83d0ac159e,57ca2562042148839b133aec8c82c555375df8c666bac3d5b85a10d89f557416,12,information.persistent_distractor_nats,192,576,3,0.0,0.0,0.0,0.0,0.0,0.0,0.0,0.0,0.963916597707066,exact-sign-median,3.501940922711103,4.0722032155104415,Descriptive pooled summary: environment replicas are independent clusters; algorithm replicas are averaged within each environment cluster.
bounded-symbolic-construct-validation.v1-calibration,calibration,07dabc814e26f8ace0ae6cf86ab10cfd6558bc9f32d2f48a751c5694bf35381c,eac4823bf31745572c74e75b5f98978ed84471f5e602e2ce1076e0e43fcf366e,ALEA,reward,0571e255ca5409d5fdc04b8035b951573459282ac02764ce19e91c83d0ac159e,57ca2562042148839b133aec8c82c555375df8c666bac3d5b85a10d89f557416,12,information.reward_relevant_nats,192,576,3,4.0734313401771125,4.072056768309204,3.7000678047674014,4.115124143556708,0.030440532881743605,0.0021968562316937905,4.06551756866554,4.078595967952867,0.963916597707066,exact-sign-median,3.501940922711103,4.0722032155104415,Descriptive pooled summary: environment replicas are independent clusters; algorithm replicas are averaged within each environment cluster.
bounded-symbolic-construct-validation.v1-calibration,calibration,07dabc814e26f8ace0ae6cf86ab10cfd6558bc9f32d2f48a751c5694bf35381c,eac4823bf31745572c74e75b5f98978ed84471f5e602e2ce1076e0e43fcf366e,ALEA,reward,0571e255ca5409d5fdc04b8035b951573459282ac02764ce19e91c83d0ac159e,57ca2562042148839b133aec8c82c555375df8c666bac3d5b85a10d89f557416,12,information.shared_core_nats,192,576,3,0.0,0.0,0.0,0.0,0.0,0.0,0.0,0.0,0.963916597707066,exact-sign-median,3.501940922711103,4.0722032155104415,Descriptive pooled summary: environment replicas are independent clusters; algorithm replicas are averaged within each environment cluster.
bounded-symbolic-construct-validation.v1-calibration,calibration,07dabc814e26f8ace0ae6cf86ab10cfd6558bc9f32d2f48a751c5694bf35381c,eac4823bf31745572c74e75b5f98978ed84471f5e602e2ce1076e0e43fcf366e,ALEA,reward,0571e255ca5409d5fdc04b8035b951573459282ac02764ce19e91c83d0ac159e,57ca2562042148839b133aec8c82c555375df8c666bac3d5b85a10d89f557416,12,information.total_acquired_nats,192,576,3,4.0734313401771125,4.072056768309204,3.7000678047674014,4.115124143556708,0.03044053288174374,0.0021968562316938005,4.065517568665539,4.078595967952867,0.963916597707066,exact-sign-median,3.501940922711103,4.0722032155104415,Descriptive pooled summary: environment replicas are independent clusters; algorithm replicas are averaged within each environment cluster.
bounded-symbolic-construct-validation.v1-calibration,calibration,07dabc814e26f8ace0ae6cf86ab10cfd6558bc9f32d2f48a751c5694bf35381c,eac4823bf31745572c74e75b5f98978ed84471f5e602e2ce1076e0e43fcf366e,ALEA,reward,0571e255ca5409d5fdc04b8035b951573459282ac02764ce19e91c83d0ac159e,57ca2562042148839b133aec8c82c555375df8c666bac3d5b85a10d89f557416,12,novelty.aleatoric_observation_novelty,192,576,3,0.9003866792929293,0.8958333333333333,0.611111111111111,1.0,0.08575516828744965,0.00618884618689509,0.888888888888889,0.9393939393939394,0.963916597707066,exact-sign-median,3.501940922711103,4.0722032155104415,Descriptive pooled summary: environment replicas are independent clusters; algorithm replicas are averaged within each environment cluster.
bounded-symbolic-construct-validation.v1-calibration,calibration,07dabc814e26f8ace0ae6cf86ab10cfd6558bc9f32d2f48a751c5694bf35381c,eac4823bf31745572c74e75b5f98978ed84471f5e602e2ce1076e0e43fcf366e,ALEA,reward,0571e255ca5409d5fdc04b8035b951573459282ac02764ce19e91c83d0ac159e,57ca2562042148839b133aec8c82c555375df8c666bac3d5b85a10d89f557416,12,novelty.behavioral_novelty,192,576,3,0.9994212962962963,1.0,0.8888888888888888,1.0,0.008018753738744807,0.0005787037037037041,1.0,1.0,0.963916597707066,exact-sign-median,3.501940922711103,4.0722032155104415,Descriptive pooled summary: environment replicas are independent clusters; algorithm replicas are averaged within each environment cluster.
bounded-symbolic-construct-validation.v1-calibration,calibration,07dabc814e26f8ace0ae6cf86ab10cfd6558bc9f32d2f48a751c5694bf35381c,eac4823bf31745572c74e75b5f98978ed84471f5e602e2ce1076e0e43fcf366e,ALEA,reward,0571e255ca5409d5fdc04b8035b951573459282ac02764ce19e91c83d0ac159e,57ca2562042148839b133aec8c82c555375df8c666bac3d5b85a10d89f557416,12,novelty.compression_improvement,192,576,3,4.0734313401771125,4.072056768309204,3.7000678047674014,4.115124143556708,0.03044053288174374,0.0021968562316938005,4.065517568665539,4.078595967952867,0.963916597707066,exact-sign-median,3.501940922711103,4.0722032155104415,Descriptive pooled summary: environment replicas are independent clusters; algorithm replicas are averaged within each environment cluster.
bounded-symbolic-construct-validation.v1-calibration,calibration,07dabc814e26f8ace0ae6cf86ab10cfd6558bc9f32d2f48a751c5694bf35381c,eac4823bf31745572c74e75b5f98978ed84471f5e602e2ce1076e0e43fcf366e,ALEA,reward,0571e255ca5409d5fdc04b8035b951573459282ac02764ce19e91c83d0ac159e,57ca2562042148839b133aec8c82c555375df8c666bac3d5b85a10d89f557416,12,novelty.count_novelty,192,576,3,0.4236545138888889,0.4458333333333333,0.25,0.5,0.08291348830043177,0.005983765598713146,0.4166666666666667,0.5,0.963916597707066,exact-sign-median,3.501940922711103,4.0722032155104415,Descriptive pooled summary: environment replicas are independent clusters; algorithm replicas are averaged within each environment cluster.
bounded-symbolic-construct-validation.v1-calibration,calibration,07dabc814e26f8ace0ae6cf86ab10cfd6558bc9f32d2f48a751c5694bf35381c,eac4823bf31745572c74e75b5f98978ed84471f5e602e2ce1076e0e43fcf366e,ALEA,reward,0571e255ca5409d5fdc04b8035b951573459282ac02764ce19e91c83d0ac159e,57ca2562042148839b133aec8c82c555375df8c666bac3d5b85a10d89f557416,12,novelty.latent_visitation_novelty,192,576,3,1.0,1.0,1.0,1.0,0.0,0.0,1.0,1.0,0.963916597707066,exact-sign-median,3.501940922711103,4.0722032155104415,Descriptive pooled summary: environment replicas are independent clusters; algorithm replicas are averaged within each environment cluster.
bounded-symbolic-construct-validation.v1-calibration,calibration,07dabc814e26f8ace0ae6cf86ab10cfd6558bc9f32d2f48a751c5694bf35381c,eac4823bf31745572c74e75b5f98978ed84471f5e602e2ce1076e0e43fcf366e,ALEA,reward,0571e255ca5409d5fdc04b8035b951573459282ac02764ce19e91c83d0ac159e,57ca2562042148839b133aec8c82c555375df8c666bac3d5b85a10d89f557416,12,novelty.observation_prediction_error,192,576,3,0.9827406337947117,0.9830537764179441,0.9797934046586673,0.9833854166666667,0.0007956476422663431,5.742092255532054e-05,0.9827221361692214,0.9833854166666667,0.963916597707066,exact-sign-median,3.501940922711103,4.0722032155104415,Descriptive pooled summary: environment replicas are independent clusters; algorithm replicas are averaged within each environment cluster.
bounded-symbolic-construct-validation.v1-calibration,calibration,07dabc814e26f8ace0ae6cf86ab10cfd6558bc9f32d2f48a751c5694bf35381c,eac4823bf31745572c74e75b5f98978ed84471f5e602e2ce1076e0e43fcf366e,ALEA,reward,0571e255ca5409d5fdc04b8035b951573459282ac02764ce19e91c83d0ac159e,57ca2562042148839b133aec8c82c555375df8c666bac3d5b85a10d89f557416,12,novelty.persistent_trivia_novelty,192,576,3,0.0,0.0,0.0,0.0,0.0,0.0,0.0,0.0,0.963916597707066,exact-sign-median,3.501940922711103,4.0722032155104415,Descriptive pooled summary: environment replicas are independent clusters; algorithm replicas are averaged within each environment cluster.
bounded-symbolic-construct-validation.v1-calibration,calibration,07dabc814e26f8ace0ae6cf86ab10cfd6558bc9f32d2f48a751c5694bf35381c,eac4823bf31745572c74e75b5f98978ed84471f5e602e2ce1076e0e43fcf366e,ALEA,reward,0571e255ca5409d5fdc04b8035b951573459282ac02764ce19e91c83d0ac159e,57ca2562042148839b133aec8c82c555375df8c666bac3d5b85a10d89f557416,12,public_reward,192,576,3,0.0,0.0,0.0,0.0,0.0,0.0,0.0,0.0,0.963916597707066,exact-sign-median,3.501940922711103,4.0722032155104415,Descriptive pooled summary: environment replicas are independent clusters; algorithm replicas are averaged within each environment cluster.
bounded-symbolic-construct-validation.v1-calibration,calibration,07dabc814e26f8ace0ae6cf86ab10cfd6558bc9f32d2f48a751c5694bf35381c,eac4823bf31745572c74e75b5f98978ed84471f5e602e2ce1076e0e43fcf366e,ALEA,reward,0571e255ca5409d5fdc04b8035b951573459282ac02764ce19e91c83d0ac159e,57ca2562042148839b133aec8c82c555375df8c666bac3d5b85a10d89f557416,12,relevant_information_nats,192,576,3,4.0734313401771125,4.072056768309204,3.7000678047674014,4.115124143556708,0.030440532881743605,0.0021968562316937905,4.06551756866554,4.078595967952867,0.963916597707066,exact-sign-median,3.501940922711103,4.0722032155104415,Descriptive pooled summary: environment replicas are independent clusters; algorithm replicas are averaged within each environment cluster.
bounded-symbolic-construct-validation.v1-calibration,calibration,07dabc814e26f8ace0ae6cf86ab10cfd6558bc9f32d2f48a751c5694bf35381c,eac4823bf31745572c74e75b5f98978ed84471f5e602e2ce1076e0e43fcf366e,ALEA,reward,0571e255ca5409d5fdc04b8035b951573459282ac02764ce19e91c83d0ac159e,57ca2562042148839b133aec8c82c555375df8c666bac3d5b85a10d89f557416,12,support.abstentions,192,576,3,0.001736111111111111,0.0,0.0,0.3333333333333333,0.024056261216234404,0.001736111111111111,0.0,0.0,0.963916597707066,exact-sign-median,3.501940922711103,4.0722032155104415,Descriptive pooled summary: environment replicas are independent clusters; algorithm replicas are averaged within each environment cluster.
bounded-symbolic-construct-validation.v1-calibration,calibration,07dabc814e26f8ace0ae6cf86ab10cfd6558bc9f32d2f48a751c5694bf35381c,eac4823bf31745572c74e75b5f98978ed84471f5e602e2ce1076e0e43fcf366e,ALEA,reward,0571e255ca5409d5fdc04b8035b951573459282ac02764ce19e91c83d0ac159e,57ca2562042148839b133aec8c82c555375df8c666bac3d5b85a10d89f557416,12,support.correct_deployments,192,576,3,2.982638888888889,3.0,2.3333333333333335,3.0,0.0948933655432378,0.0068483387675872375,3.0,3.0,0.963916597707066,exact-sign-median,3.501940922711103,4.0722032155104415,Descriptive pooled summary: environment replicas are independent clusters; algorithm replicas are averaged within each environment cluster.
bounded-symbolic-construct-validation.v1-calibration,calibration,07dabc814e26f8ace0ae6cf86ab10cfd6558bc9f32d2f48a751c5694bf35381c,eac4823bf31745572c74e75b5f98978ed84471f5e602e2ce1076e0e43fcf366e,ALEA,reward,0571e255ca5409d5fdc04b8035b951573459282ac02764ce19e91c83d0ac159e,57ca2562042148839b133aec8c82c555375df8c666bac3d5b85a10d89f557416,12,support.deployment_support,192,576,3,2.998263888888889,3.0,2.6666666666666665,3.0,0.024056261216234418,0.001736111111111112,3.0,3.0,0.963916597707066,exact-sign-median,3.501940922711103,4.0722032155104415,Descriptive pooled summary: environment replicas are independent clusters; algorithm replicas are averaged within each environment cluster.
bounded-symbolic-construct-validation.v1-calibration,calibration,07dabc814e26f8ace0ae6cf86ab10cfd6558bc9f32d2f48a751c5694bf35381c,eac4823bf31745572c74e75b5f98978ed84471f5e602e2ce1076e0e43fcf366e,ALEA,reward,0571e255ca5409d5fdc04b8035b951573459282ac02764ce19e91c83d0ac159e,57ca2562042148839b133aec8c82c555375df8c666bac3d5b85a10d89f557416,12,support.incorrect_deployments,192,576,3,0.015625,0.0,0.0,0.6666666666666666,0.08554015145053424,0.0061733286833109136,0.0,0.0,0.963916597707066,exact-sign-median,3.501940922711103,4.0722032155104415,Descriptive pooled summary: environment replicas are independent clusters; algorithm replicas are averaged within each environment cluster.
bounded-symbolic-construct-validation.v1-calibration,calibration,07dabc814e26f8ace0ae6cf86ab10cfd6558bc9f32d2f48a751c5694bf35381c,eac4823bf31745572c74e75b5f98978ed84471f5e602e2ce1076e0e43fcf366e,ALEA,reward,0571e255ca5409d5fdc04b8035b951573459282ac02764ce19e91c83d0ac159e,57ca2562042148839b133aec8c82c555375df8c666bac3d5b85a10d89f557416,12,support.mastered_independent_rules,192,576,3,2.982638888888889,3.0,2.3333333333333335,3.0,0.0948933655432378,0.0068483387675872375,3.0,3.0,0.963916597707066,exact-sign-median,3.501940922711103,4.0722032155104415,Descriptive pooled summary: environment replicas are independent clusters; algorithm replicas are averaged within each environment cluster.
bounded-symbolic-construct-validation.v1-calibration,calibration,07dabc814e26f8ace0ae6cf86ab10cfd6558bc9f32d2f48a751c5694bf35381c,eac4823bf31745572c74e75b5f98978ed84471f5e602e2ce1076e0e43fcf366e,ALEA,reward,0571e255ca5409d5fdc04b8035b951573459282ac02764ce19e91c83d0ac159e,57ca2562042148839b133aec8c82c555375df8c666bac3d5b85a10d89f557416,12,total_information_nats,192,576,3,4.0734313401771125,4.072056768309204,3.7000678047674014,4.115124143556708,0.03044053288174374,0.0021968562316938005,4.065517568665539,4.078595967952867,0.963916597707066,exact-sign-median,3.501940922711103,4.0722032155104415,Descriptive pooled summary: environment replicas are independent clusters; algorithm replicas are averaged within each environment cluster.
bounded-symbolic-construct-validation.v1-calibration,calibration,07dabc814e26f8ace0ae6cf86ab10cfd6558bc9f32d2f48a751c5694bf35381c,eac4823bf31745572c74e75b5f98978ed84471f5e602e2ce1076e0e43fcf366e,ALEA,relevant-information,0571e255ca5409d5fdc04b8035b951573459282ac02764ce19e91c83d0ac159e,861f07a9aadf16023896b000a1054fb2060a2afb3cffe8500f5257b21f78c8d9,12,compute.deployment_evaluations,192,576,3,1.0,1.0,1.0,1.0,0.0,0.0,1.0,1.0,0.963916597707066,exact-sign-median,3.501940922711103,4.131510493512547,Descriptive pooled summary: environment replicas are independent clusters; algorithm replicas are averaged within each environment cluster.
bounded-symbolic-construct-validation.v1-calibration,calibration,07dabc814e26f8ace0ae6cf86ab10cfd6558bc9f32d2f48a751c5694bf35381c,eac4823bf31745572c74e75b5f98978ed84471f5e602e2ce1076e0e43fcf366e,ALEA,relevant-information,0571e255ca5409d5fdc04b8035b951573459282ac02764ce19e91c83d0ac159e,861f07a9aadf16023896b000a1054fb2060a2afb3cffe8500f5257b21f78c8d9,12,compute.environment_steps,192,576,3,12.0,12.0,12.0,12.0,0.0,0.0,12.0,12.0,0.963916597707066,exact-sign-median,3.501940922711103,4.131510493512547,Descriptive pooled summary: environment replicas are independent clusters; algorithm replicas are averaged within each environment cluster.
bounded-symbolic-construct-validation.v1-calibration,calibration,07dabc814e26f8ace0ae6cf86ab10cfd6558bc9f32d2f48a751c5694bf35381c,eac4823bf31745572c74e75b5f98978ed84471f5e602e2ce1076e0e43fcf366e,ALEA,relevant-information,0571e255ca5409d5fdc04b8035b951573459282ac02764ce19e91c83d0ac159e,861f07a9aadf16023896b000a1054fb2060a2afb3cffe8500f5257b21f78c8d9,12,compute.frontier_solver_calls,192,576,3,13.0,13.0,13.0,13.0,0.0,0.0,13.0,13.0,0.963916597707066,exact-sign-median,3.501940922711103,4.131510493512547,Descriptive pooled summary: environment replicas are independent clusters; algorithm replicas are averaged within each environment cluster.
bounded-symbolic-construct-validation.v1-calibration,calibration,07dabc814e26f8ace0ae6cf86ab10cfd6558bc9f32d2f48a751c5694bf35381c,eac4823bf31745572c74e75b5f98978ed84471f5e602e2ce1076e0e43fcf366e,ALEA,relevant-information,0571e255ca5409d5fdc04b8035b951573459282ac02764ce19e91c83d0ac159e,861f07a9aadf16023896b000a1054fb2060a2afb3cffe8500f5257b21f78c8d9,12,compute.posterior_updates,192,576,3,12.0,12.0,12.0,12.0,0.0,0.0,12.0,12.0,0.963916597707066,exact-sign-median,3.501940922711103,4.131510493512547,Descriptive pooled summary: environment replicas are independent clusters; algorithm replicas are averaged within each environment cluster.
bounded-symbolic-construct-validation.v1-calibration,calibration,07dabc814e26f8ace0ae6cf86ab10cfd6558bc9f32d2f48a751c5694bf35381c,eac4823bf31745572c74e75b5f98978ed84471f5e602e2ce1076e0e43fcf366e,ALEA,relevant-information,0571e255ca5409d5fdc04b8035b951573459282ac02764ce19e91c83d0ac159e,861f07a9aadf16023896b000a1054fb2060a2afb3cffe8500f5257b21f78c8d9,12,compute.queries,192,576,3,12.0,12.0,12.0,12.0,0.0,0.0,12.0,12.0,0.963916597707066,exact-sign-median,3.501940922711103,4.131510493512547,Descriptive pooled summary: environment replicas are independent clusters; algorithm replicas are averaged within each environment cluster.
bounded-symbolic-construct-validation.v1-calibration,calibration,07dabc814e26f8ace0ae6cf86ab10cfd6558bc9f32d2f48a751c5694bf35381c,eac4823bf31745572c74e75b5f98978ed84471f5e602e2ce1076e0e43fcf366e,ALEA,relevant-information,0571e255ca5409d5fdc04b8035b951573459282ac02764ce19e91c83d0ac159e,861f07a9aadf16023896b000a1054fb2060a2afb3cffe8500f5257b21f78c8d9,12,distractor_information_nats,192,576,3,0.0,0.0,0.0,0.0,0.0,0.0,0.0,0.0,0.963916597707066,exact-sign-median,3.501940922711103,4.131510493512547,Descriptive pooled summary: environment replicas are independent clusters; algorithm replicas are averaged within each environment cluster.
bounded-symbolic-construct-validation.v1-calibration,calibration,07dabc814e26f8ace0ae6cf86ab10cfd6558bc9f32d2f48a751c5694bf35381c,eac4823bf31745572c74e75b5f98978ed84471f5e602e2ce1076e0e43fcf366e,ALEA,relevant-information,0571e255ca5409d5fdc04b8035b951573459282ac02764ce19e91c83d0ac159e,861f07a9aadf16023896b000a1054fb2060a2afb3cffe8500f5257b21f78c8d9,12,expected_reward,192,576,3,2.9895833333333335,3.0,2.3333333333333335,3.0,0.0828958849925079,0.005982495189392087,3.0,3.0,0.963916597707066,exact-sign-median,3.501940922711103,4.131510493512547,Descriptive pooled summary: environment replicas are independent clusters; algorithm replicas are averaged within each environment cluster.
bounded-symbolic-construct-validation.v1-calibration,calibration,07dabc814e26f8ace0ae6cf86ab10cfd6558bc9f32d2f48a751c5694bf35381c,eac4823bf31745572c74e75b5f98978ed84471f5e602e2ce1076e0e43fcf366e,ALEA,relevant-information,0571e255ca5409d5fdc04b8035b951573459282ac02764ce19e91c83d0ac159e,861f07a9aadf16023896b000a1054fb2060a2afb3cffe8500f5257b21f78c8d9,12,hidden_expected_reward,192,576,3,2.9895833333333335,3.0,2.3333333333333335,3.0,0.0828958849925079,0.005982495189392087,3.0,3.0,0.963916597707066,exact-sign-median,3.501940922711103,4.131510493512547,Descriptive pooled summary: environment replicas are independent clusters; algorithm replicas are averaged within each environment cluster.
bounded-symbolic-construct-validation.v1-calibration,calibration,07dabc814e26f8ace0ae6cf86ab10cfd6558bc9f32d2f48a751c5694bf35381c,eac4823bf31745572c74e75b5f98978ed84471f5e602e2ce1076e0e43fcf366e,ALEA,relevant-information,0571e255ca5409d5fdc04b8035b951573459282ac02764ce19e91c83d0ac159e,861f07a9aadf16023896b000a1054fb2060a2afb3cffe8500f5257b21f78c8d9,12,information.approximation_residual_nats,192,576,3,0.0,0.0,0.0,0.0,0.0,0.0,0.0,0.0,0.963916597707066,exact-sign-median,3.501940922711103,4.131510493512547,Descriptive pooled summary: environment replicas are independent clusters; algorithm replicas are averaged within each environment cluster.
bounded-symbolic-construct-validation.v1-calibration,calibration,07dabc814e26f8ace0ae6cf86ab10cfd6558bc9f32d2f48a751c5694bf35381c,eac4823bf31745572c74e75b5f98978ed84471f5e602e2ce1076e0e43fcf366e,ALEA,relevant-information,0571e255ca5409d5fdc04b8035b951573459282ac02764ce19e91c83d0ac159e,861f07a9aadf16023896b000a1054fb2060a2afb3cffe8500f5257b21f78c8d9,12,information.dynamic_state_nats,192,576,3,0.0,0.0,0.0,0.0,0.0,0.0,0.0,0.0,0.963916597707066,exact-sign-median,3.501940922711103,4.131510493512547,Descriptive pooled summary: environment replicas are independent clusters; algorithm replicas are averaged within each environment cluster.
bounded-symbolic-construct-validation.v1-calibration,calibration,07dabc814e26f8ace0ae6cf86ab10cfd6558bc9f32d2f48a751c5694bf35381c,eac4823bf31745572c74e75b5f98978ed84471f5e602e2ce1076e0e43fcf366e,ALEA,relevant-information,0571e255ca5409d5fdc04b8035b951573459282ac02764ce19e91c83d0ac159e,861f07a9aadf16023896b000a1054fb2060a2afb3cffe8500f5257b21f78c8d9,12,information.persistent_distractor_nats,192,576,3,0.0,0.0,0.0,0.0,0.0,0.0,0.0,0.0,0.963916597707066,exact-sign-median,3.501940922711103,4.131510493512547,Descriptive pooled summary: environment replicas are independent clusters; algorithm replicas are averaged within each environment cluster.
bounded-symbolic-construct-validation.v1-calibration,calibration,07dabc814e26f8ace0ae6cf86ab10cfd6558bc9f32d2f48a751c5694bf35381c,eac4823bf31745572c74e75b5f98978ed84471f5e602e2ce1076e0e43fcf366e,ALEA,relevant-information,0571e255ca5409d5fdc04b8035b951573459282ac02764ce19e91c83d0ac159e,861f07a9aadf16023896b000a1054fb2060a2afb3cffe8500f5257b21f78c8d9,12,information.reward_relevant_nats,192,576,3,4.143092927686408,4.154282414198354,3.952253936475076,4.158642888433059,0.03284815889393606,0.0023706116724746982,4.152729284836914,4.156537342945196,0.963916597707066,exact-sign-median,3.501940922711103,4.131510493512547,Descriptive pooled summary: environment replicas are independent clusters; algorithm replicas are averaged within each environment cluster.
bounded-symbolic-construct-validation.v1-calibration,calibration,07dabc814e26f8ace0ae6cf86ab10cfd6558bc9f32d2f48a751c5694bf35381c,eac4823bf31745572c74e75b5f98978ed84471f5e602e2ce1076e0e43fcf366e,ALEA,relevant-information,0571e255ca5409d5fdc04b8035b951573459282ac02764ce19e91c83d0ac159e,861f07a9aadf16023896b000a1054fb2060a2afb3cffe8500f5257b21f78c8d9,12,information.shared_core_nats,192,576,3,0.0,0.0,0.0,0.0,0.0,0.0,0.0,0.0,0.963916597707066,exact-sign-median,3.501940922711103,4.131510493512547,Descriptive pooled summary: environment replicas are independent clusters; algorithm replicas are averaged within each environment cluster.
bounded-symbolic-construct-validation.v1-calibration,calibration,07dabc814e26f8ace0ae6cf86ab10cfd6558bc9f32d2f48a751c5694bf35381c,eac4823bf31745572c74e75b5f98978ed84471f5e602e2ce1076e0e43fcf366e,ALEA,relevant-information,0571e255ca5409d5fdc04b8035b951573459282ac02764ce19e91c83d0ac159e,861f07a9aadf16023896b000a1054fb2060a2afb3cffe8500f5257b21f78c8d9,12,information.total_acquired_nats,192,576,3,4.143092927686408,4.154282414198354,3.9522539364750764,4.158642888433059,0.03284815889393598,0.0023706116724746926,4.152729284836913,4.156537342945196,0.963916597707066,exact-sign-median,3.501940922711103,4.131510493512547,Descriptive pooled summary: environment replicas are independent clusters; algorithm replicas are averaged within each environment cluster.
bounded-symbolic-construct-validation.v1-calibration,calibration,07dabc814e26f8ace0ae6cf86ab10cfd6558bc9f32d2f48a751c5694bf35381c,eac4823bf31745572c74e75b5f98978ed84471f5e602e2ce1076e0e43fcf366e,ALEA,relevant-information,0571e255ca5409d5fdc04b8035b951573459282ac02764ce19e91c83d0ac159e,861f07a9aadf16023896b000a1054fb2060a2afb3cffe8500f5257b21f78c8d9,12,novelty.aleatoric_observation_novelty,192,576,3,0.8456307870370371,0.8333333333333334,0.6388888888888888,1.0,0.06914185944865824,0.004989883895619263,0.8333333333333334,0.8611111111111112,0.963916597707066,exact-sign-median,3.501940922711103,4.131510493512547,Descriptive pooled summary: environment replicas are independent clusters; algorithm replicas are averaged within each environment cluster.
bounded-symbolic-construct-validation.v1-calibration,calibration,07dabc814e26f8ace0ae6cf86ab10cfd6558bc9f32d2f48a751c5694bf35381c,eac4823bf31745572c74e75b5f98978ed84471f5e602e2ce1076e0e43fcf366e,ALEA,relevant-information,0571e255ca5409d5fdc04b8035b951573459282ac02764ce19e91c83d0ac159e,861f07a9aadf16023896b000a1054fb2060a2afb3cffe8500f5257b21f78c8d9,12,novelty.behavioral_novelty,192,576,3,1.0,1.0,1.0,1.0,0.0,0.0,1.0,1.0,0.963916597707066,exact-sign-median,3.501940922711103,4.131510493512547,Descriptive pooled summary: environment replicas are independent clusters; algorithm replicas are averaged within each environment cluster.
bounded-symbolic-construct-validation.v1-calibration,calibration,07dabc814e26f8ace0ae6cf86ab10cfd6558bc9f32d2f48a751c5694bf35381c,eac4823bf31745572c74e75b5f98978ed84471f5e602e2ce1076e0e43fcf366e,ALEA,relevant-information,0571e255ca5409d5fdc04b8035b951573459282ac02764ce19e91c83d0ac159e,861f07a9aadf16023896b000a1054fb2060a2afb3cffe8500f5257b21f78c8d9,12,novelty.compression_improvement,192,576,3,4.143092927686408,4.154282414198354,3.9522539364750764,4.158642888433059,0.03284815889393598,0.0023706116724746926,4.152729284836913,4.156537342945196,0.963916597707066,exact-sign-median,3.501940922711103,4.131510493512547,Descriptive pooled summary: environment replicas are independent clusters; algorithm replicas are averaged within each environment cluster.
bounded-symbolic-construct-validation.v1-calibration,calibration,07dabc814e26f8ace0ae6cf86ab10cfd6558bc9f32d2f48a751c5694bf35381c,eac4823bf31745572c74e75b5f98978ed84471f5e602e2ce1076e0e43fcf366e,ALEA,relevant-information,0571e255ca5409d5fdc04b8035b951573459282ac02764ce19e91c83d0ac159e,861f07a9aadf16023896b000a1054fb2060a2afb3cffe8500f5257b21f78c8d9,12,novelty.count_novelty,192,576,3,0.25,0.25,0.25,0.25,0.0,0.0,0.25,0.25,0.963916597707066,exact-sign-median,3.501940922711103,4.131510493512547,Descriptive pooled summary: environment replicas are independent clusters; algorithm replicas are averaged within each environment cluster.
bounded-symbolic-construct-validation.v1-calibration,calibration,07dabc814e26f8ace0ae6cf86ab10cfd6558bc9f32d2f48a751c5694bf35381c,eac4823bf31745572c74e75b5f98978ed84471f5e602e2ce1076e0e43fcf366e,ALEA,relevant-information,0571e255ca5409d5fdc04b8035b951573459282ac02764ce19e91c83d0ac159e,861f07a9aadf16023896b000a1054fb2060a2afb3cffe8500f5257b21f78c8d9,12,novelty.latent_visitation_novelty,192,576,3,1.0,1.0,1.0,1.0,0.0,0.0,1.0,1.0,0.963916597707066,exact-sign-median,3.501940922711103,4.131510493512547,Descriptive pooled summary: environment replicas are independent clusters; algorithm replicas are averaged within each environment cluster.
bounded-symbolic-construct-validation.v1-calibration,calibration,07dabc814e26f8ace0ae6cf86ab10cfd6558bc9f32d2f48a751c5694bf35381c,eac4823bf31745572c74e75b5f98978ed84471f5e602e2ce1076e0e43fcf366e,ALEA,relevant-information,0571e255ca5409d5fdc04b8035b951573459282ac02764ce19e91c83d0ac159e,861f07a9aadf16023896b000a1054fb2060a2afb3cffe8500f5257b21f78c8d9,12,novelty.observation_prediction_error,192,576,3,0.9786044915128155,0.9784913261468403,0.9776589894749201,0.982786516624083,0.0010969660419004722,7.91667049478895e-05,0.9777719615340515,0.9785784501083855,0.963916597707066,exact-sign-median,3.501940922711103,4.131510493512547,Descriptive pooled summary: environment replicas are independent clusters; algorithm replicas are averaged within each environment cluster.
bounded-symbolic-construct-validation.v1-calibration,calibration,07dabc814e26f8ace0ae6cf86ab10cfd6558bc9f32d2f48a751c5694bf35381c,eac4823bf31745572c74e75b5f98978ed84471f5e602e2ce1076e0e43fcf366e,ALEA,relevant-information,0571e255ca5409d5fdc04b8035b951573459282ac02764ce19e91c83d0ac159e,861f07a9aadf16023896b000a1054fb2060a2afb3cffe8500f5257b21f78c8d9,12,novelty.persistent_trivia_novelty,192,576,3,0.0,0.0,0.0,0.0,0.0,0.0,0.0,0.0,0.963916597707066,exact-sign-median,3.501940922711103,4.131510493512547,Descriptive pooled summary: environment replicas are independent clusters; algorithm replicas are averaged within each environment cluster.
bounded-symbolic-construct-validation.v1-calibration,calibration,07dabc814e26f8ace0ae6cf86ab10cfd6558bc9f32d2f48a751c5694bf35381c,eac4823bf31745572c74e75b5f98978ed84471f5e602e2ce1076e0e43fcf366e,ALEA,relevant-information,0571e255ca5409d5fdc04b8035b951573459282ac02764ce19e91c83d0ac159e,861f07a9aadf16023896b000a1054fb2060a2afb3cffe8500f5257b21f78c8d9,12,public_reward,192,576,3,0.0,0.0,0.0,0.0,0.0,0.0,0.0,0.0,0.963916597707066,exact-sign-median,3.501940922711103,4.131510493512547,Descriptive pooled summary: environment replicas are independent clusters; algorithm replicas are averaged within each environment cluster.
bounded-symbolic-construct-validation.v1-calibration,calibration,07dabc814e26f8ace0ae6cf86ab10cfd6558bc9f32d2f48a751c5694bf35381c,eac4823bf31745572c74e75b5f98978ed84471f5e602e2ce1076e0e43fcf366e,ALEA,relevant-information,0571e255ca5409d5fdc04b8035b951573459282ac02764ce19e91c83d0ac159e,861f07a9aadf16023896b000a1054fb2060a2afb3cffe8500f5257b21f78c8d9,12,relevant_information_nats,192,576,3,4.143092927686408,4.154282414198354,3.952253936475076,4.158642888433059,0.03284815889393606,0.0023706116724746982,4.152729284836914,4.156537342945196,0.963916597707066,exact-sign-median,3.501940922711103,4.131510493512547,Descriptive pooled summary: environment replicas are independent clusters; algorithm replicas are averaged within each environment cluster.
bounded-symbolic-construct-validation.v1-calibration,calibration,07dabc814e26f8ace0ae6cf86ab10cfd6558bc9f32d2f48a751c5694bf35381c,eac4823bf31745572c74e75b5f98978ed84471f5e602e2ce1076e0e43fcf366e,ALEA,relevant-information,0571e255ca5409d5fdc04b8035b951573459282ac02764ce19e91c83d0ac159e,861f07a9aadf16023896b000a1054fb2060a2afb3cffe8500f5257b21f78c8d9,12,support.abstentions,192,576,3,0.0,0.0,0.0,0.0,0.0,0.0,0.0,0.0,0.963916597707066,exact-sign-median,3.501940922711103,4.131510493512547,Descriptive pooled summary: environment replicas are independent clusters; algorithm replicas are averaged within each environment cluster.
bounded-symbolic-construct-validation.v1-calibration,calibration,07dabc814e26f8ace0ae6cf86ab10cfd6558bc9f32d2f48a751c5694bf35381c,eac4823bf31745572c74e75b5f98978ed84471f5e602e2ce1076e0e43fcf366e,ALEA,relevant-information,0571e255ca5409d5fdc04b8035b951573459282ac02764ce19e91c83d0ac159e,861f07a9aadf16023896b000a1054fb2060a2afb3cffe8500f5257b21f78c8d9,12,support.correct_deployments,192,576,3,2.9947916666666665,3.0,2.6666666666666665,3.0,0.04144794249625398,0.0029912475946960457,3.0,3.0,0.963916597707066,exact-sign-median,3.501940922711103,4.131510493512547,Descriptive pooled summary: environment replicas are independent clusters; algorithm replicas are averaged within each environment cluster.
bounded-symbolic-construct-validation.v1-calibration,calibration,07dabc814e26f8ace0ae6cf86ab10cfd6558bc9f32d2f48a751c5694bf35381c,eac4823bf31745572c74e75b5f98978ed84471f5e602e2ce1076e0e43fcf366e,ALEA,relevant-information,0571e255ca5409d5fdc04b8035b951573459282ac02764ce19e91c83d0ac159e,861f07a9aadf16023896b000a1054fb2060a2afb3cffe8500f5257b21f78c8d9,12,support.deployment_support,192,576,3,3.0,3.0,3.0,3.0,0.0,0.0,3.0,3.0,0.963916597707066,exact-sign-median,3.501940922711103,4.131510493512547,Descriptive pooled summary: environment replicas are independent clusters; algorithm replicas are averaged within each environment cluster.
bounded-symbolic-construct-validation.v1-calibration,calibration,07dabc814e26f8ace0ae6cf86ab10cfd6558bc9f32d2f48a751c5694bf35381c,eac4823bf31745572c74e75b5f98978ed84471f5e602e2ce1076e0e43fcf366e,ALEA,relevant-information,0571e255ca5409d5fdc04b8035b951573459282ac02764ce19e91c83d0ac159e,861f07a9aadf16023896b000a1054fb2060a2afb3cffe8500f5257b21f78c8d9,12,support.incorrect_deployments,192,576,3,0.005208333333333333,0.0,0.0,0.3333333333333333,0.041447942496253956,0.002991247594696044,0.0,0.0,0.963916597707066,exact-sign-median,3.501940922711103,4.131510493512547,Descriptive pooled summary: environment replicas are independent clusters; algorithm replicas are averaged within each environment cluster.
bounded-symbolic-construct-validation.v1-calibration,calibration,07dabc814e26f8ace0ae6cf86ab10cfd6558bc9f32d2f48a751c5694bf35381c,eac4823bf31745572c74e75b5f98978ed84471f5e602e2ce1076e0e43fcf366e,ALEA,relevant-information,0571e255ca5409d5fdc04b8035b951573459282ac02764ce19e91c83d0ac159e,861f07a9aadf16023896b000a1054fb2060a2afb3cffe8500f5257b21f78c8d9,12,support.mastered_independent_rules,192,576,3,2.9947916666666665,3.0,2.6666666666666665,3.0,0.04144794249625398,0.0029912475946960457,3.0,3.0,0.963916597707066,exact-sign-median,3.501940922711103,4.131510493512547,Descriptive pooled summary: environment replicas are independent clusters; algorithm replicas are averaged within each environment cluster.
bounded-symbolic-construct-validation.v1-calibration,calibration,07dabc814e26f8ace0ae6cf86ab10cfd6558bc9f32d2f48a751c5694bf35381c,eac4823bf31745572c74e75b5f98978ed84471f5e602e2ce1076e0e43fcf366e,ALEA,relevant-information,0571e255ca5409d5fdc04b8035b951573459282ac02764ce19e91c83d0ac159e,861f07a9aadf16023896b000a1054fb2060a2afb3cffe8500f5257b21f78c8d9,12,total_information_nats,192,576,3,4.143092927686408,4.154282414198354,3.9522539364750764,4.158642888433059,0.03284815889393598,0.0023706116724746926,4.152729284836913,4.156537342945196,0.963916597707066,exact-sign-median,3.501940922711103,4.131510493512547,Descriptive pooled summary: environment replicas are independent clusters; algorithm replicas are averaged within each environment cluster.
bounded-symbolic-construct-validation.v1-calibration,calibration,07dabc814e26f8ace0ae6cf86ab10cfd6558bc9f32d2f48a751c5694bf35381c,eac4823bf31745572c74e75b5f98978ed84471f5e602e2ce1076e0e43fcf366e,ALEA,fixed,0571e255ca5409d5fdc04b8035b951573459282ac02764ce19e91c83d0ac159e,8fea8f21b4f9563a2c4e51f291faf1ad5543d2d729678c3d4ad0bbaba7b4198a,12,compute.deployment_evaluations,192,576,3,1.0,1.0,1.0,1.0,0.0,0.0,1.0,1.0,0.963916597707066,exact-sign-median,1.098612278751065,1.09861228866811,Descriptive pooled summary: environment replicas are independent clusters; algorithm replicas are averaged within each environment cluster.
bounded-symbolic-construct-validation.v1-calibration,calibration,07dabc814e26f8ace0ae6cf86ab10cfd6558bc9f32d2f48a751c5694bf35381c,eac4823bf31745572c74e75b5f98978ed84471f5e602e2ce1076e0e43fcf366e,ALEA,fixed,0571e255ca5409d5fdc04b8035b951573459282ac02764ce19e91c83d0ac159e,8fea8f21b4f9563a2c4e51f291faf1ad5543d2d729678c3d4ad0bbaba7b4198a,12,compute.environment_steps,192,576,3,12.0,12.0,12.0,12.0,0.0,0.0,12.0,12.0,0.963916597707066,exact-sign-median,1.098612278751065,1.09861228866811,Descriptive pooled summary: environment replicas are independent clusters; algorithm replicas are averaged within each environment cluster.
bounded-symbolic-construct-validation.v1-calibration,calibration,07dabc814e26f8ace0ae6cf86ab10cfd6558bc9f32d2f48a751c5694bf35381c,eac4823bf31745572c74e75b5f98978ed84471f5e602e2ce1076e0e43fcf366e,ALEA,fixed,0571e255ca5409d5fdc04b8035b951573459282ac02764ce19e91c83d0ac159e,8fea8f21b4f9563a2c4e51f291faf1ad5543d2d729678c3d4ad0bbaba7b4198a,12,compute.frontier_solver_calls,192,576,3,13.0,13.0,13.0,13.0,0.0,0.0,13.0,13.0,0.963916597707066,exact-sign-median,1.098612278751065,1.09861228866811,Descriptive pooled summary: environment replicas are independent clusters; algorithm replicas are averaged within each environment cluster.
bounded-symbolic-construct-validation.v1-calibration,calibration,07dabc814e26f8ace0ae6cf86ab10cfd6558bc9f32d2f48a751c5694bf35381c,eac4823bf31745572c74e75b5f98978ed84471f5e602e2ce1076e0e43fcf366e,ALEA,fixed,0571e255ca5409d5fdc04b8035b951573459282ac02764ce19e91c83d0ac159e,8fea8f21b4f9563a2c4e51f291faf1ad5543d2d729678c3d4ad0bbaba7b4198a,12,compute.posterior_updates,192,576,3,12.0,12.0,12.0,12.0,0.0,0.0,12.0,12.0,0.963916597707066,exact-sign-median,1.098612278751065,1.09861228866811,Descriptive pooled summary: environment replicas are independent clusters; algorithm replicas are averaged within each environment cluster.
bounded-symbolic-construct-validation.v1-calibration,calibration,07dabc814e26f8ace0ae6cf86ab10cfd6558bc9f32d2f48a751c5694bf35381c,eac4823bf31745572c74e75b5f98978ed84471f5e602e2ce1076e0e43fcf366e,ALEA,fixed,0571e255ca5409d5fdc04b8035b951573459282ac02764ce19e91c83d0ac159e,8fea8f21b4f9563a2c4e51f291faf1ad5543d2d729678c3d4ad0bbaba7b4198a,12,compute.queries,192,576,3,12.0,12.0,12.0,12.0,0.0,0.0,12.0,12.0,0.963916597707066,exact-sign-median,1.098612278751065,1.09861228866811,Descriptive pooled summary: environment replicas are independent clusters; algorithm replicas are averaged within each environment cluster.
bounded-symbolic-construct-validation.v1-calibration,calibration,07dabc814e26f8ace0ae6cf86ab10cfd6558bc9f32d2f48a751c5694bf35381c,eac4823bf31745572c74e75b5f98978ed84471f5e602e2ce1076e0e43fcf366e,ALEA,fixed,0571e255ca5409d5fdc04b8035b951573459282ac02764ce19e91c83d0ac159e,8fea8f21b4f9563a2c4e51f291faf1ad5543d2d729678c3d4ad0bbaba7b4198a,12,distractor_information_nats,192,576,3,0.0,0.0,0.0,0.0,0.0,0.0,0.0,0.0,0.963916597707066,exact-sign-median,1.098612278751065,1.09861228866811,Descriptive pooled summary: environment replicas are independent clusters; algorithm replicas are averaged within each environment cluster.
bounded-symbolic-construct-validation.v1-calibration,calibration,07dabc814e26f8ace0ae6cf86ab10cfd6558bc9f32d2f48a751c5694bf35381c,eac4823bf31745572c74e75b5f98978ed84471f5e602e2ce1076e0e43fcf366e,ALEA,fixed,0571e255ca5409d5fdc04b8035b951573459282ac02764ce19e91c83d0ac159e,8fea8f21b4f9563a2c4e51f291faf1ad5543d2d729678c3d4ad0bbaba7b4198a,12,expected_reward,192,576,3,1.0,1.0,1.0,1.0,0.0,0.0,1.0,1.0,0.963916597707066,exact-sign-median,1.098612278751065,1.09861228866811,Descriptive pooled summary: environment replicas are independent clusters; algorithm replicas are averaged within each environment cluster.
bounded-symbolic-construct-validation.v1-calibration,calibration,07dabc814e26f8ace0ae6cf86ab10cfd6558bc9f32d2f48a751c5694bf35381c,eac4823bf31745572c74e75b5f98978ed84471f5e602e2ce1076e0e43fcf366e,ALEA,fixed,0571e255ca5409d5fdc04b8035b951573459282ac02764ce19e91c83d0ac159e,8fea8f21b4f9563a2c4e51f291faf1ad5543d2d729678c3d4ad0bbaba7b4198a,12,hidden_expected_reward,192,576,3,1.0,1.0,1.0,1.0,0.0,0.0,1.0,1.0,0.963916597707066,exact-sign-median,1.098612278751065,1.09861228866811,Descriptive pooled summary: environment replicas are independent clusters; algorithm replicas are averaged within each environment cluster.
bounded-symbolic-construct-validation.v1-calibration,calibration,07dabc814e26f8ace0ae6cf86ab10cfd6558bc9f32d2f48a751c5694bf35381c,eac4823bf31745572c74e75b5f98978ed84471f5e602e2ce1076e0e43fcf366e,ALEA,fixed,0571e255ca5409d5fdc04b8035b951573459282ac02764ce19e91c83d0ac159e,8fea8f21b4f9563a2c4e51f291faf1ad5543d2d729678c3d4ad0bbaba7b4198a,12,information.approximation_residual_nats,192,576,3,0.0,0.0,0.0,0.0,0.0,0.0,0.0,0.0,0.963916597707066,exact-sign-median,1.098612278751065,1.09861228866811,Descriptive pooled summary: environment replicas are independent clusters; algorithm replicas are averaged within each environment cluster.
bounded-symbolic-construct-validation.v1-calibration,calibration,07dabc814e26f8ace0ae6cf86ab10cfd6558bc9f32d2f48a751c5694bf35381c,eac4823bf31745572c74e75b5f98978ed84471f5e602e2ce1076e0e43fcf366e,ALEA,fixed,0571e255ca5409d5fdc04b8035b951573459282ac02764ce19e91c83d0ac159e,8fea8f21b4f9563a2c4e51f291faf1ad5543d2d729678c3d4ad0bbaba7b4198a,12,information.dynamic_state_nats,192,576,3,0.0,0.0,0.0,0.0,0.0,0.0,0.0,0.0,0.963916597707066,exact-sign-median,1.098612278751065,1.09861228866811,Descriptive pooled summary: environment replicas are independent clusters; algorithm replicas are averaged within each environment cluster.
bounded-symbolic-construct-validation.v1-calibration,calibration,07dabc814e26f8ace0ae6cf86ab10cfd6558bc9f32d2f48a751c5694bf35381c,eac4823bf31745572c74e75b5f98978ed84471f5e602e2ce1076e0e43fcf366e,ALEA,fixed,0571e255ca5409d5fdc04b8035b951573459282ac02764ce19e91c83d0ac159e,8fea8f21b4f9563a2c4e51f291faf1ad5543d2d729678c3d4ad0bbaba7b4198a,12,information.persistent_distractor_nats,192,576,3,0.0,0.0,0.0,0.0,0.0,0.0,0.0,0.0,0.963916597707066,exact-sign-median,1.098612278751065,1.09861228866811,Descriptive pooled summary: environment replicas are independent clusters; algorithm replicas are averaged within each environment cluster.
bounded-symbolic-construct-validation.v1-calibration,calibration,07dabc814e26f8ace0ae6cf86ab10cfd6558bc9f32d2f48a751c5694bf35381c,eac4823bf31745572c74e75b5f98978ed84471f5e602e2ce1076e0e43fcf366e,ALEA,fixed,0571e255ca5409d5fdc04b8035b951573459282ac02764ce19e91c83d0ac159e,8fea8f21b4f9563a2c4e51f291faf1ad5543d2d729678c3d4ad0bbaba7b4198a,12,information.reward_relevant_nats,192,576,3,1.3862940563580428,1.3862943611197125,1.3862664522463646,1.38629436111989,2.781617046009456e-06,2.0074591878700138e-07,1.3862943611197123,1.3862943611197125,0.963916597707066,exact-sign-median,1.098612278751065,1.09861228866811,Descriptive pooled summary: environment replicas are independent clusters; algorithm replicas are averaged within each environment cluster.
bounded-symbolic-construct-validation.v1-calibration,calibration,07dabc814e26f8ace0ae6cf86ab10cfd6558bc9f32d2f48a751c5694bf35381c,eac4823bf31745572c74e75b5f98978ed84471f5e602e2ce1076e0e43fcf366e,ALEA,fixed,0571e255ca5409d5fdc04b8035b951573459282ac02764ce19e91c83d0ac159e,8fea8f21b4f9563a2c4e51f291faf1ad5543d2d729678c3d4ad0bbaba7b4198a,12,information.shared_core_nats,192,576,3,0.0,0.0,0.0,0.0,0.0,0.0,0.0,0.0,0.963916597707066,exact-sign-median,1.098612278751065,1.09861228866811,Descriptive pooled summary: environment replicas are independent clusters; algorithm replicas are averaged within each environment cluster.
bounded-symbolic-construct-validation.v1-calibration,calibration,07dabc814e26f8ace0ae6cf86ab10cfd6558bc9f32d2f48a751c5694bf35381c,eac4823bf31745572c74e75b5f98978ed84471f5e602e2ce1076e0e43fcf366e,ALEA,fixed,0571e255ca5409d5fdc04b8035b951573459282ac02764ce19e91c83d0ac159e,8fea8f21b4f9563a2c4e51f291faf1ad5543d2d729678c3d4ad0bbaba7b4198a,12,information.total_acquired_nats,192,576,3,1.3862940563580428,1.3862943611197125,1.3862664522463646,1.38629436111989,2.7816170460132772e-06,2.0074591878727717e-07,1.3862943611197125,1.3862943611197125,0.963916597707066,exact-sign-median,1.098612278751065,1.09861228866811,Descriptive pooled summary: environment replicas are independent clusters; algorithm replicas are averaged within each environment cluster.
bounded-symbolic-construct-validation.v1-calibration,calibration,07dabc814e26f8ace0ae6cf86ab10cfd6558bc9f32d2f48a751c5694bf35381c,eac4823bf31745572c74e75b5f98978ed84471f5e602e2ce1076e0e43fcf366e,ALEA,fixed,0571e255ca5409d5fdc04b8035b951573459282ac02764ce19e91c83d0ac159e,8fea8f21b4f9563a2c4e51f291faf1ad5543d2d729678c3d4ad0bbaba7b4198a,12,novelty.aleatoric_observation_novelty,192,576,3,0.8489583333333334,0.8333333333333334,0.5833333333333334,1.0,0.09248405991297744,0.006674462110813376,0.8333333333333334,0.9166666666666666,0.963916597707066,exact-sign-median,1.098612278751065,1.09861228866811,Descriptive pooled summary: environment replicas are independent clusters; algorithm replicas are averaged within each environment cluster.
bounded-symbolic-construct-validation.v1-calibration,calibration,07dabc814e26f8ace0ae6cf86ab10cfd6558bc9f32d2f48a751c5694bf35381c,eac4823bf31745572c74e75b5f98978ed84471f5e602e2ce1076e0e43fcf366e,ALEA,fixed,0571e255ca5409d5fdc04b8035b951573459282ac02764ce19e91c83d0ac159e,8fea8f21b4f9563a2c4e51f291faf1ad5543d2d729678c3d4ad0bbaba7b4198a,12,novelty.behavioral_novelty,192,576,3,0.3333333333333333,0.3333333333333333,0.3333333333333333,0.3333333333333333,0.0,0.0,0.3333333333333333,0.3333333333333333,0.963916597707066,exact-sign-median,1.098612278751065,1.09861228866811,Descriptive pooled summary: environment replicas are independent clusters; algorithm replicas are averaged within each environment cluster.
bounded-symbolic-construct-validation.v1-calibration,calibration,07dabc814e26f8ace0ae6cf86ab10cfd6558bc9f32d2f48a751c5694bf35381c,eac4823bf31745572c74e75b5f98978ed84471f5e602e2ce1076e0e43fcf366e,ALEA,fixed,0571e255ca5409d5fdc04b8035b951573459282ac02764ce19e91c83d0ac159e,8fea8f21b4f9563a2c4e51f291faf1ad5543d2d729678c3d4ad0bbaba7b4198a,12,novelty.compression_improvement,192,576,3,1.3862940563580428,1.3862943611197125,1.3862664522463646,1.38629436111989,2.7816170460132772e-06,2.0074591878727717e-07,1.3862943611197125,1.3862943611197125,0.963916597707066,exact-sign-median,1.098612278751065,1.09861228866811,Descriptive pooled summary: environment replicas are independent clusters; algorithm replicas are averaged within each environment cluster.
bounded-symbolic-construct-validation.v1-calibration,calibration,07dabc814e26f8ace0ae6cf86ab10cfd6558bc9f32d2f48a751c5694bf35381c,eac4823bf31745572c74e75b5f98978ed84471f5e602e2ce1076e0e43fcf366e,ALEA,fixed,0571e255ca5409d5fdc04b8035b951573459282ac02764ce19e91c83d0ac159e,8fea8f21b4f9563a2c4e51f291faf1ad5543d2d729678c3d4ad0bbaba7b4198a,12,novelty.count_novelty,192,576,3,0.08333333333333333,0.08333333333333333,0.08333333333333333,0.08333333333333333,0.0,0.0,0.08333333333333333,0.08333333333333333,0.963916597707066,exact-sign-median,1.098612278751065,1.09861228866811,Descriptive pooled summary: environment replicas are independent clusters; algorithm replicas are averaged within each environment cluster.
bounded-symbolic-construct-validation.v1-calibration,calibration,07dabc814e26f8ace0ae6cf86ab10cfd6558bc9f32d2f48a751c5694bf35381c,eac4823bf31745572c74e75b5f98978ed84471f5e602e2ce1076e0e43fcf366e,ALEA,fixed,0571e255ca5409d5fdc04b8035b951573459282ac02764ce19e91c83d0ac159e,8fea8f21b4f9563a2c4e51f291faf1ad5543d2d729678c3d4ad0bbaba7b4198a,12,novelty.latent_visitation_novelty,192,576,3,0.3333333333333333,0.3333333333333333,0.3333333333333333,0.3333333333333333,0.0,0.0,0.3333333333333333,0.3333333333333333,0.963916597707066,exact-sign-median,1.098612278751065,1.09861228866811,Descriptive pooled summary: environment replicas are independent clusters; algorithm replicas are averaged within each environment cluster.
bounded-symbolic-construct-validation.v1-calibration,calibration,07dabc814e26f8ace0ae6cf86ab10cfd6558bc9f32d2f48a751c5694bf35381c,eac4823bf31745572c74e75b5f98978ed84471f5e602e2ce1076e0e43fcf366e,ALEA,fixed,0571e255ca5409d5fdc04b8035b951573459282ac02764ce19e91c83d0ac159e,8fea8f21b4f9563a2c4e51f291faf1ad5543d2d729678c3d4ad0bbaba7b4198a,12,novelty.observation_prediction_error,192,576,3,0.9740021137739086,0.9738030097285783,0.9738030097221054,0.9764435124858135,0.00047372301892744523,3.4188014062385335e-05,0.9738030097221143,0.9738030098970883,0.963916597707066,exact-sign-median,1.098612278751065,1.09861228866811,Descriptive pooled summary: environment replicas are independent clusters; algorithm replicas are averaged within each environment cluster.
bounded-symbolic-construct-validation.v1-calibration,calibration,07dabc814e26f8ace0ae6cf86ab10cfd6558bc9f32d2f48a751c5694bf35381c,eac4823bf31745572c74e75b5f98978ed84471f5e602e2ce1076e0e43fcf366e,ALEA,fixed,0571e255ca5409d5fdc04b8035b951573459282ac02764ce19e91c83d0ac159e,8fea8f21b4f9563a2c4e51f291faf1ad5543d2d729678c3d4ad0bbaba7b4198a,12,novelty.persistent_trivia_novelty,192,576,3,0.0,0.0,0.0,0.0,0.0,0.0,0.0,0.0,0.963916597707066,exact-sign-median,1.098612278751065,1.09861228866811,Descriptive pooled summary: environment replicas are independent clusters; algorithm replicas are averaged within each environment cluster.
bounded-symbolic-construct-validation.v1-calibration,calibration,07dabc814e26f8ace0ae6cf86ab10cfd6558bc9f32d2f48a751c5694bf35381c,eac4823bf31745572c74e75b5f98978ed84471f5e602e2ce1076e0e43fcf366e,ALEA,fixed,0571e255ca5409d5fdc04b8035b951573459282ac02764ce19e91c83d0ac159e,8fea8f21b4f9563a2c4e51f291faf1ad5543d2d729678c3d4ad0bbaba7b4198a,12,public_reward,192,576,3,0.0,0.0,0.0,0.0,0.0,0.0,0.0,0.0,0.963916597707066,exact-sign-median,1.098612278751065,1.09861228866811,Descriptive pooled summary: environment replicas are independent clusters; algorithm replicas are averaged within each environment cluster.
bounded-symbolic-construct-validation.v1-calibration,calibration,07dabc814e26f8ace0ae6cf86ab10cfd6558bc9f32d2f48a751c5694bf35381c,eac4823bf31745572c74e75b5f98978ed84471f5e602e2ce1076e0e43fcf366e,ALEA,fixed,0571e255ca5409d5fdc04b8035b951573459282ac02764ce19e91c83d0ac159e,8fea8f21b4f9563a2c4e51f291faf1ad5543d2d729678c3d4ad0bbaba7b4198a,12,relevant_information_nats,192,576,3,1.3862940563580428,1.3862943611197125,1.3862664522463646,1.38629436111989,2.781617046009456e-06,2.0074591878700138e-07,1.3862943611197123,1.3862943611197125,0.963916597707066,exact-sign-median,1.098612278751065,1.09861228866811,Descriptive pooled summary: environment replicas are independent clusters; algorithm replicas are averaged within each environment cluster.
bounded-symbolic-construct-validation.v1-calibration,calibration,07dabc814e26f8ace0ae6cf86ab10cfd6558bc9f32d2f48a751c5694bf35381c,eac4823bf31745572c74e75b5f98978ed84471f5e602e2ce1076e0e43fcf366e,ALEA,fixed,0571e255ca5409d5fdc04b8035b951573459282ac02764ce19e91c83d0ac159e,8fea8f21b4f9563a2c4e51f291faf1ad5543d2d729678c3d4ad0bbaba7b4198a,12,support.abstentions,192,576,3,2.0,2.0,2.0,2.0,0.0,0.0,2.0,2.0,0.963916597707066,exact-sign-median,1.098612278751065,1.09861228866811,Descriptive pooled summary: environment replicas are independent clusters; algorithm replicas are averaged within each environment cluster.
bounded-symbolic-construct-validation.v1-calibration,calibration,07dabc814e26f8ace0ae6cf86ab10cfd6558bc9f32d2f48a751c5694bf35381c,eac4823bf31745572c74e75b5f98978ed84471f5e602e2ce1076e0e43fcf366e,ALEA,fixed,0571e255ca5409d5fdc04b8035b951573459282ac02764ce19e91c83d0ac159e,8fea8f21b4f9563a2c4e51f291faf1ad5543d2d729678c3d4ad0bbaba7b4198a,12,support.correct_deployments,192,576,3,1.0,1.0,1.0,1.0,0.0,0.0,1.0,1.0,0.963916597707066,exact-sign-median,1.098612278751065,1.09861228866811,Descriptive pooled summary: environment replicas are independent clusters; algorithm replicas are averaged within each environment cluster.
bounded-symbolic-construct-validation.v1-calibration,calibration,07dabc814e26f8ace0ae6cf86ab10cfd6558bc9f32d2f48a751c5694bf35381c,eac4823bf31745572c74e75b5f98978ed84471f5e602e2ce1076e0e43fcf366e,ALEA,fixed,0571e255ca5409d5fdc04b8035b951573459282ac02764ce19e91c83d0ac159e,8fea8f21b4f9563a2c4e51f291faf1ad5543d2d729678c3d4ad0bbaba7b4198a,12,support.deployment_support,192,576,3,1.0,1.0,1.0,1.0,0.0,0.0,1.0,1.0,0.963916597707066,exact-sign-median,1.098612278751065,1.09861228866811,Descriptive pooled summary: environment replicas are independent clusters; algorithm replicas are averaged within each environment cluster.
bounded-symbolic-construct-validation.v1-calibration,calibration,07dabc814e26f8ace0ae6cf86ab10cfd6558bc9f32d2f48a751c5694bf35381c,eac4823bf31745572c74e75b5f98978ed84471f5e602e2ce1076e0e43fcf366e,ALEA,fixed,0571e255ca5409d5fdc04b8035b951573459282ac02764ce19e91c83d0ac159e,8fea8f21b4f9563a2c4e51f291faf1ad5543d2d729678c3d4ad0bbaba7b4198a,12,support.incorrect_deployments,192,576,3,0.0,0.0,0.0,0.0,0.0,0.0,0.0,0.0,0.963916597707066,exact-sign-median,1.098612278751065,1.09861228866811,Descriptive pooled summary: environment replicas are independent clusters; algorithm replicas are averaged within each environment cluster.
bounded-symbolic-construct-validation.v1-calibration,calibration,07dabc814e26f8ace0ae6cf86ab10cfd6558bc9f32d2f48a751c5694bf35381c,eac4823bf31745572c74e75b5f98978ed84471f5e602e2ce1076e0e43fcf366e,ALEA,fixed,0571e255ca5409d5fdc04b8035b951573459282ac02764ce19e91c83d0ac159e,8fea8f21b4f9563a2c4e51f291faf1ad5543d2d729678c3d4ad0bbaba7b4198a,12,support.mastered_independent_rules,192,576,3,1.0,1.0,1.0,1.0,0.0,0.0,1.0,1.0,0.963916597707066,exact-sign-median,1.098612278751065,1.09861228866811,Descriptive pooled summary: environment replicas are independent clusters; algorithm replicas are averaged within each environment cluster.
bounded-symbolic-construct-validation.v1-calibration,calibration,07dabc814e26f8ace0ae6cf86ab10cfd6558bc9f32d2f48a751c5694bf35381c,eac4823bf31745572c74e75b5f98978ed84471f5e602e2ce1076e0e43fcf366e,ALEA,fixed,0571e255ca5409d5fdc04b8035b951573459282ac02764ce19e91c83d0ac159e,8fea8f21b4f9563a2c4e51f291faf1ad5543d2d729678c3d4ad0bbaba7b4198a,12,total_information_nats,192,576,3,1.3862940563580428,1.3862943611197125,1.3862664522463646,1.38629436111989,2.7816170460132772e-06,2.0074591878727717e-07,1.3862943611197125,1.3862943611197125,0.963916597707066,exact-sign-median,1.098612278751065,1.09861228866811,Descriptive pooled summary: environment replicas are independent clusters; algorithm replicas are averaged within each environment cluster.
bounded-symbolic-construct-validation.v1-calibration,calibration,07dabc814e26f8ace0ae6cf86ab10cfd6558bc9f32d2f48a751c5694bf35381c,eac4823bf31745572c74e75b5f98978ed84471f5e602e2ce1076e0e43fcf366e,ALEA,total-information,0571e255ca5409d5fdc04b8035b951573459282ac02764ce19e91c83d0ac159e,ddef671b142d3c50802d1df4f8b5c18e676ca9a40bdc91386b8488899c8bef75,12,compute.deployment_evaluations,192,576,3,1.0,1.0,1.0,1.0,0.0,0.0,1.0,1.0,0.963916597707066,exact-sign-median,3.501940922711103,4.131510493512547,Descriptive pooled summary: environment replicas are independent clusters; algorithm replicas are averaged within each environment cluster.
bounded-symbolic-construct-validation.v1-calibration,calibration,07dabc814e26f8ace0ae6cf86ab10cfd6558bc9f32d2f48a751c5694bf35381c,eac4823bf31745572c74e75b5f98978ed84471f5e602e2ce1076e0e43fcf366e,ALEA,total-information,0571e255ca5409d5fdc04b8035b951573459282ac02764ce19e91c83d0ac159e,ddef671b142d3c50802d1df4f8b5c18e676ca9a40bdc91386b8488899c8bef75,12,compute.environment_steps,192,576,3,12.0,12.0,12.0,12.0,0.0,0.0,12.0,12.0,0.963916597707066,exact-sign-median,3.501940922711103,4.131510493512547,Descriptive pooled summary: environment replicas are independent clusters; algorithm replicas are averaged within each environment cluster.
bounded-symbolic-construct-validation.v1-calibration,calibration,07dabc814e26f8ace0ae6cf86ab10cfd6558bc9f32d2f48a751c5694bf35381c,eac4823bf31745572c74e75b5f98978ed84471f5e602e2ce1076e0e43fcf366e,ALEA,total-information,0571e255ca5409d5fdc04b8035b951573459282ac02764ce19e91c83d0ac159e,ddef671b142d3c50802d1df4f8b5c18e676ca9a40bdc91386b8488899c8bef75,12,compute.frontier_solver_calls,192,576,3,13.0,13.0,13.0,13.0,0.0,0.0,13.0,13.0,0.963916597707066,exact-sign-median,3.501940922711103,4.131510493512547,Descriptive pooled summary: environment replicas are independent clusters; algorithm replicas are averaged within each environment cluster.
bounded-symbolic-construct-validation.v1-calibration,calibration,07dabc814e26f8ace0ae6cf86ab10cfd6558bc9f32d2f48a751c5694bf35381c,eac4823bf31745572c74e75b5f98978ed84471f5e602e2ce1076e0e43fcf366e,ALEA,total-information,0571e255ca5409d5fdc04b8035b951573459282ac02764ce19e91c83d0ac159e,ddef671b142d3c50802d1df4f8b5c18e676ca9a40bdc91386b8488899c8bef75,12,compute.posterior_updates,192,576,3,12.0,12.0,12.0,12.0,0.0,0.0,12.0,12.0,0.963916597707066,exact-sign-median,3.501940922711103,4.131510493512547,Descriptive pooled summary: environment replicas are independent clusters; algorithm replicas are averaged within each environment cluster.
bounded-symbolic-construct-validation.v1-calibration,calibration,07dabc814e26f8ace0ae6cf86ab10cfd6558bc9f32d2f48a751c5694bf35381c,eac4823bf31745572c74e75b5f98978ed84471f5e602e2ce1076e0e43fcf366e,ALEA,total-information,0571e255ca5409d5fdc04b8035b951573459282ac02764ce19e91c83d0ac159e,ddef671b142d3c50802d1df4f8b5c18e676ca9a40bdc91386b8488899c8bef75,12,compute.queries,192,576,3,12.0,12.0,12.0,12.0,0.0,0.0,12.0,12.0,0.963916597707066,exact-sign-median,3.501940922711103,4.131510493512547,Descriptive pooled summary: environment replicas are independent clusters; algorithm replicas are averaged within each environment cluster.
bounded-symbolic-construct-validation.v1-calibration,calibration,07dabc814e26f8ace0ae6cf86ab10cfd6558bc9f32d2f48a751c5694bf35381c,eac4823bf31745572c74e75b5f98978ed84471f5e602e2ce1076e0e43fcf366e,ALEA,total-information,0571e255ca5409d5fdc04b8035b951573459282ac02764ce19e91c83d0ac159e,ddef671b142d3c50802d1df4f8b5c18e676ca9a40bdc91386b8488899c8bef75,12,distractor_information_nats,192,576,3,0.0,0.0,0.0,0.0,0.0,0.0,0.0,0.0,0.963916597707066,exact-sign-median,3.501940922711103,4.131510493512547,Descriptive pooled summary: environment replicas are independent clusters; algorithm replicas are averaged within each environment cluster.
bounded-symbolic-construct-validation.v1-calibration,calibration,07dabc814e26f8ace0ae6cf86ab10cfd6558bc9f32d2f48a751c5694bf35381c,eac4823bf31745572c74e75b5f98978ed84471f5e602e2ce1076e0e43fcf366e,ALEA,total-information,0571e255ca5409d5fdc04b8035b951573459282ac02764ce19e91c83d0ac159e,ddef671b142d3c50802d1df4f8b5c18e676ca9a40bdc91386b8488899c8bef75,12,expected_reward,192,576,3,2.9895833333333335,3.0,2.3333333333333335,3.0,0.0828958849925079,0.005982495189392087,3.0,3.0,0.963916597707066,exact-sign-median,3.501940922711103,4.131510493512547,Descriptive pooled summary: environment replicas are independent clusters; algorithm replicas are averaged within each environment cluster.
bounded-symbolic-construct-validation.v1-calibration,calibration,07dabc814e26f8ace0ae6cf86ab10cfd6558bc9f32d2f48a751c5694bf35381c,eac4823bf31745572c74e75b5f98978ed84471f5e602e2ce1076e0e43fcf366e,ALEA,total-information,0571e255ca5409d5fdc04b8035b951573459282ac02764ce19e91c83d0ac159e,ddef671b142d3c50802d1df4f8b5c18e676ca9a40bdc91386b8488899c8bef75,12,hidden_expected_reward,192,576,3,2.9895833333333335,3.0,2.3333333333333335,3.0,0.0828958849925079,0.005982495189392087,3.0,3.0,0.963916597707066,exact-sign-median,3.501940922711103,4.131510493512547,Descriptive pooled summary: environment replicas are independent clusters; algorithm replicas are averaged within each environment cluster.
bounded-symbolic-construct-validation.v1-calibration,calibration,07dabc814e26f8ace0ae6cf86ab10cfd6558bc9f32d2f48a751c5694bf35381c,eac4823bf31745572c74e75b5f98978ed84471f5e602e2ce1076e0e43fcf366e,ALEA,total-information,0571e255ca5409d5fdc04b8035b951573459282ac02764ce19e91c83d0ac159e,ddef671b142d3c50802d1df4f8b5c18e676ca9a40bdc91386b8488899c8bef75,12,information.approximation_residual_nats,192,576,3,0.0,0.0,0.0,0.0,0.0,0.0,0.0,0.0,0.963916597707066,exact-sign-median,3.501940922711103,4.131510493512547,Descriptive pooled summary: environment replicas are independent clusters; algorithm replicas are averaged within each environment cluster.
bounded-symbolic-construct-validation.v1-calibration,calibration,07dabc814e26f8ace0ae6cf86ab10cfd6558bc9f32d2f48a751c5694bf35381c,eac4823bf31745572c74e75b5f98978ed84471f5e602e2ce1076e0e43fcf366e,ALEA,total-information,0571e255ca5409d5fdc04b8035b951573459282ac02764ce19e91c83d0ac159e,ddef671b142d3c50802d1df4f8b5c18e676ca9a40bdc91386b8488899c8bef75,12,information.dynamic_state_nats,192,576,3,0.0,0.0,0.0,0.0,0.0,0.0,0.0,0.0,0.963916597707066,exact-sign-median,3.501940922711103,4.131510493512547,Descriptive pooled summary: environment replicas are independent clusters; algorithm replicas are averaged within each environment cluster.
bounded-symbolic-construct-validation.v1-calibration,calibration,07dabc814e26f8ace0ae6cf86ab10cfd6558bc9f32d2f48a751c5694bf35381c,eac4823bf31745572c74e75b5f98978ed84471f5e602e2ce1076e0e43fcf366e,ALEA,total-information,0571e255ca5409d5fdc04b8035b951573459282ac02764ce19e91c83d0ac159e,ddef671b142d3c50802d1df4f8b5c18e676ca9a40bdc91386b8488899c8bef75,12,information.persistent_distractor_nats,192,576,3,0.0,0.0,0.0,0.0,0.0,0.0,0.0,0.0,0.963916597707066,exact-sign-median,3.501940922711103,4.131510493512547,Descriptive pooled summary: environment replicas are independent clusters; algorithm replicas are averaged within each environment cluster.
bounded-symbolic-construct-validation.v1-calibration,calibration,07dabc814e26f8ace0ae6cf86ab10cfd6558bc9f32d2f48a751c5694bf35381c,eac4823bf31745572c74e75b5f98978ed84471f5e602e2ce1076e0e43fcf366e,ALEA,total-information,0571e255ca5409d5fdc04b8035b951573459282ac02764ce19e91c83d0ac159e,ddef671b142d3c50802d1df4f8b5c18e676ca9a40bdc91386b8488899c8bef75,12,information.reward_relevant_nats,192,576,3,4.143092927686408,4.154282414198354,3.952253936475076,4.158642888433059,0.03284815889393606,0.0023706116724746982,4.152729284836914,4.156537342945196,0.963916597707066,exact-sign-median,3.501940922711103,4.131510493512547,Descriptive pooled summary: environment replicas are independent clusters; algorithm replicas are averaged within each environment cluster.
bounded-symbolic-construct-validation.v1-calibration,calibration,07dabc814e26f8ace0ae6cf86ab10cfd6558bc9f32d2f48a751c5694bf35381c,eac4823bf31745572c74e75b5f98978ed84471f5e602e2ce1076e0e43fcf366e,ALEA,total-information,0571e255ca5409d5fdc04b8035b951573459282ac02764ce19e91c83d0ac159e,ddef671b142d3c50802d1df4f8b5c18e676ca9a40bdc91386b8488899c8bef75,12,information.shared_core_nats,192,576,3,0.0,0.0,0.0,0.0,0.0,0.0,0.0,0.0,0.963916597707066,exact-sign-median,3.501940922711103,4.131510493512547,Descriptive pooled summary: environment replicas are independent clusters; algorithm replicas are averaged within each environment cluster.
bounded-symbolic-construct-validation.v1-calibration,calibration,07dabc814e26f8ace0ae6cf86ab10cfd6558bc9f32d2f48a751c5694bf35381c,eac4823bf31745572c74e75b5f98978ed84471f5e602e2ce1076e0e43fcf366e,ALEA,total-information,0571e255ca5409d5fdc04b8035b951573459282ac02764ce19e91c83d0ac159e,ddef671b142d3c50802d1df4f8b5c18e676ca9a40bdc91386b8488899c8bef75,12,information.total_acquired_nats,192,576,3,4.143092927686408,4.154282414198354,3.9522539364750764,4.158642888433059,0.03284815889393598,0.0023706116724746926,4.152729284836913,4.156537342945196,0.963916597707066,exact-sign-median,3.501940922711103,4.131510493512547,Descriptive pooled summary: environment replicas are independent clusters; algorithm replicas are averaged within each environment cluster.
bounded-symbolic-construct-validation.v1-calibration,calibration,07dabc814e26f8ace0ae6cf86ab10cfd6558bc9f32d2f48a751c5694bf35381c,eac4823bf31745572c74e75b5f98978ed84471f5e602e2ce1076e0e43fcf366e,ALEA,total-information,0571e255ca5409d5fdc04b8035b951573459282ac02764ce19e91c83d0ac159e,ddef671b142d3c50802d1df4f8b5c18e676ca9a40bdc91386b8488899c8bef75,12,novelty.aleatoric_observation_novelty,192,576,3,0.8456307870370371,0.8333333333333334,0.6388888888888888,1.0,0.06914185944865824,0.004989883895619263,0.8333333333333334,0.8611111111111112,0.963916597707066,exact-sign-median,3.501940922711103,4.131510493512547,Descriptive pooled summary: environment replicas are independent clusters; algorithm replicas are averaged within each environment cluster.
bounded-symbolic-construct-validation.v1-calibration,calibration,07dabc814e26f8ace0ae6cf86ab10cfd6558bc9f32d2f48a751c5694bf35381c,eac4823bf31745572c74e75b5f98978ed84471f5e602e2ce1076e0e43fcf366e,ALEA,total-information,0571e255ca5409d5fdc04b8035b951573459282ac02764ce19e91c83d0ac159e,ddef671b142d3c50802d1df4f8b5c18e676ca9a40bdc91386b8488899c8bef75,12,novelty.behavioral_novelty,192,576,3,1.0,1.0,1.0,1.0,0.0,0.0,1.0,1.0,0.963916597707066,exact-sign-median,3.501940922711103,4.131510493512547,Descriptive pooled summary: environment replicas are independent clusters; algorithm replicas are averaged within each environment cluster.
bounded-symbolic-construct-validation.v1-calibration,calibration,07dabc814e26f8ace0ae6cf86ab10cfd6558bc9f32d2f48a751c5694bf35381c,eac4823bf31745572c74e75b5f98978ed84471f5e602e2ce1076e0e43fcf366e,ALEA,total-information,0571e255ca5409d5fdc04b8035b951573459282ac02764ce19e91c83d0ac159e,ddef671b142d3c50802d1df4f8b5c18e676ca9a40bdc91386b8488899c8bef75,12,novelty.compression_improvement,192,576,3,4.143092927686408,4.154282414198354,3.9522539364750764,4.158642888433059,0.03284815889393598,0.0023706116724746926,4.152729284836913,4.156537342945196,0.963916597707066,exact-sign-median,3.501940922711103,4.131510493512547,Descriptive pooled summary: environment replicas are independent clusters; algorithm replicas are averaged within each environment cluster.
bounded-symbolic-construct-validation.v1-calibration,calibration,07dabc814e26f8ace0ae6cf86ab10cfd6558bc9f32d2f48a751c5694bf35381c,eac4823bf31745572c74e75b5f98978ed84471f5e602e2ce1076e0e43fcf366e,ALEA,total-information,0571e255ca5409d5fdc04b8035b951573459282ac02764ce19e91c83d0ac159e,ddef671b142d3c50802d1df4f8b5c18e676ca9a40bdc91386b8488899c8bef75,12,novelty.count_novelty,192,576,3,0.25,0.25,0.25,0.25,0.0,0.0,0.25,0.25,0.963916597707066,exact-sign-median,3.501940922711103,4.131510493512547,Descriptive pooled summary: environment replicas are independent clusters; algorithm replicas are averaged within each environment cluster.
bounded-symbolic-construct-validation.v1-calibration,calibration,07dabc814e26f8ace0ae6cf86ab10cfd6558bc9f32d2f48a751c5694bf35381c,eac4823bf31745572c74e75b5f98978ed84471f5e602e2ce1076e0e43fcf366e,ALEA,total-information,0571e255ca5409d5fdc04b8035b951573459282ac02764ce19e91c83d0ac159e,ddef671b142d3c50802d1df4f8b5c18e676ca9a40bdc91386b8488899c8bef75,12,novelty.latent_visitation_novelty,192,576,3,1.0,1.0,1.0,1.0,0.0,0.0,1.0,1.0,0.963916597707066,exact-sign-median,3.501940922711103,4.131510493512547,Descriptive pooled summary: environment replicas are independent clusters; algorithm replicas are averaged within each environment cluster.
bounded-symbolic-construct-validation.v1-calibration,calibration,07dabc814e26f8ace0ae6cf86ab10cfd6558bc9f32d2f48a751c5694bf35381c,eac4823bf31745572c74e75b5f98978ed84471f5e602e2ce1076e0e43fcf366e,ALEA,total-information,0571e255ca5409d5fdc04b8035b951573459282ac02764ce19e91c83d0ac159e,ddef671b142d3c50802d1df4f8b5c18e676ca9a40bdc91386b8488899c8bef75,12,novelty.observation_prediction_error,192,576,3,0.9786044915128155,0.9784913261468403,0.9776589894749201,0.982786516624083,0.0010969660419004722,7.91667049478895e-05,0.9777719615340515,0.9785784501083855,0.963916597707066,exact-sign-median,3.501940922711103,4.131510493512547,Descriptive pooled summary: environment replicas are independent clusters; algorithm replicas are averaged within each environment cluster.
bounded-symbolic-construct-validation.v1-calibration,calibration,07dabc814e26f8ace0ae6cf86ab10cfd6558bc9f32d2f48a751c5694bf35381c,eac4823bf31745572c74e75b5f98978ed84471f5e602e2ce1076e0e43fcf366e,ALEA,total-information,0571e255ca5409d5fdc04b8035b951573459282ac02764ce19e91c83d0ac159e,ddef671b142d3c50802d1df4f8b5c18e676ca9a40bdc91386b8488899c8bef75,12,novelty.persistent_trivia_novelty,192,576,3,0.0,0.0,0.0,0.0,0.0,0.0,0.0,0.0,0.963916597707066,exact-sign-median,3.501940922711103,4.131510493512547,Descriptive pooled summary: environment replicas are independent clusters; algorithm replicas are averaged within each environment cluster.
bounded-symbolic-construct-validation.v1-calibration,calibration,07dabc814e26f8ace0ae6cf86ab10cfd6558bc9f32d2f48a751c5694bf35381c,eac4823bf31745572c74e75b5f98978ed84471f5e602e2ce1076e0e43fcf366e,ALEA,total-information,0571e255ca5409d5fdc04b8035b951573459282ac02764ce19e91c83d0ac159e,ddef671b142d3c50802d1df4f8b5c18e676ca9a40bdc91386b8488899c8bef75,12,public_reward,192,576,3,0.0,0.0,0.0,0.0,0.0,0.0,0.0,0.0,0.963916597707066,exact-sign-median,3.501940922711103,4.131510493512547,Descriptive pooled summary: environment replicas are independent clusters; algorithm replicas are averaged within each environment cluster.
bounded-symbolic-construct-validation.v1-calibration,calibration,07dabc814e26f8ace0ae6cf86ab10cfd6558bc9f32d2f48a751c5694bf35381c,eac4823bf31745572c74e75b5f98978ed84471f5e602e2ce1076e0e43fcf366e,ALEA,total-information,0571e255ca5409d5fdc04b8035b951573459282ac02764ce19e91c83d0ac159e,ddef671b142d3c50802d1df4f8b5c18e676ca9a40bdc91386b8488899c8bef75,12,relevant_information_nats,192,576,3,4.143092927686408,4.154282414198354,3.952253936475076,4.158642888433059,0.03284815889393606,0.0023706116724746982,4.152729284836914,4.156537342945196,0.963916597707066,exact-sign-median,3.501940922711103,4.131510493512547,Descriptive pooled summary: environment replicas are independent clusters; algorithm replicas are averaged within each environment cluster.
bounded-symbolic-construct-validation.v1-calibration,calibration,07dabc814e26f8ace0ae6cf86ab10cfd6558bc9f32d2f48a751c5694bf35381c,eac4823bf31745572c74e75b5f98978ed84471f5e602e2ce1076e0e43fcf366e,ALEA,total-information,0571e255ca5409d5fdc04b8035b951573459282ac02764ce19e91c83d0ac159e,ddef671b142d3c50802d1df4f8b5c18e676ca9a40bdc91386b8488899c8bef75,12,support.abstentions,192,576,3,0.0,0.0,0.0,0.0,0.0,0.0,0.0,0.0,0.963916597707066,exact-sign-median,3.501940922711103,4.131510493512547,Descriptive pooled summary: environment replicas are independent clusters; algorithm replicas are averaged within each environment cluster.
bounded-symbolic-construct-validation.v1-calibration,calibration,07dabc814e26f8ace0ae6cf86ab10cfd6558bc9f32d2f48a751c5694bf35381c,eac4823bf31745572c74e75b5f98978ed84471f5e602e2ce1076e0e43fcf366e,ALEA,total-information,0571e255ca5409d5fdc04b8035b951573459282ac02764ce19e91c83d0ac159e,ddef671b142d3c50802d1df4f8b5c18e676ca9a40bdc91386b8488899c8bef75,12,support.correct_deployments,192,576,3,2.9947916666666665,3.0,2.6666666666666665,3.0,0.04144794249625398,0.0029912475946960457,3.0,3.0,0.963916597707066,exact-sign-median,3.501940922711103,4.131510493512547,Descriptive pooled summary: environment replicas are independent clusters; algorithm replicas are averaged within each environment cluster.
bounded-symbolic-construct-validation.v1-calibration,calibration,07dabc814e26f8ace0ae6cf86ab10cfd6558bc9f32d2f48a751c5694bf35381c,eac4823bf31745572c74e75b5f98978ed84471f5e602e2ce1076e0e43fcf366e,ALEA,total-information,0571e255ca5409d5fdc04b8035b951573459282ac02764ce19e91c83d0ac159e,ddef671b142d3c50802d1df4f8b5c18e676ca9a40bdc91386b8488899c8bef75,12,support.deployment_support,192,576,3,3.0,3.0,3.0,3.0,0.0,0.0,3.0,3.0,0.963916597707066,exact-sign-median,3.501940922711103,4.131510493512547,Descriptive pooled summary: environment replicas are independent clusters; algorithm replicas are averaged within each environment cluster.
bounded-symbolic-construct-validation.v1-calibration,calibration,07dabc814e26f8ace0ae6cf86ab10cfd6558bc9f32d2f48a751c5694bf35381c,eac4823bf31745572c74e75b5f98978ed84471f5e602e2ce1076e0e43fcf366e,ALEA,total-information,0571e255ca5409d5fdc04b8035b951573459282ac02764ce19e91c83d0ac159e,ddef671b142d3c50802d1df4f8b5c18e676ca9a40bdc91386b8488899c8bef75,12,support.incorrect_deployments,192,576,3,0.005208333333333333,0.0,0.0,0.3333333333333333,0.041447942496253956,0.002991247594696044,0.0,0.0,0.963916597707066,exact-sign-median,3.501940922711103,4.131510493512547,Descriptive pooled summary: environment replicas are independent clusters; algorithm replicas are averaged within each environment cluster.
bounded-symbolic-construct-validation.v1-calibration,calibration,07dabc814e26f8ace0ae6cf86ab10cfd6558bc9f32d2f48a751c5694bf35381c,eac4823bf31745572c74e75b5f98978ed84471f5e602e2ce1076e0e43fcf366e,ALEA,total-information,0571e255ca5409d5fdc04b8035b951573459282ac02764ce19e91c83d0ac159e,ddef671b142d3c50802d1df4f8b5c18e676ca9a40bdc91386b8488899c8bef75,12,support.mastered_independent_rules,192,576,3,2.9947916666666665,3.0,2.6666666666666665,3.0,0.04144794249625398,0.0029912475946960457,3.0,3.0,0.963916597707066,exact-sign-median,3.501940922711103,4.131510493512547,Descriptive pooled summary: environment replicas are independent clusters; algorithm replicas are averaged within each environment cluster.
bounded-symbolic-construct-validation.v1-calibration,calibration,07dabc814e26f8ace0ae6cf86ab10cfd6558bc9f32d2f48a751c5694bf35381c,eac4823bf31745572c74e75b5f98978ed84471f5e602e2ce1076e0e43fcf366e,ALEA,total-information,0571e255ca5409d5fdc04b8035b951573459282ac02764ce19e91c83d0ac159e,ddef671b142d3c50802d1df4f8b5c18e676ca9a40bdc91386b8488899c8bef75,12,total_information_nats,192,576,3,4.143092927686408,4.154282414198354,3.9522539364750764,4.158642888433059,0.03284815889393598,0.0023706116724746926,4.152729284836913,4.156537342945196,0.963916597707066,exact-sign-median,3.501940922711103,4.131510493512547,Descriptive pooled summary: environment replicas are independent clusters; algorithm replicas are averaged within each environment cluster.
bounded-symbolic-construct-validation.v1-calibration,calibration,07dabc814e26f8ace0ae6cf86ab10cfd6558bc9f32d2f48a751c5694bf35381c,eac4823bf31745572c74e75b5f98978ed84471f5e602e2ce1076e0e43fcf366e,ALEA,novelty,0571e255ca5409d5fdc04b8035b951573459282ac02764ce19e91c83d0ac159e,fded4a0f778fc9e4cf5c1b74df82effac115dfbd5829c7b80e1a579fd7d8aa24,12,compute.deployment_evaluations,192,576,3,1.0,1.0,1.0,1.0,0.0,0.0,1.0,1.0,0.963916597707066,exact-sign-median,3.501940922711103,4.126948395204691,Descriptive pooled summary: environment replicas are independent clusters; algorithm replicas are averaged within each environment cluster.
bounded-symbolic-construct-validation.v1-calibration,calibration,07dabc814e26f8ace0ae6cf86ab10cfd6558bc9f32d2f48a751c5694bf35381c,eac4823bf31745572c74e75b5f98978ed84471f5e602e2ce1076e0e43fcf366e,ALEA,novelty,0571e255ca5409d5fdc04b8035b951573459282ac02764ce19e91c83d0ac159e,fded4a0f778fc9e4cf5c1b74df82effac115dfbd5829c7b80e1a579fd7d8aa24,12,compute.environment_steps,192,576,3,12.0,12.0,12.0,12.0,0.0,0.0,12.0,12.0,0.963916597707066,exact-sign-median,3.501940922711103,4.126948395204691,Descriptive pooled summary: environment replicas are independent clusters; algorithm replicas are averaged within each environment cluster.
bounded-symbolic-construct-validation.v1-calibration,calibration,07dabc814e26f8ace0ae6cf86ab10cfd6558bc9f32d2f48a751c5694bf35381c,eac4823bf31745572c74e75b5f98978ed84471f5e602e2ce1076e0e43fcf366e,ALEA,novelty,0571e255ca5409d5fdc04b8035b951573459282ac02764ce19e91c83d0ac159e,fded4a0f778fc9e4cf5c1b74df82effac115dfbd5829c7b80e1a579fd7d8aa24,12,compute.frontier_solver_calls,192,576,3,13.0,13.0,13.0,13.0,0.0,0.0,13.0,13.0,0.963916597707066,exact-sign-median,3.501940922711103,4.126948395204691,Descriptive pooled summary: environment replicas are independent clusters; algorithm replicas are averaged within each environment cluster.
bounded-symbolic-construct-validation.v1-calibration,calibration,07dabc814e26f8ace0ae6cf86ab10cfd6558bc9f32d2f48a751c5694bf35381c,eac4823bf31745572c74e75b5f98978ed84471f5e602e2ce1076e0e43fcf366e,ALEA,novelty,0571e255ca5409d5fdc04b8035b951573459282ac02764ce19e91c83d0ac159e,fded4a0f778fc9e4cf5c1b74df82effac115dfbd5829c7b80e1a579fd7d8aa24,12,compute.posterior_updates,192,576,3,12.0,12.0,12.0,12.0,0.0,0.0,12.0,12.0,0.963916597707066,exact-sign-median,3.501940922711103,4.126948395204691,Descriptive pooled summary: environment replicas are independent clusters; algorithm replicas are averaged within each environment cluster.
bounded-symbolic-construct-validation.v1-calibration,calibration,07dabc814e26f8ace0ae6cf86ab10cfd6558bc9f32d2f48a751c5694bf35381c,eac4823bf31745572c74e75b5f98978ed84471f5e602e2ce1076e0e43fcf366e,ALEA,novelty,0571e255ca5409d5fdc04b8035b951573459282ac02764ce19e91c83d0ac159e,fded4a0f778fc9e4cf5c1b74df82effac115dfbd5829c7b80e1a579fd7d8aa24,12,compute.queries,192,576,3,12.0,12.0,12.0,12.0,0.0,0.0,12.0,12.0,0.963916597707066,exact-sign-median,3.501940922711103,4.126948395204691,Descriptive pooled summary: environment replicas are independent clusters; algorithm replicas are averaged within each environment cluster.
bounded-symbolic-construct-validation.v1-calibration,calibration,07dabc814e26f8ace0ae6cf86ab10cfd6558bc9f32d2f48a751c5694bf35381c,eac4823bf31745572c74e75b5f98978ed84471f5e602e2ce1076e0e43fcf366e,ALEA,novelty,0571e255ca5409d5fdc04b8035b951573459282ac02764ce19e91c83d0ac159e,fded4a0f778fc9e4cf5c1b74df82effac115dfbd5829c7b80e1a579fd7d8aa24,12,distractor_information_nats,192,576,3,0.0,0.0,0.0,0.0,0.0,0.0,0.0,0.0,0.963916597707066,exact-sign-median,3.501940922711103,4.126948395204691,Descriptive pooled summary: environment replicas are independent clusters; algorithm replicas are averaged within each environment cluster.
bounded-symbolic-construct-validation.v1-calibration,calibration,07dabc814e26f8ace0ae6cf86ab10cfd6558bc9f32d2f48a751c5694bf35381c,eac4823bf31745572c74e75b5f98978ed84471f5e602e2ce1076e0e43fcf366e,ALEA,novelty,0571e255ca5409d5fdc04b8035b951573459282ac02764ce19e91c83d0ac159e,fded4a0f778fc9e4cf5c1b74df82effac115dfbd5829c7b80e1a579fd7d8aa24,12,expected_reward,192,576,3,2.987847222222222,3.0,2.0,3.0,0.09869654182708312,0.00712280937399395,3.0,3.0,0.963916597707066,exact-sign-median,3.501940922711103,4.126948395204691,Descriptive pooled summary: environment replicas are independent clusters; algorithm replicas are averaged within each environment cluster.
bounded-symbolic-construct-validation.v1-calibration,calibration,07dabc814e26f8ace0ae6cf86ab10cfd6558bc9f32d2f48a751c5694bf35381c,eac4823bf31745572c74e75b5f98978ed84471f5e602e2ce1076e0e43fcf366e,ALEA,novelty,0571e255ca5409d5fdc04b8035b951573459282ac02764ce19e91c83d0ac159e,fded4a0f778fc9e4cf5c1b74df82effac115dfbd5829c7b80e1a579fd7d8aa24,12,hidden_expected_reward,192,576,3,2.987847222222222,3.0,2.0,3.0,0.09869654182708312,0.00712280937399395,3.0,3.0,0.963916597707066,exact-sign-median,3.501940922711103,4.126948395204691,Descriptive pooled summary: environment replicas are independent clusters; algorithm replicas are averaged within each environment cluster.
bounded-symbolic-construct-validation.v1-calibration,calibration,07dabc814e26f8ace0ae6cf86ab10cfd6558bc9f32d2f48a751c5694bf35381c,eac4823bf31745572c74e75b5f98978ed84471f5e602e2ce1076e0e43fcf366e,ALEA,novelty,0571e255ca5409d5fdc04b8035b951573459282ac02764ce19e91c83d0ac159e,fded4a0f778fc9e4cf5c1b74df82effac115dfbd5829c7b80e1a579fd7d8aa24,12,information.approximation_residual_nats,192,576,3,0.0,0.0,0.0,0.0,0.0,0.0,0.0,0.0,0.963916597707066,exact-sign-median,3.501940922711103,4.126948395204691,Descriptive pooled summary: environment replicas are independent clusters; algorithm replicas are averaged within each environment cluster.
bounded-symbolic-construct-validation.v1-calibration,calibration,07dabc814e26f8ace0ae6cf86ab10cfd6558bc9f32d2f48a751c5694bf35381c,eac4823bf31745572c74e75b5f98978ed84471f5e602e2ce1076e0e43fcf366e,ALEA,novelty,0571e255ca5409d5fdc04b8035b951573459282ac02764ce19e91c83d0ac159e,fded4a0f778fc9e4cf5c1b74df82effac115dfbd5829c7b80e1a579fd7d8aa24,12,information.dynamic_state_nats,192,576,3,0.0,0.0,0.0,0.0,0.0,0.0,0.0,0.0,0.963916597707066,exact-sign-median,3.501940922711103,4.126948395204691,Descriptive pooled summary: environment replicas are independent clusters; algorithm replicas are averaged within each environment cluster.
bounded-symbolic-construct-validation.v1-calibration,calibration,07dabc814e26f8ace0ae6cf86ab10cfd6558bc9f32d2f48a751c5694bf35381c,eac4823bf31745572c74e75b5f98978ed84471f5e602e2ce1076e0e43fcf366e,ALEA,novelty,0571e255ca5409d5fdc04b8035b951573459282ac02764ce19e91c83d0ac159e,fded4a0f778fc9e4cf5c1b74df82effac115dfbd5829c7b80e1a579fd7d8aa24,12,information.persistent_distractor_nats,192,576,3,0.0,0.0,0.0,0.0,0.0,0.0,0.0,0.0,0.963916597707066,exact-sign-median,3.501940922711103,4.126948395204691,Descriptive pooled summary: environment replicas are independent clusters; algorithm replicas are averaged within each environment cluster.
bounded-symbolic-construct-validation.v1-calibration,calibration,07dabc814e26f8ace0ae6cf86ab10cfd6558bc9f32d2f48a751c5694bf35381c,eac4823bf31745572c74e75b5f98978ed84471f5e602e2ce1076e0e43fcf366e,ALEA,novelty,0571e255ca5409d5fdc04b8035b951573459282ac02764ce19e91c83d0ac159e,fded4a0f778fc9e4cf5c1b74df82effac115dfbd5829c7b80e1a579fd7d8aa24,12,information.reward_relevant_nats,192,576,3,4.14077442804233,4.153431133332868,3.789103942214192,4.158642888433059,0.04131618985853097,0.002981739167089068,4.152729284836913,4.155133678693656,0.963916597707066,exact-sign-median,3.501940922711103,4.126948395204691,Descriptive pooled summary: environment replicas are independent clusters; algorithm replicas are averaged within each environment cluster.
bounded-symbolic-construct-validation.v1-calibration,calibration,07dabc814e26f8ace0ae6cf86ab10cfd6558bc9f32d2f48a751c5694bf35381c,eac4823bf31745572c74e75b5f98978ed84471f5e602e2ce1076e0e43fcf366e,ALEA,novelty,0571e255ca5409d5fdc04b8035b951573459282ac02764ce19e91c83d0ac159e,fded4a0f778fc9e4cf5c1b74df82effac115dfbd5829c7b80e1a579fd7d8aa24,12,information.shared_core_nats,192,576,3,0.0,0.0,0.0,0.0,0.0,0.0,0.0,0.0,0.963916597707066,exact-sign-median,3.501940922711103,4.126948395204691,Descriptive pooled summary: environment replicas are independent clusters; algorithm replicas are averaged within each environment cluster.
bounded-symbolic-construct-validation.v1-calibration,calibration,07dabc814e26f8ace0ae6cf86ab10cfd6558bc9f32d2f48a751c5694bf35381c,eac4823bf31745572c74e75b5f98978ed84471f5e602e2ce1076e0e43fcf366e,ALEA,novelty,0571e255ca5409d5fdc04b8035b951573459282ac02764ce19e91c83d0ac159e,fded4a0f778fc9e4cf5c1b74df82effac115dfbd5829c7b80e1a579fd7d8aa24,12,information.total_acquired_nats,192,576,3,4.14077442804233,4.153431133332868,3.7891039422141923,4.158642888433059,0.0413161898585309,0.002981739167089063,4.152729284836913,4.155133678693656,0.963916597707066,exact-sign-median,3.501940922711103,4.126948395204691,Descriptive pooled summary: environment replicas are independent clusters; algorithm replicas are averaged within each environment cluster.
bounded-symbolic-construct-validation.v1-calibration,calibration,07dabc814e26f8ace0ae6cf86ab10cfd6558bc9f32d2f48a751c5694bf35381c,eac4823bf31745572c74e75b5f98978ed84471f5e602e2ce1076e0e43fcf366e,ALEA,novelty,0571e255ca5409d5fdc04b8035b951573459282ac02764ce19e91c83d0ac159e,fded4a0f778fc9e4cf5c1b74df82effac115dfbd5829c7b80e1a579fd7d8aa24,12,novelty.aleatoric_observation_novelty,192,576,3,0.8459201388888888,0.861111111111111,0.6666666666666666,1.0,0.06542553873701881,0.004721681550211763,0.8333333333333334,0.8611111111111112,0.963916597707066,exact-sign-median,3.501940922711103,4.126948395204691,Descriptive pooled summary: environment replicas are independent clusters; algorithm replicas are averaged within each environment cluster.
bounded-symbolic-construct-validation.v1-calibration,calibration,07dabc814e26f8ace0ae6cf86ab10cfd6558bc9f32d2f48a751c5694bf35381c,eac4823bf31745572c74e75b5f98978ed84471f5e602e2ce1076e0e43fcf366e,ALEA,novelty,0571e255ca5409d5fdc04b8035b951573459282ac02764ce19e91c83d0ac159e,fded4a0f778fc9e4cf5c1b74df82effac115dfbd5829c7b80e1a579fd7d8aa24,12,novelty.behavioral_novelty,192,576,3,0.9994212962962963,1.0,0.8888888888888888,1.0,0.008018753738744807,0.0005787037037037041,1.0,1.0,0.963916597707066,exact-sign-median,3.501940922711103,4.126948395204691,Descriptive pooled summary: environment replicas are independent clusters; algorithm replicas are averaged within each environment cluster.
bounded-symbolic-construct-validation.v1-calibration,calibration,07dabc814e26f8ace0ae6cf86ab10cfd6558bc9f32d2f48a751c5694bf35381c,eac4823bf31745572c74e75b5f98978ed84471f5e602e2ce1076e0e43fcf366e,ALEA,novelty,0571e255ca5409d5fdc04b8035b951573459282ac02764ce19e91c83d0ac159e,fded4a0f778fc9e4cf5c1b74df82effac115dfbd5829c7b80e1a579fd7d8aa24,12,novelty.compression_improvement,192,576,3,4.14077442804233,4.153431133332868,3.7891039422141923,4.158642888433059,0.0413161898585309,0.002981739167089063,4.152729284836913,4.155133678693656,0.963916597707066,exact-sign-median,3.501940922711103,4.126948395204691,Descriptive pooled summary: environment replicas are independent clusters; algorithm replicas are averaged within each environment cluster.
bounded-symbolic-construct-validation.v1-calibration,calibration,07dabc814e26f8ace0ae6cf86ab10cfd6558bc9f32d2f48a751c5694bf35381c,eac4823bf31745572c74e75b5f98978ed84471f5e602e2ce1076e0e43fcf366e,ALEA,novelty,0571e255ca5409d5fdc04b8035b951573459282ac02764ce19e91c83d0ac159e,fded4a0f778fc9e4cf5c1b74df82effac115dfbd5829c7b80e1a579fd7d8aa24,12,novelty.count_novelty,192,576,3,0.25,0.25,0.25,0.25,0.0,0.0,0.25,0.25,0.963916597707066,exact-sign-median,3.501940922711103,4.126948395204691,Descriptive pooled summary: environment replicas are independent clusters; algorithm replicas are averaged within each environment cluster.
bounded-symbolic-construct-validation.v1-calibration,calibration,07dabc814e26f8ace0ae6cf86ab10cfd6558bc9f32d2f48a751c5694bf35381c,eac4823bf31745572c74e75b5f98978ed84471f5e602e2ce1076e0e43fcf366e,ALEA,novelty,0571e255ca5409d5fdc04b8035b951573459282ac02764ce19e91c83d0ac159e,fded4a0f778fc9e4cf5c1b74df82effac115dfbd5829c7b80e1a579fd7d8aa24,12,novelty.latent_visitation_novelty,192,576,3,1.0,1.0,1.0,1.0,0.0,0.0,1.0,1.0,0.963916597707066,exact-sign-median,3.501940922711103,4.126948395204691,Descriptive pooled summary: environment replicas are independent clusters; algorithm replicas are averaged within each environment cluster.
bounded-symbolic-construct-validation.v1-calibration,calibration,07dabc814e26f8ace0ae6cf86ab10cfd6558bc9f32d2f48a751c5694bf35381c,eac4823bf31745572c74e75b5f98978ed84471f5e602e2ce1076e0e43fcf366e,ALEA,novelty,0571e255ca5409d5fdc04b8035b951573459282ac02764ce19e91c83d0ac159e,fded4a0f778fc9e4cf5c1b74df82effac115dfbd5829c7b80e1a579fd7d8aa24,12,novelty.observation_prediction_error,192,576,3,0.9786109963732447,0.9784913261468403,0.9776589894749201,0.982786516624083,0.0011058189929588158,7.980561165747165e-05,0.9777719615340515,0.9785784501083855,0.963916597707066,exact-sign-median,3.501940922711103,4.126948395204691,Descriptive pooled summary: environment replicas are independent clusters; algorithm replicas are averaged within each environment cluster.
bounded-symbolic-construct-validation.v1-calibration,calibration,07dabc814e26f8ace0ae6cf86ab10cfd6558bc9f32d2f48a751c5694bf35381c,eac4823bf31745572c74e75b5f98978ed84471f5e602e2ce1076e0e43fcf366e,ALEA,novelty,0571e255ca5409d5fdc04b8035b951573459282ac02764ce19e91c83d0ac159e,fded4a0f778fc9e4cf5c1b74df82effac115dfbd5829c7b80e1a579fd7d8aa24,12,novelty.persistent_trivia_novelty,192,576,3,0.0,0.0,0.0,0.0,0.0,0.0,0.0,0.0,0.963916597707066,exact-sign-median,3.501940922711103,4.126948395204691,Descriptive pooled summary: environment replicas are independent clusters; algorithm replicas are averaged within each environment cluster.
bounded-symbolic-construct-validation.v1-calibration,calibration,07dabc814e26f8ace0ae6cf86ab10cfd6558bc9f32d2f48a751c5694bf35381c,eac4823bf31745572c74e75b5f98978ed84471f5e602e2ce1076e0e43fcf366e,ALEA,novelty,0571e255ca5409d5fdc04b8035b951573459282ac02764ce19e91c83d0ac159e,fded4a0f778fc9e4cf5c1b74df82effac115dfbd5829c7b80e1a579fd7d8aa24,12,public_reward,192,576,3,0.0,0.0,0.0,0.0,0.0,0.0,0.0,0.0,0.963916597707066,exact-sign-median,3.501940922711103,4.126948395204691,Descriptive pooled summary: environment replicas are independent clusters; algorithm replicas are averaged within each environment cluster.
bounded-symbolic-construct-validation.v1-calibration,calibration,07dabc814e26f8ace0ae6cf86ab10cfd6558bc9f32d2f48a751c5694bf35381c,eac4823bf31745572c74e75b5f98978ed84471f5e602e2ce1076e0e43fcf366e,ALEA,novelty,0571e255ca5409d5fdc04b8035b951573459282ac02764ce19e91c83d0ac159e,fded4a0f778fc9e4cf5c1b74df82effac115dfbd5829c7b80e1a579fd7d8aa24,12,relevant_information_nats,192,576,3,4.14077442804233,4.153431133332868,3.789103942214192,4.158642888433059,0.04131618985853097,0.002981739167089068,4.152729284836913,4.155133678693656,0.963916597707066,exact-sign-median,3.501940922711103,4.126948395204691,Descriptive pooled summary: environment replicas are independent clusters; algorithm replicas are averaged within each environment cluster.
bounded-symbolic-construct-validation.v1-calibration,calibration,07dabc814e26f8ace0ae6cf86ab10cfd6558bc9f32d2f48a751c5694bf35381c,eac4823bf31745572c74e75b5f98978ed84471f5e602e2ce1076e0e43fcf366e,ALEA,novelty,0571e255ca5409d5fdc04b8035b951573459282ac02764ce19e91c83d0ac159e,fded4a0f778fc9e4cf5c1b74df82effac115dfbd5829c7b80e1a579fd7d8aa24,12,support.abstentions,192,576,3,0.001736111111111111,0.0,0.0,0.3333333333333333,0.024056261216234404,0.001736111111111111,0.0,0.0,0.963916597707066,exact-sign-median,3.501940922711103,4.126948395204691,Descriptive pooled summary: environment replicas are independent clusters; algorithm replicas are averaged within each environment cluster.
bounded-symbolic-construct-validation.v1-calibration,calibration,07dabc814e26f8ace0ae6cf86ab10cfd6558bc9f32d2f48a751c5694bf35381c,eac4823bf31745572c74e75b5f98978ed84471f5e602e2ce1076e0e43fcf366e,ALEA,novelty,0571e255ca5409d5fdc04b8035b951573459282ac02764ce19e91c83d0ac159e,fded4a0f778fc9e4cf5c1b74df82effac115dfbd5829c7b80e1a579fd7d8aa24,12,support.correct_deployments,192,576,3,2.9930555555555554,3.0,2.3333333333333335,3.0,0.05866790944793978,0.004233991664070078,3.0,3.0,0.963916597707066,exact-sign-median,3.501940922711103,4.126948395204691,Descriptive pooled summary: environment replicas are independent clusters; algorithm replicas are averaged within each environment cluster.
bounded-symbolic-construct-validation.v1-calibration,calibration,07dabc814e26f8ace0ae6cf86ab10cfd6558bc9f32d2f48a751c5694bf35381c,eac4823bf31745572c74e75b5f98978ed84471f5e602e2ce1076e0e43fcf366e,ALEA,novelty,0571e255ca5409d5fdc04b8035b951573459282ac02764ce19e91c83d0ac159e,fded4a0f778fc9e4cf5c1b74df82effac115dfbd5829c7b80e1a579fd7d8aa24,12,support.deployment_support,192,576,3,2.998263888888889,3.0,2.6666666666666665,3.0,0.024056261216234418,0.001736111111111112,3.0,3.0,0.963916597707066,exact-sign-median,3.501940922711103,4.126948395204691,Descriptive pooled summary: environment replicas are independent clusters; algorithm replicas are averaged within each environment cluster.
bounded-symbolic-construct-validation.v1-calibration,calibration,07dabc814e26f8ace0ae6cf86ab10cfd6558bc9f32d2f48a751c5694bf35381c,eac4823bf31745572c74e75b5f98978ed84471f5e602e2ce1076e0e43fcf366e,ALEA,novelty,0571e255ca5409d5fdc04b8035b951573459282ac02764ce19e91c83d0ac159e,fded4a0f778fc9e4cf5c1b74df82effac115dfbd5829c7b80e1a579fd7d8aa24,12,support.incorrect_deployments,192,576,3,0.005208333333333333,0.0,0.0,0.3333333333333333,0.041447942496253956,0.002991247594696044,0.0,0.0,0.963916597707066,exact-sign-median,3.501940922711103,4.126948395204691,Descriptive pooled summary: environment replicas are independent clusters; algorithm replicas are averaged within each environment cluster.
bounded-symbolic-construct-validation.v1-calibration,calibration,07dabc814e26f8ace0ae6cf86ab10cfd6558bc9f32d2f48a751c5694bf35381c,eac4823bf31745572c74e75b5f98978ed84471f5e602e2ce1076e0e43fcf366e,ALEA,novelty,0571e255ca5409d5fdc04b8035b951573459282ac02764ce19e91c83d0ac159e,fded4a0f778fc9e4cf5c1b74df82effac115dfbd5829c7b80e1a579fd7d8aa24,12,support.mastered_independent_rules,192,576,3,2.9930555555555554,3.0,2.3333333333333335,3.0,0.05866790944793978,0.004233991664070078,3.0,3.0,0.963916597707066,exact-sign-median,3.501940922711103,4.126948395204691,Descriptive pooled summary: environment replicas are independent clusters; algorithm replicas are averaged within each environment cluster.
bounded-symbolic-construct-validation.v1-calibration,calibration,07dabc814e26f8ace0ae6cf86ab10cfd6558bc9f32d2f48a751c5694bf35381c,eac4823bf31745572c74e75b5f98978ed84471f5e602e2ce1076e0e43fcf366e,ALEA,novelty,0571e255ca5409d5fdc04b8035b951573459282ac02764ce19e91c83d0ac159e,fded4a0f778fc9e4cf5c1b74df82effac115dfbd5829c7b80e1a579fd7d8aa24,12,total_information_nats,192,576,3,4.14077442804233,4.153431133332868,3.7891039422141923,4.158642888433059,0.0413161898585309,0.002981739167089063,4.152729284836913,4.155133678693656,0.963916597707066,exact-sign-median,3.501940922711103,4.126948395204691,Descriptive pooled summary: environment replicas are independent clusters; algorithm replicas are averaged within each environment cluster.
bounded-symbolic-construct-validation.v1-calibration,calibration,07dabc814e26f8ace0ae6cf86ab10cfd6558bc9f32d2f48a751c5694bf35381c,eac4823bf31745572c74e75b5f98978ed84471f5e602e2ce1076e0e43fcf366e,TRIVIA,scheduled,2368b298b900b57b1d54c5f8b6cf6f1aafdebd9a3e3918411bbbf88109a4b4e3,212aac92a1da8532e5972f40437fe5263d519fb358a0ec6fa63c804d134831ac,12,compute.deployment_evaluations,192,576,3,1.0,1.0,1.0,1.0,0.0,0.0,1.0,1.0,0.963916597707066,exact-sign-median,3.501940922711103,4.049392723971171,Descriptive pooled summary: environment replicas are independent clusters; algorithm replicas are averaged within each environment cluster.
bounded-symbolic-construct-validation.v1-calibration,calibration,07dabc814e26f8ace0ae6cf86ab10cfd6558bc9f32d2f48a751c5694bf35381c,eac4823bf31745572c74e75b5f98978ed84471f5e602e2ce1076e0e43fcf366e,TRIVIA,scheduled,2368b298b900b57b1d54c5f8b6cf6f1aafdebd9a3e3918411bbbf88109a4b4e3,212aac92a1da8532e5972f40437fe5263d519fb358a0ec6fa63c804d134831ac,12,compute.environment_steps,192,576,3,12.0,12.0,12.0,12.0,0.0,0.0,12.0,12.0,0.963916597707066,exact-sign-median,3.501940922711103,4.049392723971171,Descriptive pooled summary: environment replicas are independent clusters; algorithm replicas are averaged within each environment cluster.
bounded-symbolic-construct-validation.v1-calibration,calibration,07dabc814e26f8ace0ae6cf86ab10cfd6558bc9f32d2f48a751c5694bf35381c,eac4823bf31745572c74e75b5f98978ed84471f5e602e2ce1076e0e43fcf366e,TRIVIA,scheduled,2368b298b900b57b1d54c5f8b6cf6f1aafdebd9a3e3918411bbbf88109a4b4e3,212aac92a1da8532e5972f40437fe5263d519fb358a0ec6fa63c804d134831ac,12,compute.frontier_solver_calls,192,576,3,13.0,13.0,13.0,13.0,0.0,0.0,13.0,13.0,0.963916597707066,exact-sign-median,3.501940922711103,4.049392723971171,Descriptive pooled summary: environment replicas are independent clusters; algorithm replicas are averaged within each environment cluster.
bounded-symbolic-construct-validation.v1-calibration,calibration,07dabc814e26f8ace0ae6cf86ab10cfd6558bc9f32d2f48a751c5694bf35381c,eac4823bf31745572c74e75b5f98978ed84471f5e602e2ce1076e0e43fcf366e,TRIVIA,scheduled,2368b298b900b57b1d54c5f8b6cf6f1aafdebd9a3e3918411bbbf88109a4b4e3,212aac92a1da8532e5972f40437fe5263d519fb358a0ec6fa63c804d134831ac,12,compute.posterior_updates,192,576,3,12.0,12.0,12.0,12.0,0.0,0.0,12.0,12.0,0.963916597707066,exact-sign-median,3.501940922711103,4.049392723971171,Descriptive pooled summary: environment replicas are independent clusters; algorithm replicas are averaged within each environment cluster.
bounded-symbolic-construct-validation.v1-calibration,calibration,07dabc814e26f8ace0ae6cf86ab10cfd6558bc9f32d2f48a751c5694bf35381c,eac4823bf31745572c74e75b5f98978ed84471f5e602e2ce1076e0e43fcf366e,TRIVIA,scheduled,2368b298b900b57b1d54c5f8b6cf6f1aafdebd9a3e3918411bbbf88109a4b4e3,212aac92a1da8532e5972f40437fe5263d519fb358a0ec6fa63c804d134831ac,12,compute.queries,192,576,3,12.0,12.0,12.0,12.0,0.0,0.0,12.0,12.0,0.963916597707066,exact-sign-median,3.501940922711103,4.049392723971171,Descriptive pooled summary: environment replicas are independent clusters; algorithm replicas are averaged within each environment cluster.
bounded-symbolic-construct-validation.v1-calibration,calibration,07dabc814e26f8ace0ae6cf86ab10cfd6558bc9f32d2f48a751c5694bf35381c,eac4823bf31745572c74e75b5f98978ed84471f5e602e2ce1076e0e43fcf366e,TRIVIA,scheduled,2368b298b900b57b1d54c5f8b6cf6f1aafdebd9a3e3918411bbbf88109a4b4e3,212aac92a1da8532e5972f40437fe5263d519fb358a0ec6fa63c804d134831ac,12,distractor_information_nats,192,576,3,0.0,0.0,0.0,0.0,0.0,0.0,0.0,0.0,0.963916597707066,exact-sign-median,3.501940922711103,4.049392723971171,Descriptive pooled summary: environment replicas are independent clusters; algorithm replicas are averaged within each environment cluster.
bounded-symbolic-construct-validation.v1-calibration,calibration,07dabc814e26f8ace0ae6cf86ab10cfd6558bc9f32d2f48a751c5694bf35381c,eac4823bf31745572c74e75b5f98978ed84471f5e602e2ce1076e0e43fcf366e,TRIVIA,scheduled,2368b298b900b57b1d54c5f8b6cf6f1aafdebd9a3e3918411bbbf88109a4b4e3,212aac92a1da8532e5972f40437fe5263d519fb358a0ec6fa63c804d134831ac,12,expected_reward,192,576,3,2.9583333333333335,3.0,1.0,3.0,0.24714777853100314,0.017836354558061585,3.0,3.0,0.963916597707066,exact-sign-median,3.501940922711103,4.049392723971171,Descriptive pooled summary: environment replicas are independent clusters; algorithm replicas are averaged within each environment cluster.
bounded-symbolic-construct-validation.v1-calibration,calibration,07dabc814e26f8ace0ae6cf86ab10cfd6558bc9f32d2f48a751c5694bf35381c,eac4823bf31745572c74e75b5f98978ed84471f5e602e2ce1076e0e43fcf366e,TRIVIA,scheduled,2368b298b900b57b1d54c5f8b6cf6f1aafdebd9a3e3918411bbbf88109a4b4e3,212aac92a1da8532e5972f40437fe5263d519fb358a0ec6fa63c804d134831ac,12,hidden_expected_reward,192,576,3,2.9583333333333335,3.0,1.0,3.0,0.24714777853100314,0.017836354558061585,3.0,3.0,0.963916597707066,exact-sign-median,3.501940922711103,4.049392723971171,Descriptive pooled summary: environment replicas are independent clusters; algorithm replicas are averaged within each environment cluster.
bounded-symbolic-construct-validation.v1-calibration,calibration,07dabc814e26f8ace0ae6cf86ab10cfd6558bc9f32d2f48a751c5694bf35381c,eac4823bf31745572c74e75b5f98978ed84471f5e602e2ce1076e0e43fcf366e,TRIVIA,scheduled,2368b298b900b57b1d54c5f8b6cf6f1aafdebd9a3e3918411bbbf88109a4b4e3,212aac92a1da8532e5972f40437fe5263d519fb358a0ec6fa63c804d134831ac,12,information.approximation_residual_nats,192,576,3,0.0,0.0,0.0,0.0,0.0,0.0,0.0,0.0,0.963916597707066,exact-sign-median,3.501940922711103,4.049392723971171,Descriptive pooled summary: environment replicas are independent clusters; algorithm replicas are averaged within each environment cluster.
bounded-symbolic-construct-validation.v1-calibration,calibration,07dabc814e26f8ace0ae6cf86ab10cfd6558bc9f32d2f48a751c5694bf35381c,eac4823bf31745572c74e75b5f98978ed84471f5e602e2ce1076e0e43fcf366e,TRIVIA,scheduled,2368b298b900b57b1d54c5f8b6cf6f1aafdebd9a3e3918411bbbf88109a4b4e3,212aac92a1da8532e5972f40437fe5263d519fb358a0ec6fa63c804d134831ac,12,information.dynamic_state_nats,192,576,3,0.0,0.0,0.0,0.0,0.0,0.0,0.0,0.0,0.963916597707066,exact-sign-median,3.501940922711103,4.049392723971171,Descriptive pooled summary: environment replicas are independent clusters; algorithm replicas are averaged within each environment cluster.
bounded-symbolic-construct-validation.v1-calibration,calibration,07dabc814e26f8ace0ae6cf86ab10cfd6558bc9f32d2f48a751c5694bf35381c,eac4823bf31745572c74e75b5f98978ed84471f5e602e2ce1076e0e43fcf366e,TRIVIA,scheduled,2368b298b900b57b1d54c5f8b6cf6f1aafdebd9a3e3918411bbbf88109a4b4e3,212aac92a1da8532e5972f40437fe5263d519fb358a0ec6fa63c804d134831ac,12,information.persistent_distractor_nats,192,576,3,0.0,0.0,0.0,0.0,0.0,0.0,0.0,0.0,0.963916597707066,exact-sign-median,3.501940922711103,4.049392723971171,Descriptive pooled summary: environment replicas are independent clusters; algorithm replicas are averaged within each environment cluster.
bounded-symbolic-construct-validation.v1-calibration,calibration,07dabc814e26f8ace0ae6cf86ab10cfd6558bc9f32d2f48a751c5694bf35381c,eac4823bf31745572c74e75b5f98978ed84471f5e602e2ce1076e0e43fcf366e,TRIVIA,scheduled,2368b298b900b57b1d54c5f8b6cf6f1aafdebd9a3e3918411bbbf88109a4b4e3,212aac92a1da8532e5972f40437fe5263d519fb358a0ec6fa63c804d134831ac,12,information.reward_relevant_nats,192,576,3,4.1088424145927,4.156537342945196,2.7703230468008435,4.158642888433059,0.15396586148648045,0.011111528946904016,4.14721871410821,4.156537342945196,0.963916597707066,exact-sign-median,3.501940922711103,4.049392723971171,Descriptive pooled summary: environment replicas are independent clusters; algorithm replicas are averaged within each environment cluster.
bounded-symbolic-construct-validation.v1-calibration,calibration,07dabc814e26f8ace0ae6cf86ab10cfd6558bc9f32d2f48a751c5694bf35381c,eac4823bf31745572c74e75b5f98978ed84471f5e602e2ce1076e0e43fcf366e,TRIVIA,scheduled,2368b298b900b57b1d54c5f8b6cf6f1aafdebd9a3e3918411bbbf88109a4b4e3,212aac92a1da8532e5972f40437fe5263d519fb358a0ec6fa63c804d134831ac,12,information.shared_core_nats,192,576,3,0.0,0.0,0.0,0.0,0.0,0.0,0.0,0.0,0.963916597707066,exact-sign-median,3.501940922711103,4.049392723971171,Descriptive pooled summary: environment replicas are independent clusters; algorithm replicas are averaged within each environment cluster.
bounded-symbolic-construct-validation.v1-calibration,calibration,07dabc814e26f8ace0ae6cf86ab10cfd6558bc9f32d2f48a751c5694bf35381c,eac4823bf31745572c74e75b5f98978ed84471f5e602e2ce1076e0e43fcf366e,TRIVIA,scheduled,2368b298b900b57b1d54c5f8b6cf6f1aafdebd9a3e3918411bbbf88109a4b4e3,212aac92a1da8532e5972f40437fe5263d519fb358a0ec6fa63c804d134831ac,12,information.total_acquired_nats,192,576,3,4.1088424145927,4.156537342945196,2.7703230468008435,4.158642888433059,0.15396586148648042,0.011111528946904014,4.147218714108211,4.156537342945196,0.963916597707066,exact-sign-median,3.501940922711103,4.049392723971171,Descriptive pooled summary: environment replicas are independent clusters; algorithm replicas are averaged within each environment cluster.
bounded-symbolic-construct-validation.v1-calibration,calibration,07dabc814e26f8ace0ae6cf86ab10cfd6558bc9f32d2f48a751c5694bf35381c,eac4823bf31745572c74e75b5f98978ed84471f5e602e2ce1076e0e43fcf366e,TRIVIA,scheduled,2368b298b900b57b1d54c5f8b6cf6f1aafdebd9a3e3918411bbbf88109a4b4e3,212aac92a1da8532e5972f40437fe5263d519fb358a0ec6fa63c804d134831ac,12,novelty.aleatoric_observation_novelty,192,576,3,0.0,0.0,0.0,0.0,0.0,0.0,0.0,0.0,0.963916597707066,exact-sign-median,3.501940922711103,4.049392723971171,Descriptive pooled summary: environment replicas are independent clusters; algorithm replicas are averaged within each environment cluster.
bounded-symbolic-construct-validation.v1-calibration,calibration,07dabc814e26f8ace0ae6cf86ab10cfd6558bc9f32d2f48a751c5694bf35381c,eac4823bf31745572c74e75b5f98978ed84471f5e602e2ce1076e0e43fcf366e,TRIVIA,scheduled,2368b298b900b57b1d54c5f8b6cf6f1aafdebd9a3e3918411bbbf88109a4b4e3,212aac92a1da8532e5972f40437fe5263d519fb358a0ec6fa63c804d134831ac,12,novelty.behavioral_novelty,192,576,3,0.9930555555555555,1.0,0.6666666666666666,1.0,0.04773317993742029,0.0034448455357683062,1.0,1.0,0.963916597707066,exact-sign-median,3.501940922711103,4.049392723971171,Descriptive pooled summary: environment replicas are independent clusters; algorithm replicas are averaged within each environment cluster.
bounded-symbolic-construct-validation.v1-calibration,calibration,07dabc814e26f8ace0ae6cf86ab10cfd6558bc9f32d2f48a751c5694bf35381c,eac4823bf31745572c74e75b5f98978ed84471f5e602e2ce1076e0e43fcf366e,TRIVIA,scheduled,2368b298b900b57b1d54c5f8b6cf6f1aafdebd9a3e3918411bbbf88109a4b4e3,212aac92a1da8532e5972f40437fe5263d519fb358a0ec6fa63c804d134831ac,12,novelty.compression_improvement,192,576,3,4.1088424145927,4.156537342945196,2.7703230468008435,4.158642888433059,0.15396586148648042,0.011111528946904014,4.147218714108211,4.156537342945196,0.963916597707066,exact-sign-median,3.501940922711103,4.049392723971171,Descriptive pooled summary: environment replicas are independent clusters; algorithm replicas are averaged within each environment cluster.
bounded-symbolic-construct-validation.v1-calibration,calibration,07dabc814e26f8ace0ae6cf86ab10cfd6558bc9f32d2f48a751c5694bf35381c,eac4823bf31745572c74e75b5f98978ed84471f5e602e2ce1076e0e43fcf366e,TRIVIA,scheduled,2368b298b900b57b1d54c5f8b6cf6f1aafdebd9a3e3918411bbbf88109a4b4e3,212aac92a1da8532e5972f40437fe5263d519fb358a0ec6fa63c804d134831ac,12,novelty.count_novelty,192,576,3,0.25,0.25,0.25,0.25,0.0,0.0,0.25,0.25,0.963916597707066,exact-sign-median,3.501940922711103,4.049392723971171,Descriptive pooled summary: environment replicas are independent clusters; algorithm replicas are averaged within each environment cluster.
bounded-symbolic-construct-validation.v1-calibration,calibration,07dabc814e26f8ace0ae6cf86ab10cfd6558bc9f32d2f48a751c5694bf35381c,eac4823bf31745572c74e75b5f98978ed84471f5e602e2ce1076e0e43fcf366e,TRIVIA,scheduled,2368b298b900b57b1d54c5f8b6cf6f1aafdebd9a3e3918411bbbf88109a4b4e3,212aac92a1da8532e5972f40437fe5263d519fb358a0ec6fa63c804d134831ac,12,novelty.latent_visitation_novelty,192,576,3,1.0,1.0,1.0,1.0,0.0,0.0,1.0,1.0,0.963916597707066,exact-sign-median,3.501940922711103,4.049392723971171,Descriptive pooled summary: environment replicas are independent clusters; algorithm replicas are averaged within each environment cluster.
bounded-symbolic-construct-validation.v1-calibration,calibration,07dabc814e26f8ace0ae6cf86ab10cfd6558bc9f32d2f48a751c5694bf35381c,eac4823bf31745572c74e75b5f98978ed84471f5e602e2ce1076e0e43fcf366e,TRIVIA,scheduled,2368b298b900b57b1d54c5f8b6cf6f1aafdebd9a3e3918411bbbf88109a4b4e3,212aac92a1da8532e5972f40437fe5263d519fb358a0ec6fa63c804d134831ac,12,novelty.observation_prediction_error,192,576,3,0.31328691666193426,0.287935022512848,0.2850876631974459,0.4960156357735835,0.03638625832121186,0.002625952004569366,0.28783977638772584,0.324944577324494,0.963916597707066,exact-sign-median,3.501940922711103,4.049392723971171,Descriptive pooled summary: environment replicas are independent clusters; algorithm replicas are averaged within each environment cluster.
bounded-symbolic-construct-validation.v1-calibration,calibration,07dabc814e26f8ace0ae6cf86ab10cfd6558bc9f32d2f48a751c5694bf35381c,eac4823bf31745572c74e75b5f98978ed84471f5e602e2ce1076e0e43fcf366e,TRIVIA,scheduled,2368b298b900b57b1d54c5f8b6cf6f1aafdebd9a3e3918411bbbf88109a4b4e3,212aac92a1da8532e5972f40437fe5263d519fb358a0ec6fa63c804d134831ac,12,novelty.persistent_trivia_novelty,192,576,3,0.0,0.0,0.0,0.0,0.0,0.0,0.0,0.0,0.963916597707066,exact-sign-median,3.501940922711103,4.049392723971171,Descriptive pooled summary: environment replicas are independent clusters; algorithm replicas are averaged within each environment cluster.
bounded-symbolic-construct-validation.v1-calibration,calibration,07dabc814e26f8ace0ae6cf86ab10cfd6558bc9f32d2f48a751c5694bf35381c,eac4823bf31745572c74e75b5f98978ed84471f5e602e2ce1076e0e43fcf366e,TRIVIA,scheduled,2368b298b900b57b1d54c5f8b6cf6f1aafdebd9a3e3918411bbbf88109a4b4e3,212aac92a1da8532e5972f40437fe5263d519fb358a0ec6fa63c804d134831ac,12,public_reward,192,576,3,0.0,0.0,0.0,0.0,0.0,0.0,0.0,0.0,0.963916597707066,exact-sign-median,3.501940922711103,4.049392723971171,Descriptive pooled summary: environment replicas are independent clusters; algorithm replicas are averaged within each environment cluster.
bounded-symbolic-construct-validation.v1-calibration,calibration,07dabc814e26f8ace0ae6cf86ab10cfd6558bc9f32d2f48a751c5694bf35381c,eac4823bf31745572c74e75b5f98978ed84471f5e602e2ce1076e0e43fcf366e,TRIVIA,scheduled,2368b298b900b57b1d54c5f8b6cf6f1aafdebd9a3e3918411bbbf88109a4b4e3,212aac92a1da8532e5972f40437fe5263d519fb358a0ec6fa63c804d134831ac,12,relevant_information_nats,192,576,3,4.1088424145927,4.156537342945196,2.7703230468008435,4.158642888433059,0.15396586148648045,0.011111528946904016,4.14721871410821,4.156537342945196,0.963916597707066,exact-sign-median,3.501940922711103,4.049392723971171,Descriptive pooled summary: environment replicas are independent clusters; algorithm replicas are averaged within each environment cluster.
bounded-symbolic-construct-validation.v1-calibration,calibration,07dabc814e26f8ace0ae6cf86ab10cfd6558bc9f32d2f48a751c5694bf35381c,eac4823bf31745572c74e75b5f98978ed84471f5e602e2ce1076e0e43fcf366e,TRIVIA,scheduled,2368b298b900b57b1d54c5f8b6cf6f1aafdebd9a3e3918411bbbf88109a4b4e3,212aac92a1da8532e5972f40437fe5263d519fb358a0ec6fa63c804d134831ac,12,support.abstentions,192,576,3,0.020833333333333332,0.0,0.0,1.0,0.14319953981226086,0.010334536607304918,0.0,0.0,0.963916597707066,exact-sign-median,3.501940922711103,4.049392723971171,Descriptive pooled summary: environment replicas are independent clusters; algorithm replicas are averaged within each environment cluster.
bounded-symbolic-construct-validation.v1-calibration,calibration,07dabc814e26f8ace0ae6cf86ab10cfd6558bc9f32d2f48a751c5694bf35381c,eac4823bf31745572c74e75b5f98978ed84471f5e602e2ce1076e0e43fcf366e,TRIVIA,scheduled,2368b298b900b57b1d54c5f8b6cf6f1aafdebd9a3e3918411bbbf88109a4b4e3,212aac92a1da8532e5972f40437fe5263d519fb358a0ec6fa63c804d134831ac,12,support.correct_deployments,192,576,3,2.96875,3.0,2.0,3.0,0.17444751982408596,0.012589665316237326,3.0,3.0,0.963916597707066,exact-sign-median,3.501940922711103,4.049392723971171,Descriptive pooled summary: environment replicas are independent clusters; algorithm replicas are averaged within each environment cluster.
bounded-symbolic-construct-validation.v1-calibration,calibration,07dabc814e26f8ace0ae6cf86ab10cfd6558bc9f32d2f48a751c5694bf35381c,eac4823bf31745572c74e75b5f98978ed84471f5e602e2ce1076e0e43fcf366e,TRIVIA,scheduled,2368b298b900b57b1d54c5f8b6cf6f1aafdebd9a3e3918411bbbf88109a4b4e3,212aac92a1da8532e5972f40437fe5263d519fb358a0ec6fa63c804d134831ac,12,support.deployment_support,192,576,3,2.9791666666666665,3.0,2.0,3.0,0.14319953981226086,0.010334536607304918,3.0,3.0,0.963916597707066,exact-sign-median,3.501940922711103,4.049392723971171,Descriptive pooled summary: environment replicas are independent clusters; algorithm replicas are averaged within each environment cluster.
bounded-symbolic-construct-validation.v1-calibration,calibration,07dabc814e26f8ace0ae6cf86ab10cfd6558bc9f32d2f48a751c5694bf35381c,eac4823bf31745572c74e75b5f98978ed84471f5e602e2ce1076e0e43fcf366e,TRIVIA,scheduled,2368b298b900b57b1d54c5f8b6cf6f1aafdebd9a3e3918411bbbf88109a4b4e3,212aac92a1da8532e5972f40437fe5263d519fb358a0ec6fa63c804d134831ac,12,support.incorrect_deployments,192,576,3,0.010416666666666666,0.0,0.0,1.0,0.10179454378723674,0.007346388407199535,0.0,0.0,0.963916597707066,exact-sign-median,3.501940922711103,4.049392723971171,Descriptive pooled summary: environment replicas are independent clusters; algorithm replicas are averaged within each environment cluster.
bounded-symbolic-construct-validation.v1-calibration,calibration,07dabc814e26f8ace0ae6cf86ab10cfd6558bc9f32d2f48a751c5694bf35381c,eac4823bf31745572c74e75b5f98978ed84471f5e602e2ce1076e0e43fcf366e,TRIVIA,scheduled,2368b298b900b57b1d54c5f8b6cf6f1aafdebd9a3e3918411bbbf88109a4b4e3,212aac92a1da8532e5972f40437fe5263d519fb358a0ec6fa63c804d134831ac,12,support.mastered_independent_rules,192,576,3,2.96875,3.0,2.0,3.0,0.17444751982408596,0.012589665316237326,3.0,3.0,0.963916597707066,exact-sign-median,3.501940922711103,4.049392723971171,Descriptive pooled summary: environment replicas are independent clusters; algorithm replicas are averaged within each environment cluster.
bounded-symbolic-construct-validation.v1-calibration,calibration,07dabc814e26f8ace0ae6cf86ab10cfd6558bc9f32d2f48a751c5694bf35381c,eac4823bf31745572c74e75b5f98978ed84471f5e602e2ce1076e0e43fcf366e,TRIVIA,scheduled,2368b298b900b57b1d54c5f8b6cf6f1aafdebd9a3e3918411bbbf88109a4b4e3,212aac92a1da8532e5972f40437fe5263d519fb358a0ec6fa63c804d134831ac,12,total_information_nats,192,576,3,4.1088424145927,4.156537342945196,2.7703230468008435,4.158642888433059,0.15396586148648042,0.011111528946904014,4.147218714108211,4.156537342945196,0.963916597707066,exact-sign-median,3.501940922711103,4.049392723971171,Descriptive pooled summary: environment replicas are independent clusters; algorithm replicas are averaged within each environment cluster.
bounded-symbolic-construct-validation.v1-calibration,calibration,07dabc814e26f8ace0ae6cf86ab10cfd6558bc9f32d2f48a751c5694bf35381c,eac4823bf31745572c74e75b5f98978ed84471f5e602e2ce1076e0e43fcf366e,TRIVIA,reward,2368b298b900b57b1d54c5f8b6cf6f1aafdebd9a3e3918411bbbf88109a4b4e3,57ca2562042148839b133aec8c82c555375df8c666bac3d5b85a10d89f557416,12,compute.deployment_evaluations,192,576,3,1.0,1.0,1.0,1.0,0.0,0.0,1.0,1.0,0.963916597707066,exact-sign-median,3.501940922711103,4.0722032155104415,Descriptive pooled summary: environment replicas are independent clusters; algorithm replicas are averaged within each environment cluster.
bounded-symbolic-construct-validation.v1-calibration,calibration,07dabc814e26f8ace0ae6cf86ab10cfd6558bc9f32d2f48a751c5694bf35381c,eac4823bf31745572c74e75b5f98978ed84471f5e602e2ce1076e0e43fcf366e,TRIVIA,reward,2368b298b900b57b1d54c5f8b6cf6f1aafdebd9a3e3918411bbbf88109a4b4e3,57ca2562042148839b133aec8c82c555375df8c666bac3d5b85a10d89f557416,12,compute.environment_steps,192,576,3,12.0,12.0,12.0,12.0,0.0,0.0,12.0,12.0,0.963916597707066,exact-sign-median,3.501940922711103,4.0722032155104415,Descriptive pooled summary: environment replicas are independent clusters; algorithm replicas are averaged within each environment cluster.
bounded-symbolic-construct-validation.v1-calibration,calibration,07dabc814e26f8ace0ae6cf86ab10cfd6558bc9f32d2f48a751c5694bf35381c,eac4823bf31745572c74e75b5f98978ed84471f5e602e2ce1076e0e43fcf366e,TRIVIA,reward,2368b298b900b57b1d54c5f8b6cf6f1aafdebd9a3e3918411bbbf88109a4b4e3,57ca2562042148839b133aec8c82c555375df8c666bac3d5b85a10d89f557416,12,compute.frontier_solver_calls,192,576,3,13.0,13.0,13.0,13.0,0.0,0.0,13.0,13.0,0.963916597707066,exact-sign-median,3.501940922711103,4.0722032155104415,Descriptive pooled summary: environment replicas are independent clusters; algorithm replicas are averaged within each environment cluster.
bounded-symbolic-construct-validation.v1-calibration,calibration,07dabc814e26f8ace0ae6cf86ab10cfd6558bc9f32d2f48a751c5694bf35381c,eac4823bf31745572c74e75b5f98978ed84471f5e602e2ce1076e0e43fcf366e,TRIVIA,reward,2368b298b900b57b1d54c5f8b6cf6f1aafdebd9a3e3918411bbbf88109a4b4e3,57ca2562042148839b133aec8c82c555375df8c666bac3d5b85a10d89f557416,12,compute.posterior_updates,192,576,3,7.484375,7.0,6.0,12.0,1.7601328227751323,0.1270266448798398,6.0,7.333333333333333,0.963916597707066,exact-sign-median,3.501940922711103,4.0722032155104415,Descriptive pooled summary: environment replicas are independent clusters; algorithm replicas are averaged within each environment cluster.
bounded-symbolic-construct-validation.v1-calibration,calibration,07dabc814e26f8ace0ae6cf86ab10cfd6558bc9f32d2f48a751c5694bf35381c,eac4823bf31745572c74e75b5f98978ed84471f5e602e2ce1076e0e43fcf366e,TRIVIA,reward,2368b298b900b57b1d54c5f8b6cf6f1aafdebd9a3e3918411bbbf88109a4b4e3,57ca2562042148839b133aec8c82c555375df8c666bac3d5b85a10d89f557416,12,compute.queries,192,576,3,7.484375,7.0,6.0,12.0,1.7601328227751323,0.1270266448798398,6.0,7.333333333333333,0.963916597707066,exact-sign-median,3.501940922711103,4.0722032155104415,Descriptive pooled summary: environment replicas are independent clusters; algorithm replicas are averaged within each environment cluster.
bounded-symbolic-construct-validation.v1-calibration,calibration,07dabc814e26f8ace0ae6cf86ab10cfd6558bc9f32d2f48a751c5694bf35381c,eac4823bf31745572c74e75b5f98978ed84471f5e602e2ce1076e0e43fcf366e,TRIVIA,reward,2368b298b900b57b1d54c5f8b6cf6f1aafdebd9a3e3918411bbbf88109a4b4e3,57ca2562042148839b133aec8c82c555375df8c666bac3d5b85a10d89f557416,12,distractor_information_nats,192,576,3,0.0,0.0,0.0,0.0,0.0,0.0,0.0,0.0,0.963916597707066,exact-sign-median,3.501940922711103,4.0722032155104415,Descriptive pooled summary: environment replicas are independent clusters; algorithm replicas are averaged within each environment cluster.
bounded-symbolic-construct-validation.v1-calibration,calibration,07dabc814e26f8ace0ae6cf86ab10cfd6558bc9f32d2f48a751c5694bf35381c,eac4823bf31745572c74e75b5f98978ed84471f5e602e2ce1076e0e43fcf366e,TRIVIA,reward,2368b298b900b57b1d54c5f8b6cf6f1aafdebd9a3e3918411bbbf88109a4b4e3,57ca2562042148839b133aec8c82c555375df8c666bac3d5b85a10d89f557416,12,expected_reward,192,576,3,2.967013888888889,3.0,1.6666666666666667,3.0,0.17906711860333843,0.012923056141081012,3.0,3.0,0.963916597707066,exact-sign-median,3.501940922711103,4.0722032155104415,Descriptive pooled summary: environment replicas are independent clusters; algorithm replicas are averaged within each environment cluster.
bounded-symbolic-construct-validation.v1-calibration,calibration,07dabc814e26f8ace0ae6cf86ab10cfd6558bc9f32d2f48a751c5694bf35381c,eac4823bf31745572c74e75b5f98978ed84471f5e602e2ce1076e0e43fcf366e,TRIVIA,reward,2368b298b900b57b1d54c5f8b6cf6f1aafdebd9a3e3918411bbbf88109a4b4e3,57ca2562042148839b133aec8c82c555375df8c666bac3d5b85a10d89f557416,12,hidden_expected_reward,192,576,3,2.967013888888889,3.0,1.6666666666666667,3.0,0.17906711860333843,0.012923056141081012,3.0,3.0,0.963916597707066,exact-sign-median,3.501940922711103,4.0722032155104415,Descriptive pooled summary: environment replicas are independent clusters; algorithm replicas are averaged within each environment cluster.
bounded-symbolic-construct-validation.v1-calibration,calibration,07dabc814e26f8ace0ae6cf86ab10cfd6558bc9f32d2f48a751c5694bf35381c,eac4823bf31745572c74e75b5f98978ed84471f5e602e2ce1076e0e43fcf366e,TRIVIA,reward,2368b298b900b57b1d54c5f8b6cf6f1aafdebd9a3e3918411bbbf88109a4b4e3,57ca2562042148839b133aec8c82c555375df8c666bac3d5b85a10d89f557416,12,information.approximation_residual_nats,192,576,3,0.0,0.0,0.0,0.0,0.0,0.0,0.0,0.0,0.963916597707066,exact-sign-median,3.501940922711103,4.0722032155104415,Descriptive pooled summary: environment replicas are independent clusters; algorithm replicas are averaged within each environment cluster.
bounded-symbolic-construct-validation.v1-calibration,calibration,07dabc814e26f8ace0ae6cf86ab10cfd6558bc9f32d2f48a751c5694bf35381c,eac4823bf31745572c74e75b5f98978ed84471f5e602e2ce1076e0e43fcf366e,TRIVIA,reward,2368b298b900b57b1d54c5f8b6cf6f1aafdebd9a3e3918411bbbf88109a4b4e3,57ca2562042148839b133aec8c82c555375df8c666bac3d5b85a10d89f557416,12,information.dynamic_state_nats,192,576,3,0.0,0.0,0.0,0.0,0.0,0.0,0.0,0.0,0.963916597707066,exact-sign-median,3.501940922711103,4.0722032155104415,Descriptive pooled summary: environment replicas are independent clusters; algorithm replicas are averaged within each environment cluster.
bounded-symbolic-construct-validation.v1-calibration,calibration,07dabc814e26f8ace0ae6cf86ab10cfd6558bc9f32d2f48a751c5694bf35381c,eac4823bf31745572c74e75b5f98978ed84471f5e602e2ce1076e0e43fcf366e,TRIVIA,reward,2368b298b900b57b1d54c5f8b6cf6f1aafdebd9a3e3918411bbbf88109a4b4e3,57ca2562042148839b133aec8c82c555375df8c666bac3d5b85a10d89f557416,12,information.persistent_distractor_nats,192,576,3,0.0,0.0,0.0,0.0,0.0,0.0,0.0,0.0,0.963916597707066,exact-sign-median,3.501940922711103,4.0722032155104415,Descriptive pooled summary: environment replicas are independent clusters; algorithm replicas are averaged within each environment cluster.
bounded-symbolic-construct-validation.v1-calibration,calibration,07dabc814e26f8ace0ae6cf86ab10cfd6558bc9f32d2f48a751c5694bf35381c,eac4823bf31745572c74e75b5f98978ed84471f5e602e2ce1076e0e43fcf366e,TRIVIA,reward,2368b298b900b57b1d54c5f8b6cf6f1aafdebd9a3e3918411bbbf88109a4b4e3,57ca2562042148839b133aec8c82c555375df8c666bac3d5b85a10d89f557416,12,information.reward_relevant_nats,192,576,3,4.0734313401771125,4.072056768309204,3.7000678047674014,4.115124143556708,0.030440532881743605,0.0021968562316937905,4.06551756866554,4.078595967952867,0.963916597707066,exact-sign-median,3.501940922711103,4.0722032155104415,Descriptive pooled summary: environment replicas are independent clusters; algorithm replicas are averaged within each environment cluster.
bounded-symbolic-construct-validation.v1-calibration,calibration,07dabc814e26f8ace0ae6cf86ab10cfd6558bc9f32d2f48a751c5694bf35381c,eac4823bf31745572c74e75b5f98978ed84471f5e602e2ce1076e0e43fcf366e,TRIVIA,reward,2368b298b900b57b1d54c5f8b6cf6f1aafdebd9a3e3918411bbbf88109a4b4e3,57ca2562042148839b133aec8c82c555375df8c666bac3d5b85a10d89f557416,12,information.shared_core_nats,192,576,3,0.0,0.0,0.0,0.0,0.0,0.0,0.0,0.0,0.963916597707066,exact-sign-median,3.501940922711103,4.0722032155104415,Descriptive pooled summary: environment replicas are independent clusters; algorithm replicas are averaged within each environment cluster.
bounded-symbolic-construct-validation.v1-calibration,calibration,07dabc814e26f8ace0ae6cf86ab10cfd6558bc9f32d2f48a751c5694bf35381c,eac4823bf31745572c74e75b5f98978ed84471f5e602e2ce1076e0e43fcf366e,TRIVIA,reward,2368b298b900b57b1d54c5f8b6cf6f1aafdebd9a3e3918411bbbf88109a4b4e3,57ca2562042148839b133aec8c82c555375df8c666bac3d5b85a10d89f557416,12,information.total_acquired_nats,192,576,3,4.0734313401771125,4.072056768309204,3.7000678047674014,4.115124143556708,0.03044053288174374,0.0021968562316938005,4.065517568665539,4.078595967952867,0.963916597707066,exact-sign-median,3.501940922711103,4.0722032155104415,Descriptive pooled summary: environment replicas are independent clusters; algorithm replicas are averaged within each environment cluster.
bounded-symbolic-construct-validation.v1-calibration,calibration,07dabc814e26f8ace0ae6cf86ab10cfd6558bc9f32d2f48a751c5694bf35381c,eac4823bf31745572c74e75b5f98978ed84471f5e602e2ce1076e0e43fcf366e,TRIVIA,reward,2368b298b900b57b1d54c5f8b6cf6f1aafdebd9a3e3918411bbbf88109a4b4e3,57ca2562042148839b133aec8c82c555375df8c666bac3d5b85a10d89f557416,12,novelty.aleatoric_observation_novelty,192,576,3,0.0,0.0,0.0,0.0,0.0,0.0,0.0,0.0,0.963916597707066,exact-sign-median,3.501940922711103,4.0722032155104415,Descriptive pooled summary: environment replicas are independent clusters; algorithm replicas are averaged within each environment cluster.
bounded-symbolic-construct-validation.v1-calibration,calibration,07dabc814e26f8ace0ae6cf86ab10cfd6558bc9f32d2f48a751c5694bf35381c,eac4823bf31745572c74e75b5f98978ed84471f5e602e2ce1076e0e43fcf366e,TRIVIA,reward,2368b298b900b57b1d54c5f8b6cf6f1aafdebd9a3e3918411bbbf88109a4b4e3,57ca2562042148839b133aec8c82c555375df8c666bac3d5b85a10d89f557416,12,novelty.behavioral_novelty,192,576,3,0.9994212962962963,1.0,0.8888888888888888,1.0,0.008018753738744807,0.0005787037037037041,1.0,1.0,0.963916597707066,exact-sign-median,3.501940922711103,4.0722032155104415,Descriptive pooled summary: environment replicas are independent clusters; algorithm replicas are averaged within each environment cluster.
bounded-symbolic-construct-validation.v1-calibration,calibration,07dabc814e26f8ace0ae6cf86ab10cfd6558bc9f32d2f48a751c5694bf35381c,eac4823bf31745572c74e75b5f98978ed84471f5e602e2ce1076e0e43fcf366e,TRIVIA,reward,2368b298b900b57b1d54c5f8b6cf6f1aafdebd9a3e3918411bbbf88109a4b4e3,57ca2562042148839b133aec8c82c555375df8c666bac3d5b85a10d89f557416,12,novelty.compression_improvement,192,576,3,4.0734313401771125,4.072056768309204,3.7000678047674014,4.115124143556708,0.03044053288174374,0.0021968562316938005,4.065517568665539,4.078595967952867,0.963916597707066,exact-sign-median,3.501940922711103,4.0722032155104415,Descriptive pooled summary: environment replicas are independent clusters; algorithm replicas are averaged within each environment cluster.
bounded-symbolic-construct-validation.v1-calibration,calibration,07dabc814e26f8ace0ae6cf86ab10cfd6558bc9f32d2f48a751c5694bf35381c,eac4823bf31745572c74e75b5f98978ed84471f5e602e2ce1076e0e43fcf366e,TRIVIA,reward,2368b298b900b57b1d54c5f8b6cf6f1aafdebd9a3e3918411bbbf88109a4b4e3,57ca2562042148839b133aec8c82c555375df8c666bac3d5b85a10d89f557416,12,novelty.count_novelty,192,576,3,0.4236545138888889,0.4458333333333333,0.25,0.5,0.08291348830043177,0.005983765598713146,0.4166666666666667,0.5,0.963916597707066,exact-sign-median,3.501940922711103,4.0722032155104415,Descriptive pooled summary: environment replicas are independent clusters; algorithm replicas are averaged within each environment cluster.
bounded-symbolic-construct-validation.v1-calibration,calibration,07dabc814e26f8ace0ae6cf86ab10cfd6558bc9f32d2f48a751c5694bf35381c,eac4823bf31745572c74e75b5f98978ed84471f5e602e2ce1076e0e43fcf366e,TRIVIA,reward,2368b298b900b57b1d54c5f8b6cf6f1aafdebd9a3e3918411bbbf88109a4b4e3,57ca2562042148839b133aec8c82c555375df8c666bac3d5b85a10d89f557416,12,novelty.latent_visitation_novelty,192,576,3,1.0,1.0,1.0,1.0,0.0,0.0,1.0,1.0,0.963916597707066,exact-sign-median,3.501940922711103,4.0722032155104415,Descriptive pooled summary: environment replicas are independent clusters; algorithm replicas are averaged within each environment cluster.
bounded-symbolic-construct-validation.v1-calibration,calibration,07dabc814e26f8ace0ae6cf86ab10cfd6558bc9f32d2f48a751c5694bf35381c,eac4823bf31745572c74e75b5f98978ed84471f5e602e2ce1076e0e43fcf366e,TRIVIA,reward,2368b298b900b57b1d54c5f8b6cf6f1aafdebd9a3e3918411bbbf88109a4b4e3,57ca2562042148839b133aec8c82c555375df8c666bac3d5b85a10d89f557416,12,novelty.observation_prediction_error,192,576,3,0.4477002814307744,0.4577208453742096,0.3533889490773537,0.46833333333333343,0.02546072455252294,0.0018374695217702544,0.44710835741508564,0.46833333333333343,0.963916597707066,exact-sign-median,3.501940922711103,4.0722032155104415,Descriptive pooled summary: environment replicas are independent clusters; algorithm replicas are averaged within each environment cluster.
bounded-symbolic-construct-validation.v1-calibration,calibration,07dabc814e26f8ace0ae6cf86ab10cfd6558bc9f32d2f48a751c5694bf35381c,eac4823bf31745572c74e75b5f98978ed84471f5e602e2ce1076e0e43fcf366e,TRIVIA,reward,2368b298b900b57b1d54c5f8b6cf6f1aafdebd9a3e3918411bbbf88109a4b4e3,57ca2562042148839b133aec8c82c555375df8c666bac3d5b85a10d89f557416,12,novelty.persistent_trivia_novelty,192,576,3,0.0,0.0,0.0,0.0,0.0,0.0,0.0,0.0,0.963916597707066,exact-sign-median,3.501940922711103,4.0722032155104415,Descriptive pooled summary: environment replicas are independent clusters; algorithm replicas are averaged within each environment cluster.
bounded-symbolic-construct-validation.v1-calibration,calibration,07dabc814e26f8ace0ae6cf86ab10cfd6558bc9f32d2f48a751c5694bf35381c,eac4823bf31745572c74e75b5f98978ed84471f5e602e2ce1076e0e43fcf366e,TRIVIA,reward,2368b298b900b57b1d54c5f8b6cf6f1aafdebd9a3e3918411bbbf88109a4b4e3,57ca2562042148839b133aec8c82c555375df8c666bac3d5b85a10d89f557416,12,public_reward,192,576,3,0.0,0.0,0.0,0.0,0.0,0.0,0.0,0.0,0.963916597707066,exact-sign-median,3.501940922711103,4.0722032155104415,Descriptive pooled summary: environment replicas are independent clusters; algorithm replicas are averaged within each environment cluster.
bounded-symbolic-construct-validation.v1-calibration,calibration,07dabc814e26f8ace0ae6cf86ab10cfd6558bc9f32d2f48a751c5694bf35381c,eac4823bf31745572c74e75b5f98978ed84471f5e602e2ce1076e0e43fcf366e,TRIVIA,reward,2368b298b900b57b1d54c5f8b6cf6f1aafdebd9a3e3918411bbbf88109a4b4e3,57ca2562042148839b133aec8c82c555375df8c666bac3d5b85a10d89f557416,12,relevant_information_nats,192,576,3,4.0734313401771125,4.072056768309204,3.7000678047674014,4.115124143556708,0.030440532881743605,0.0021968562316937905,4.06551756866554,4.078595967952867,0.963916597707066,exact-sign-median,3.501940922711103,4.0722032155104415,Descriptive pooled summary: environment replicas are independent clusters; algorithm replicas are averaged within each environment cluster.
bounded-symbolic-construct-validation.v1-calibration,calibration,07dabc814e26f8ace0ae6cf86ab10cfd6558bc9f32d2f48a751c5694bf35381c,eac4823bf31745572c74e75b5f98978ed84471f5e602e2ce1076e0e43fcf366e,TRIVIA,reward,2368b298b900b57b1d54c5f8b6cf6f1aafdebd9a3e3918411bbbf88109a4b4e3,57ca2562042148839b133aec8c82c555375df8c666bac3d5b85a10d89f557416,12,support.abstentions,192,576,3,0.001736111111111111,0.0,0.0,0.3333333333333333,0.024056261216234404,0.001736111111111111,0.0,0.0,0.963916597707066,exact-sign-median,3.501940922711103,4.0722032155104415,Descriptive pooled summary: environment replicas are independent clusters; algorithm replicas are averaged within each environment cluster.
bounded-symbolic-construct-validation.v1-calibration,calibration,07dabc814e26f8ace0ae6cf86ab10cfd6558bc9f32d2f48a751c5694bf35381c,eac4823bf31745572c74e75b5f98978ed84471f5e602e2ce1076e0e43fcf366e,TRIVIA,reward,2368b298b900b57b1d54c5f8b6cf6f1aafdebd9a3e3918411bbbf88109a4b4e3,57ca2562042148839b133aec8c82c555375df8c666bac3d5b85a10d89f557416,12,support.correct_deployments,192,576,3,2.982638888888889,3.0,2.3333333333333335,3.0,0.0948933655432378,0.0068483387675872375,3.0,3.0,0.963916597707066,exact-sign-median,3.501940922711103,4.0722032155104415,Descriptive pooled summary: environment replicas are independent clusters; algorithm replicas are averaged within each environment cluster.
bounded-symbolic-construct-validation.v1-calibration,calibration,07dabc814e26f8ace0ae6cf86ab10cfd6558bc9f32d2f48a751c5694bf35381c,eac4823bf31745572c74e75b5f98978ed84471f5e602e2ce1076e0e43fcf366e,TRIVIA,reward,2368b298b900b57b1d54c5f8b6cf6f1aafdebd9a3e3918411bbbf88109a4b4e3,57ca2562042148839b133aec8c82c555375df8c666bac3d5b85a10d89f557416,12,support.deployment_support,192,576,3,2.998263888888889,3.0,2.6666666666666665,3.0,0.024056261216234418,0.001736111111111112,3.0,3.0,0.963916597707066,exact-sign-median,3.501940922711103,4.0722032155104415,Descriptive pooled summary: environment replicas are independent clusters; algorithm replicas are averaged within each environment cluster.
bounded-symbolic-construct-validation.v1-calibration,calibration,07dabc814e26f8ace0ae6cf86ab10cfd6558bc9f32d2f48a751c5694bf35381c,eac4823bf31745572c74e75b5f98978ed84471f5e602e2ce1076e0e43fcf366e,TRIVIA,reward,2368b298b900b57b1d54c5f8b6cf6f1aafdebd9a3e3918411bbbf88109a4b4e3,57ca2562042148839b133aec8c82c555375df8c666bac3d5b85a10d89f557416,12,support.incorrect_deployments,192,576,3,0.015625,0.0,0.0,0.6666666666666666,0.08554015145053424,0.0061733286833109136,0.0,0.0,0.963916597707066,exact-sign-median,3.501940922711103,4.0722032155104415,Descriptive pooled summary: environment replicas are independent clusters; algorithm replicas are averaged within each environment cluster.
bounded-symbolic-construct-validation.v1-calibration,calibration,07dabc814e26f8ace0ae6cf86ab10cfd6558bc9f32d2f48a751c5694bf35381c,eac4823bf31745572c74e75b5f98978ed84471f5e602e2ce1076e0e43fcf366e,TRIVIA,reward,2368b298b900b57b1d54c5f8b6cf6f1aafdebd9a3e3918411bbbf88109a4b4e3,57ca2562042148839b133aec8c82c555375df8c666bac3d5b85a10d89f557416,12,support.mastered_independent_rules,192,576,3,2.982638888888889,3.0,2.3333333333333335,3.0,0.0948933655432378,0.0068483387675872375,3.0,3.0,0.963916597707066,exact-sign-median,3.501940922711103,4.0722032155104415,Descriptive pooled summary: environment replicas are independent clusters; algorithm replicas are averaged within each environment cluster.
bounded-symbolic-construct-validation.v1-calibration,calibration,07dabc814e26f8ace0ae6cf86ab10cfd6558bc9f32d2f48a751c5694bf35381c,eac4823bf31745572c74e75b5f98978ed84471f5e602e2ce1076e0e43fcf366e,TRIVIA,reward,2368b298b900b57b1d54c5f8b6cf6f1aafdebd9a3e3918411bbbf88109a4b4e3,57ca2562042148839b133aec8c82c555375df8c666bac3d5b85a10d89f557416,12,total_information_nats,192,576,3,4.0734313401771125,4.072056768309204,3.7000678047674014,4.115124143556708,0.03044053288174374,0.0021968562316938005,4.065517568665539,4.078595967952867,0.963916597707066,exact-sign-median,3.501940922711103,4.0722032155104415,Descriptive pooled summary: environment replicas are independent clusters; algorithm replicas are averaged within each environment cluster.
bounded-symbolic-construct-validation.v1-calibration,calibration,07dabc814e26f8ace0ae6cf86ab10cfd6558bc9f32d2f48a751c5694bf35381c,eac4823bf31745572c74e75b5f98978ed84471f5e602e2ce1076e0e43fcf366e,TRIVIA,relevant-information,2368b298b900b57b1d54c5f8b6cf6f1aafdebd9a3e3918411bbbf88109a4b4e3,861f07a9aadf16023896b000a1054fb2060a2afb3cffe8500f5257b21f78c8d9,12,compute.deployment_evaluations,192,576,3,1.0,1.0,1.0,1.0,0.0,0.0,1.0,1.0,0.963916597707066,exact-sign-median,3.501940922711103,4.131510493512547,Descriptive pooled summary: environment replicas are independent clusters; algorithm replicas are averaged within each environment cluster.
bounded-symbolic-construct-validation.v1-calibration,calibration,07dabc814e26f8ace0ae6cf86ab10cfd6558bc9f32d2f48a751c5694bf35381c,eac4823bf31745572c74e75b5f98978ed84471f5e602e2ce1076e0e43fcf366e,TRIVIA,relevant-information,2368b298b900b57b1d54c5f8b6cf6f1aafdebd9a3e3918411bbbf88109a4b4e3,861f07a9aadf16023896b000a1054fb2060a2afb3cffe8500f5257b21f78c8d9,12,compute.environment_steps,192,576,3,12.0,12.0,12.0,12.0,0.0,0.0,12.0,12.0,0.963916597707066,exact-sign-median,3.501940922711103,4.131510493512547,Descriptive pooled summary: environment replicas are independent clusters; algorithm replicas are averaged within each environment cluster.
bounded-symbolic-construct-validation.v1-calibration,calibration,07dabc814e26f8ace0ae6cf86ab10cfd6558bc9f32d2f48a751c5694bf35381c,eac4823bf31745572c74e75b5f98978ed84471f5e602e2ce1076e0e43fcf366e,TRIVIA,relevant-information,2368b298b900b57b1d54c5f8b6cf6f1aafdebd9a3e3918411bbbf88109a4b4e3,861f07a9aadf16023896b000a1054fb2060a2afb3cffe8500f5257b21f78c8d9,12,compute.frontier_solver_calls,192,576,3,13.0,13.0,13.0,13.0,0.0,0.0,13.0,13.0,0.963916597707066,exact-sign-median,3.501940922711103,4.131510493512547,Descriptive pooled summary: environment replicas are independent clusters; algorithm replicas are averaged within each environment cluster.
bounded-symbolic-construct-validation.v1-calibration,calibration,07dabc814e26f8ace0ae6cf86ab10cfd6558bc9f32d2f48a751c5694bf35381c,eac4823bf31745572c74e75b5f98978ed84471f5e602e2ce1076e0e43fcf366e,TRIVIA,relevant-information,2368b298b900b57b1d54c5f8b6cf6f1aafdebd9a3e3918411bbbf88109a4b4e3,861f07a9aadf16023896b000a1054fb2060a2afb3cffe8500f5257b21f78c8d9,12,compute.posterior_updates,192,576,3,12.0,12.0,12.0,12.0,0.0,0.0,12.0,12.0,0.963916597707066,exact-sign-median,3.501940922711103,4.131510493512547,Descriptive pooled summary: environment replicas are independent clusters; algorithm replicas are averaged within each environment cluster.
bounded-symbolic-construct-validation.v1-calibration,calibration,07dabc814e26f8ace0ae6cf86ab10cfd6558bc9f32d2f48a751c5694bf35381c,eac4823bf31745572c74e75b5f98978ed84471f5e602e2ce1076e0e43fcf366e,TRIVIA,relevant-information,2368b298b900b57b1d54c5f8b6cf6f1aafdebd9a3e3918411bbbf88109a4b4e3,861f07a9aadf16023896b000a1054fb2060a2afb3cffe8500f5257b21f78c8d9,12,compute.queries,192,576,3,12.0,12.0,12.0,12.0,0.0,0.0,12.0,12.0,0.963916597707066,exact-sign-median,3.501940922711103,4.131510493512547,Descriptive pooled summary: environment replicas are independent clusters; algorithm replicas are averaged within each environment cluster.
bounded-symbolic-construct-validation.v1-calibration,calibration,07dabc814e26f8ace0ae6cf86ab10cfd6558bc9f32d2f48a751c5694bf35381c,eac4823bf31745572c74e75b5f98978ed84471f5e602e2ce1076e0e43fcf366e,TRIVIA,relevant-information,2368b298b900b57b1d54c5f8b6cf6f1aafdebd9a3e3918411bbbf88109a4b4e3,861f07a9aadf16023896b000a1054fb2060a2afb3cffe8500f5257b21f78c8d9,12,distractor_information_nats,192,576,3,0.0,0.0,0.0,0.0,0.0,0.0,0.0,0.0,0.963916597707066,exact-sign-median,3.501940922711103,4.131510493512547,Descriptive pooled summary: environment replicas are independent clusters; algorithm replicas are averaged within each environment cluster.
bounded-symbolic-construct-validation.v1-calibration,calibration,07dabc814e26f8ace0ae6cf86ab10cfd6558bc9f32d2f48a751c5694bf35381c,eac4823bf31745572c74e75b5f98978ed84471f5e602e2ce1076e0e43fcf366e,TRIVIA,relevant-information,2368b298b900b57b1d54c5f8b6cf6f1aafdebd9a3e3918411bbbf88109a4b4e3,861f07a9aadf16023896b000a1054fb2060a2afb3cffe8500f5257b21f78c8d9,12,expected_reward,192,576,3,2.9895833333333335,3.0,2.3333333333333335,3.0,0.0828958849925079,0.005982495189392087,3.0,3.0,0.963916597707066,exact-sign-median,3.501940922711103,4.131510493512547,Descriptive pooled summary: environment replicas are independent clusters; algorithm replicas are averaged within each environment cluster.
bounded-symbolic-construct-validation.v1-calibration,calibration,07dabc814e26f8ace0ae6cf86ab10cfd6558bc9f32d2f48a751c5694bf35381c,eac4823bf31745572c74e75b5f98978ed84471f5e602e2ce1076e0e43fcf366e,TRIVIA,relevant-information,2368b298b900b57b1d54c5f8b6cf6f1aafdebd9a3e3918411bbbf88109a4b4e3,861f07a9aadf16023896b000a1054fb2060a2afb3cffe8500f5257b21f78c8d9,12,hidden_expected_reward,192,576,3,2.9895833333333335,3.0,2.3333333333333335,3.0,0.0828958849925079,0.005982495189392087,3.0,3.0,0.963916597707066,exact-sign-median,3.501940922711103,4.131510493512547,Descriptive pooled summary: environment replicas are independent clusters; algorithm replicas are averaged within each environment cluster.
bounded-symbolic-construct-validation.v1-calibration,calibration,07dabc814e26f8ace0ae6cf86ab10cfd6558bc9f32d2f48a751c5694bf35381c,eac4823bf31745572c74e75b5f98978ed84471f5e602e2ce1076e0e43fcf366e,TRIVIA,relevant-information,2368b298b900b57b1d54c5f8b6cf6f1aafdebd9a3e3918411bbbf88109a4b4e3,861f07a9aadf16023896b000a1054fb2060a2afb3cffe8500f5257b21f78c8d9,12,information.approximation_residual_nats,192,576,3,0.0,0.0,0.0,0.0,0.0,0.0,0.0,0.0,0.963916597707066,exact-sign-median,3.501940922711103,4.131510493512547,Descriptive pooled summary: environment replicas are independent clusters; algorithm replicas are averaged within each environment cluster.
bounded-symbolic-construct-validation.v1-calibration,calibration,07dabc814e26f8ace0ae6cf86ab10cfd6558bc9f32d2f48a751c5694bf35381c,eac4823bf31745572c74e75b5f98978ed84471f5e602e2ce1076e0e43fcf366e,TRIVIA,relevant-information,2368b298b900b57b1d54c5f8b6cf6f1aafdebd9a3e3918411bbbf88109a4b4e3,861f07a9aadf16023896b000a1054fb2060a2afb3cffe8500f5257b21f78c8d9,12,information.dynamic_state_nats,192,576,3,0.0,0.0,0.0,0.0,0.0,0.0,0.0,0.0,0.963916597707066,exact-sign-median,3.501940922711103,4.131510493512547,Descriptive pooled summary: environment replicas are independent clusters; algorithm replicas are averaged within each environment cluster.
bounded-symbolic-construct-validation.v1-calibration,calibration,07dabc814e26f8ace0ae6cf86ab10cfd6558bc9f32d2f48a751c5694bf35381c,eac4823bf31745572c74e75b5f98978ed84471f5e602e2ce1076e0e43fcf366e,TRIVIA,relevant-information,2368b298b900b57b1d54c5f8b6cf6f1aafdebd9a3e3918411bbbf88109a4b4e3,861f07a9aadf16023896b000a1054fb2060a2afb3cffe8500f5257b21f78c8d9,12,information.persistent_distractor_nats,192,576,3,0.0,0.0,0.0,0.0,0.0,0.0,0.0,0.0,0.963916597707066,exact-sign-median,3.501940922711103,4.131510493512547,Descriptive pooled summary: environment replicas are independent clusters; algorithm replicas are averaged within each environment cluster.
bounded-symbolic-construct-validation.v1-calibration,calibration,07dabc814e26f8ace0ae6cf86ab10cfd6558bc9f32d2f48a751c5694bf35381c,eac4823bf31745572c74e75b5f98978ed84471f5e602e2ce1076e0e43fcf366e,TRIVIA,relevant-information,2368b298b900b57b1d54c5f8b6cf6f1aafdebd9a3e3918411bbbf88109a4b4e3,861f07a9aadf16023896b000a1054fb2060a2afb3cffe8500f5257b21f78c8d9,12,information.reward_relevant_nats,192,576,3,4.143092927686408,4.154282414198354,3.952253936475076,4.158642888433059,0.03284815889393606,0.0023706116724746982,4.152729284836914,4.156537342945196,0.963916597707066,exact-sign-median,3.501940922711103,4.131510493512547,Descriptive pooled summary: environment replicas are independent clusters; algorithm replicas are averaged within each environment cluster.
bounded-symbolic-construct-validation.v1-calibration,calibration,07dabc814e26f8ace0ae6cf86ab10cfd6558bc9f32d2f48a751c5694bf35381c,eac4823bf31745572c74e75b5f98978ed84471f5e602e2ce1076e0e43fcf366e,TRIVIA,relevant-information,2368b298b900b57b1d54c5f8b6cf6f1aafdebd9a3e3918411bbbf88109a4b4e3,861f07a9aadf16023896b000a1054fb2060a2afb3cffe8500f5257b21f78c8d9,12,information.shared_core_nats,192,576,3,0.0,0.0,0.0,0.0,0.0,0.0,0.0,0.0,0.963916597707066,exact-sign-median,3.501940922711103,4.131510493512547,Descriptive pooled summary: environment replicas are independent clusters; algorithm replicas are averaged within each environment cluster.
bounded-symbolic-construct-validation.v1-calibration,calibration,07dabc814e26f8ace0ae6cf86ab10cfd6558bc9f32d2f48a751c5694bf35381c,eac4823bf31745572c74e75b5f98978ed84471f5e602e2ce1076e0e43fcf366e,TRIVIA,relevant-information,2368b298b900b57b1d54c5f8b6cf6f1aafdebd9a3e3918411bbbf88109a4b4e3,861f07a9aadf16023896b000a1054fb2060a2afb3cffe8500f5257b21f78c8d9,12,information.total_acquired_nats,192,576,3,4.143092927686408,4.154282414198354,3.9522539364750764,4.158642888433059,0.03284815889393598,0.0023706116724746926,4.152729284836913,4.156537342945196,0.963916597707066,exact-sign-median,3.501940922711103,4.131510493512547,Descriptive pooled summary: environment replicas are independent clusters; algorithm replicas are averaged within each environment cluster.
bounded-symbolic-construct-validation.v1-calibration,calibration,07dabc814e26f8ace0ae6cf86ab10cfd6558bc9f32d2f48a751c5694bf35381c,eac4823bf31745572c74e75b5f98978ed84471f5e602e2ce1076e0e43fcf366e,TRIVIA,relevant-information,2368b298b900b57b1d54c5f8b6cf6f1aafdebd9a3e3918411bbbf88109a4b4e3,861f07a9aadf16023896b000a1054fb2060a2afb3cffe8500f5257b21f78c8d9,12,novelty.aleatoric_observation_novelty,192,576,3,0.0,0.0,0.0,0.0,0.0,0.0,0.0,0.0,0.963916597707066,exact-sign-median,3.501940922711103,4.131510493512547,Descriptive pooled summary: environment replicas are independent clusters; algorithm replicas are averaged within each environment cluster.
bounded-symbolic-construct-validation.v1-calibration,calibration,07dabc814e26f8ace0ae6cf86ab10cfd6558bc9f32d2f48a751c5694bf35381c,eac4823bf31745572c74e75b5f98978ed84471f5e602e2ce1076e0e43fcf366e,TRIVIA,relevant-information,2368b298b900b57b1d54c5f8b6cf6f1aafdebd9a3e3918411bbbf88109a4b4e3,861f07a9aadf16023896b000a1054fb2060a2afb3cffe8500f5257b21f78c8d9,12,novelty.behavioral_novelty,192,576,3,1.0,1.0,1.0,1.0,0.0,0.0,1.0,1.0,0.963916597707066,exact-sign-median,3.501940922711103,4.131510493512547,Descriptive pooled summary: environment replicas are independent clusters; algorithm replicas are averaged within each environment cluster.
bounded-symbolic-construct-validation.v1-calibration,calibration,07dabc814e26f8ace0ae6cf86ab10cfd6558bc9f32d2f48a751c5694bf35381c,eac4823bf31745572c74e75b5f98978ed84471f5e602e2ce1076e0e43fcf366e,TRIVIA,relevant-information,2368b298b900b57b1d54c5f8b6cf6f1aafdebd9a3e3918411bbbf88109a4b4e3,861f07a9aadf16023896b000a1054fb2060a2afb3cffe8500f5257b21f78c8d9,12,novelty.compression_improvement,192,576,3,4.143092927686408,4.154282414198354,3.9522539364750764,4.158642888433059,0.03284815889393598,0.0023706116724746926,4.152729284836913,4.156537342945196,0.963916597707066,exact-sign-median,3.501940922711103,4.131510493512547,Descriptive pooled summary: environment replicas are independent clusters; algorithm replicas are averaged within each environment cluster.
bounded-symbolic-construct-validation.v1-calibration,calibration,07dabc814e26f8ace0ae6cf86ab10cfd6558bc9f32d2f48a751c5694bf35381c,eac4823bf31745572c74e75b5f98978ed84471f5e602e2ce1076e0e43fcf366e,TRIVIA,relevant-information,2368b298b900b57b1d54c5f8b6cf6f1aafdebd9a3e3918411bbbf88109a4b4e3,861f07a9aadf16023896b000a1054fb2060a2afb3cffe8500f5257b21f78c8d9,12,novelty.count_novelty,192,576,3,0.25,0.25,0.25,0.25,0.0,0.0,0.25,0.25,0.963916597707066,exact-sign-median,3.501940922711103,4.131510493512547,Descriptive pooled summary: environment replicas are independent clusters; algorithm replicas are averaged within each environment cluster.
bounded-symbolic-construct-validation.v1-calibration,calibration,07dabc814e26f8ace0ae6cf86ab10cfd6558bc9f32d2f48a751c5694bf35381c,eac4823bf31745572c74e75b5f98978ed84471f5e602e2ce1076e0e43fcf366e,TRIVIA,relevant-information,2368b298b900b57b1d54c5f8b6cf6f1aafdebd9a3e3918411bbbf88109a4b4e3,861f07a9aadf16023896b000a1054fb2060a2afb3cffe8500f5257b21f78c8d9,12,novelty.latent_visitation_novelty,192,576,3,1.0,1.0,1.0,1.0,0.0,0.0,1.0,1.0,0.963916597707066,exact-sign-median,3.501940922711103,4.131510493512547,Descriptive pooled summary: environment replicas are independent clusters; algorithm replicas are averaged within each environment cluster.
bounded-symbolic-construct-validation.v1-calibration,calibration,07dabc814e26f8ace0ae6cf86ab10cfd6558bc9f32d2f48a751c5694bf35381c,eac4823bf31745572c74e75b5f98978ed84471f5e602e2ce1076e0e43fcf366e,TRIVIA,relevant-information,2368b298b900b57b1d54c5f8b6cf6f1aafdebd9a3e3918411bbbf88109a4b4e3,861f07a9aadf16023896b000a1054fb2060a2afb3cffe8500f5257b21f78c8d9,12,novelty.observation_prediction_error,192,576,3,0.3153437284100919,0.3117224366988927,0.2850876631974459,0.44916853197065904,0.03510291334081501,0.0025333345583324566,0.28870276908965037,0.31451040346833653,0.963916597707066,exact-sign-median,3.501940922711103,4.131510493512547,Descriptive pooled summary: environment replicas are independent clusters; algorithm replicas are averaged within each environment cluster.
bounded-symbolic-construct-validation.v1-calibration,calibration,07dabc814e26f8ace0ae6cf86ab10cfd6558bc9f32d2f48a751c5694bf35381c,eac4823bf31745572c74e75b5f98978ed84471f5e602e2ce1076e0e43fcf366e,TRIVIA,relevant-information,2368b298b900b57b1d54c5f8b6cf6f1aafdebd9a3e3918411bbbf88109a4b4e3,861f07a9aadf16023896b000a1054fb2060a2afb3cffe8500f5257b21f78c8d9,12,novelty.persistent_trivia_novelty,192,576,3,0.0,0.0,0.0,0.0,0.0,0.0,0.0,0.0,0.963916597707066,exact-sign-median,3.501940922711103,4.131510493512547,Descriptive pooled summary: environment replicas are independent clusters; algorithm replicas are averaged within each environment cluster.
bounded-symbolic-construct-validation.v1-calibration,calibration,07dabc814e26f8ace0ae6cf86ab10cfd6558bc9f32d2f48a751c5694bf35381c,eac4823bf31745572c74e75b5f98978ed84471f5e602e2ce1076e0e43fcf366e,TRIVIA,relevant-information,2368b298b900b57b1d54c5f8b6cf6f1aafdebd9a3e3918411bbbf88109a4b4e3,861f07a9aadf16023896b000a1054fb2060a2afb3cffe8500f5257b21f78c8d9,12,public_reward,192,576,3,0.0,0.0,0.0,0.0,0.0,0.0,0.0,0.0,0.963916597707066,exact-sign-median,3.501940922711103,4.131510493512547,Descriptive pooled summary: environment replicas are independent clusters; algorithm replicas are averaged within each environment cluster.
bounded-symbolic-construct-validation.v1-calibration,calibration,07dabc814e26f8ace0ae6cf86ab10cfd6558bc9f32d2f48a751c5694bf35381c,eac4823bf31745572c74e75b5f98978ed84471f5e602e2ce1076e0e43fcf366e,TRIVIA,relevant-information,2368b298b900b57b1d54c5f8b6cf6f1aafdebd9a3e3918411bbbf88109a4b4e3,861f07a9aadf16023896b000a1054fb2060a2afb3cffe8500f5257b21f78c8d9,12,relevant_information_nats,192,576,3,4.143092927686408,4.154282414198354,3.952253936475076,4.158642888433059,0.03284815889393606,0.0023706116724746982,4.152729284836914,4.156537342945196,0.963916597707066,exact-sign-median,3.501940922711103,4.131510493512547,Descriptive pooled summary: environment replicas are independent clusters; algorithm replicas are averaged within each environment cluster.
bounded-symbolic-construct-validation.v1-calibration,calibration,07dabc814e26f8ace0ae6cf86ab10cfd6558bc9f32d2f48a751c5694bf35381c,eac4823bf31745572c74e75b5f98978ed84471f5e602e2ce1076e0e43fcf366e,TRIVIA,relevant-information,2368b298b900b57b1d54c5f8b6cf6f1aafdebd9a3e3918411bbbf88109a4b4e3,861f07a9aadf16023896b000a1054fb2060a2afb3cffe8500f5257b21f78c8d9,12,support.abstentions,192,576,3,0.0,0.0,0.0,0.0,0.0,0.0,0.0,0.0,0.963916597707066,exact-sign-median,3.501940922711103,4.131510493512547,Descriptive pooled summary: environment replicas are independent clusters; algorithm replicas are averaged within each environment cluster.
bounded-symbolic-construct-validation.v1-calibration,calibration,07dabc814e26f8ace0ae6cf86ab10cfd6558bc9f32d2f48a751c5694bf35381c,eac4823bf31745572c74e75b5f98978ed84471f5e602e2ce1076e0e43fcf366e,TRIVIA,relevant-information,2368b298b900b57b1d54c5f8b6cf6f1aafdebd9a3e3918411bbbf88109a4b4e3,861f07a9aadf16023896b000a1054fb2060a2afb3cffe8500f5257b21f78c8d9,12,support.correct_deployments,192,576,3,2.9947916666666665,3.0,2.6666666666666665,3.0,0.04144794249625398,0.0029912475946960457,3.0,3.0,0.963916597707066,exact-sign-median,3.501940922711103,4.131510493512547,Descriptive pooled summary: environment replicas are independent clusters; algorithm replicas are averaged within each environment cluster.
bounded-symbolic-construct-validation.v1-calibration,calibration,07dabc814e26f8ace0ae6cf86ab10cfd6558bc9f32d2f48a751c5694bf35381c,eac4823bf31745572c74e75b5f98978ed84471f5e602e2ce1076e0e43fcf366e,TRIVIA,relevant-information,2368b298b900b57b1d54c5f8b6cf6f1aafdebd9a3e3918411bbbf88109a4b4e3,861f07a9aadf16023896b000a1054fb2060a2afb3cffe8500f5257b21f78c8d9,12,support.deployment_support,192,576,3,3.0,3.0,3.0,3.0,0.0,0.0,3.0,3.0,0.963916597707066,exact-sign-median,3.501940922711103,4.131510493512547,Descriptive pooled summary: environment replicas are independent clusters; algorithm replicas are averaged within each environment cluster.
bounded-symbolic-construct-validation.v1-calibration,calibration,07dabc814e26f8ace0ae6cf86ab10cfd6558bc9f32d2f48a751c5694bf35381c,eac4823bf31745572c74e75b5f98978ed84471f5e602e2ce1076e0e43fcf366e,TRIVIA,relevant-information,2368b298b900b57b1d54c5f8b6cf6f1aafdebd9a3e3918411bbbf88109a4b4e3,861f07a9aadf16023896b000a1054fb2060a2afb3cffe8500f5257b21f78c8d9,12,support.incorrect_deployments,192,576,3,0.005208333333333333,0.0,0.0,0.3333333333333333,0.041447942496253956,0.002991247594696044,0.0,0.0,0.963916597707066,exact-sign-median,3.501940922711103,4.131510493512547,Descriptive pooled summary: environment replicas are independent clusters; algorithm replicas are averaged within each environment cluster.
bounded-symbolic-construct-validation.v1-calibration,calibration,07dabc814e26f8ace0ae6cf86ab10cfd6558bc9f32d2f48a751c5694bf35381c,eac4823bf31745572c74e75b5f98978ed84471f5e602e2ce1076e0e43fcf366e,TRIVIA,relevant-information,2368b298b900b57b1d54c5f8b6cf6f1aafdebd9a3e3918411bbbf88109a4b4e3,861f07a9aadf16023896b000a1054fb2060a2afb3cffe8500f5257b21f78c8d9,12,support.mastered_independent_rules,192,576,3,2.9947916666666665,3.0,2.6666666666666665,3.0,0.04144794249625398,0.0029912475946960457,3.0,3.0,0.963916597707066,exact-sign-median,3.501940922711103,4.131510493512547,Descriptive pooled summary: environment replicas are independent clusters; algorithm replicas are averaged within each environment cluster.
bounded-symbolic-construct-validation.v1-calibration,calibration,07dabc814e26f8ace0ae6cf86ab10cfd6558bc9f32d2f48a751c5694bf35381c,eac4823bf31745572c74e75b5f98978ed84471f5e602e2ce1076e0e43fcf366e,TRIVIA,relevant-information,2368b298b900b57b1d54c5f8b6cf6f1aafdebd9a3e3918411bbbf88109a4b4e3,861f07a9aadf16023896b000a1054fb2060a2afb3cffe8500f5257b21f78c8d9,12,total_information_nats,192,576,3,4.143092927686408,4.154282414198354,3.9522539364750764,4.158642888433059,0.03284815889393598,0.0023706116724746926,4.152729284836913,4.156537342945196,0.963916597707066,exact-sign-median,3.501940922711103,4.131510493512547,Descriptive pooled summary: environment replicas are independent clusters; algorithm replicas are averaged within each environment cluster.
bounded-symbolic-construct-validation.v1-calibration,calibration,07dabc814e26f8ace0ae6cf86ab10cfd6558bc9f32d2f48a751c5694bf35381c,eac4823bf31745572c74e75b5f98978ed84471f5e602e2ce1076e0e43fcf366e,TRIVIA,fixed,2368b298b900b57b1d54c5f8b6cf6f1aafdebd9a3e3918411bbbf88109a4b4e3,8fea8f21b4f9563a2c4e51f291faf1ad5543d2d729678c3d4ad0bbaba7b4198a,12,compute.deployment_evaluations,192,576,3,1.0,1.0,1.0,1.0,0.0,0.0,1.0,1.0,0.963916597707066,exact-sign-median,1.098612278751065,1.09861228866811,Descriptive pooled summary: environment replicas are independent clusters; algorithm replicas are averaged within each environment cluster.
bounded-symbolic-construct-validation.v1-calibration,calibration,07dabc814e26f8ace0ae6cf86ab10cfd6558bc9f32d2f48a751c5694bf35381c,eac4823bf31745572c74e75b5f98978ed84471f5e602e2ce1076e0e43fcf366e,TRIVIA,fixed,2368b298b900b57b1d54c5f8b6cf6f1aafdebd9a3e3918411bbbf88109a4b4e3,8fea8f21b4f9563a2c4e51f291faf1ad5543d2d729678c3d4ad0bbaba7b4198a,12,compute.environment_steps,192,576,3,12.0,12.0,12.0,12.0,0.0,0.0,12.0,12.0,0.963916597707066,exact-sign-median,1.098612278751065,1.09861228866811,Descriptive pooled summary: environment replicas are independent clusters; algorithm replicas are averaged within each environment cluster.
bounded-symbolic-construct-validation.v1-calibration,calibration,07dabc814e26f8ace0ae6cf86ab10cfd6558bc9f32d2f48a751c5694bf35381c,eac4823bf31745572c74e75b5f98978ed84471f5e602e2ce1076e0e43fcf366e,TRIVIA,fixed,2368b298b900b57b1d54c5f8b6cf6f1aafdebd9a3e3918411bbbf88109a4b4e3,8fea8f21b4f9563a2c4e51f291faf1ad5543d2d729678c3d4ad0bbaba7b4198a,12,compute.frontier_solver_calls,192,576,3,13.0,13.0,13.0,13.0,0.0,0.0,13.0,13.0,0.963916597707066,exact-sign-median,1.098612278751065,1.09861228866811,Descriptive pooled summary: environment replicas are independent clusters; algorithm replicas are averaged within each environment cluster.
bounded-symbolic-construct-validation.v1-calibration,calibration,07dabc814e26f8ace0ae6cf86ab10cfd6558bc9f32d2f48a751c5694bf35381c,eac4823bf31745572c74e75b5f98978ed84471f5e602e2ce1076e0e43fcf366e,TRIVIA,fixed,2368b298b900b57b1d54c5f8b6cf6f1aafdebd9a3e3918411bbbf88109a4b4e3,8fea8f21b4f9563a2c4e51f291faf1ad5543d2d729678c3d4ad0bbaba7b4198a,12,compute.posterior_updates,192,576,3,12.0,12.0,12.0,12.0,0.0,0.0,12.0,12.0,0.963916597707066,exact-sign-median,1.098612278751065,1.09861228866811,Descriptive pooled summary: environment replicas are independent clusters; algorithm replicas are averaged within each environment cluster.
bounded-symbolic-construct-validation.v1-calibration,calibration,07dabc814e26f8ace0ae6cf86ab10cfd6558bc9f32d2f48a751c5694bf35381c,eac4823bf31745572c74e75b5f98978ed84471f5e602e2ce1076e0e43fcf366e,TRIVIA,fixed,2368b298b900b57b1d54c5f8b6cf6f1aafdebd9a3e3918411bbbf88109a4b4e3,8fea8f21b4f9563a2c4e51f291faf1ad5543d2d729678c3d4ad0bbaba7b4198a,12,compute.queries,192,576,3,12.0,12.0,12.0,12.0,0.0,0.0,12.0,12.0,0.963916597707066,exact-sign-median,1.098612278751065,1.09861228866811,Descriptive pooled summary: environment replicas are independent clusters; algorithm replicas are averaged within each environment cluster.
bounded-symbolic-construct-validation.v1-calibration,calibration,07dabc814e26f8ace0ae6cf86ab10cfd6558bc9f32d2f48a751c5694bf35381c,eac4823bf31745572c74e75b5f98978ed84471f5e602e2ce1076e0e43fcf366e,TRIVIA,fixed,2368b298b900b57b1d54c5f8b6cf6f1aafdebd9a3e3918411bbbf88109a4b4e3,8fea8f21b4f9563a2c4e51f291faf1ad5543d2d729678c3d4ad0bbaba7b4198a,12,distractor_information_nats,192,576,3,0.0,0.0,0.0,0.0,0.0,0.0,0.0,0.0,0.963916597707066,exact-sign-median,1.098612278751065,1.09861228866811,Descriptive pooled summary: environment replicas are independent clusters; algorithm replicas are averaged within each environment cluster.
bounded-symbolic-construct-validation.v1-calibration,calibration,07dabc814e26f8ace0ae6cf86ab10cfd6558bc9f32d2f48a751c5694bf35381c,eac4823bf31745572c74e75b5f98978ed84471f5e602e2ce1076e0e43fcf366e,TRIVIA,fixed,2368b298b900b57b1d54c5f8b6cf6f1aafdebd9a3e3918411bbbf88109a4b4e3,8fea8f21b4f9563a2c4e51f291faf1ad5543d2d729678c3d4ad0bbaba7b4198a,12,expected_reward,192,576,3,1.0,1.0,1.0,1.0,0.0,0.0,1.0,1.0,0.963916597707066,exact-sign-median,1.098612278751065,1.09861228866811,Descriptive pooled summary: environment replicas are independent clusters; algorithm replicas are averaged within each environment cluster.
bounded-symbolic-construct-validation.v1-calibration,calibration,07dabc814e26f8ace0ae6cf86ab10cfd6558bc9f32d2f48a751c5694bf35381c,eac4823bf31745572c74e75b5f98978ed84471f5e602e2ce1076e0e43fcf366e,TRIVIA,fixed,2368b298b900b57b1d54c5f8b6cf6f1aafdebd9a3e3918411bbbf88109a4b4e3,8fea8f21b4f9563a2c4e51f291faf1ad5543d2d729678c3d4ad0bbaba7b4198a,12,hidden_expected_reward,192,576,3,1.0,1.0,1.0,1.0,0.0,0.0,1.0,1.0,0.963916597707066,exact-sign-median,1.098612278751065,1.09861228866811,Descriptive pooled summary: environment replicas are independent clusters; algorithm replicas are averaged within each environment cluster.
bounded-symbolic-construct-validation.v1-calibration,calibration,07dabc814e26f8ace0ae6cf86ab10cfd6558bc9f32d2f48a751c5694bf35381c,eac4823bf31745572c74e75b5f98978ed84471f5e602e2ce1076e0e43fcf366e,TRIVIA,fixed,2368b298b900b57b1d54c5f8b6cf6f1aafdebd9a3e3918411bbbf88109a4b4e3,8fea8f21b4f9563a2c4e51f291faf1ad5543d2d729678c3d4ad0bbaba7b4198a,12,information.approximation_residual_nats,192,576,3,0.0,0.0,0.0,0.0,0.0,0.0,0.0,0.0,0.963916597707066,exact-sign-median,1.098612278751065,1.09861228866811,Descriptive pooled summary: environment replicas are independent clusters; algorithm replicas are averaged within each environment cluster.
bounded-symbolic-construct-validation.v1-calibration,calibration,07dabc814e26f8ace0ae6cf86ab10cfd6558bc9f32d2f48a751c5694bf35381c,eac4823bf31745572c74e75b5f98978ed84471f5e602e2ce1076e0e43fcf366e,TRIVIA,fixed,2368b298b900b57b1d54c5f8b6cf6f1aafdebd9a3e3918411bbbf88109a4b4e3,8fea8f21b4f9563a2c4e51f291faf1ad5543d2d729678c3d4ad0bbaba7b4198a,12,information.dynamic_state_nats,192,576,3,0.0,0.0,0.0,0.0,0.0,0.0,0.0,0.0,0.963916597707066,exact-sign-median,1.098612278751065,1.09861228866811,Descriptive pooled summary: environment replicas are independent clusters; algorithm replicas are averaged within each environment cluster.
bounded-symbolic-construct-validation.v1-calibration,calibration,07dabc814e26f8ace0ae6cf86ab10cfd6558bc9f32d2f48a751c5694bf35381c,eac4823bf31745572c74e75b5f98978ed84471f5e602e2ce1076e0e43fcf366e,TRIVIA,fixed,2368b298b900b57b1d54c5f8b6cf6f1aafdebd9a3e3918411bbbf88109a4b4e3,8fea8f21b4f9563a2c4e51f291faf1ad5543d2d729678c3d4ad0bbaba7b4198a,12,information.persistent_distractor_nats,192,576,3,0.0,0.0,0.0,0.0,0.0,0.0,0.0,0.0,0.963916597707066,exact-sign-median,1.098612278751065,1.09861228866811,Descriptive pooled summary: environment replicas are independent clusters; algorithm replicas are averaged within each environment cluster.
bounded-symbolic-construct-validation.v1-calibration,calibration,07dabc814e26f8ace0ae6cf86ab10cfd6558bc9f32d2f48a751c5694bf35381c,eac4823bf31745572c74e75b5f98978ed84471f5e602e2ce1076e0e43fcf366e,TRIVIA,fixed,2368b298b900b57b1d54c5f8b6cf6f1aafdebd9a3e3918411bbbf88109a4b4e3,8fea8f21b4f9563a2c4e51f291faf1ad5543d2d729678c3d4ad0bbaba7b4198a,12,information.reward_relevant_nats,192,576,3,1.3862940563580428,1.3862943611197125,1.3862664522463646,1.38629436111989,2.781617046009456e-06,2.0074591878700138e-07,1.3862943611197123,1.3862943611197125,0.963916597707066,exact-sign-median,1.098612278751065,1.09861228866811,Descriptive pooled summary: environment replicas are independent clusters; algorithm replicas are averaged within each environment cluster.
bounded-symbolic-construct-validation.v1-calibration,calibration,07dabc814e26f8ace0ae6cf86ab10cfd6558bc9f32d2f48a751c5694bf35381c,eac4823bf31745572c74e75b5f98978ed84471f5e602e2ce1076e0e43fcf366e,TRIVIA,fixed,2368b298b900b57b1d54c5f8b6cf6f1aafdebd9a3e3918411bbbf88109a4b4e3,8fea8f21b4f9563a2c4e51f291faf1ad5543d2d729678c3d4ad0bbaba7b4198a,12,information.shared_core_nats,192,576,3,0.0,0.0,0.0,0.0,0.0,0.0,0.0,0.0,0.963916597707066,exact-sign-median,1.098612278751065,1.09861228866811,Descriptive pooled summary: environment replicas are independent clusters; algorithm replicas are averaged within each environment cluster.
bounded-symbolic-construct-validation.v1-calibration,calibration,07dabc814e26f8ace0ae6cf86ab10cfd6558bc9f32d2f48a751c5694bf35381c,eac4823bf31745572c74e75b5f98978ed84471f5e602e2ce1076e0e43fcf366e,TRIVIA,fixed,2368b298b900b57b1d54c5f8b6cf6f1aafdebd9a3e3918411bbbf88109a4b4e3,8fea8f21b4f9563a2c4e51f291faf1ad5543d2d729678c3d4ad0bbaba7b4198a,12,information.total_acquired_nats,192,576,3,1.3862940563580428,1.3862943611197125,1.3862664522463646,1.38629436111989,2.7816170460132772e-06,2.0074591878727717e-07,1.3862943611197125,1.3862943611197125,0.963916597707066,exact-sign-median,1.098612278751065,1.09861228866811,Descriptive pooled summary: environment replicas are independent clusters; algorithm replicas are averaged within each environment cluster.
bounded-symbolic-construct-validation.v1-calibration,calibration,07dabc814e26f8ace0ae6cf86ab10cfd6558bc9f32d2f48a751c5694bf35381c,eac4823bf31745572c74e75b5f98978ed84471f5e602e2ce1076e0e43fcf366e,TRIVIA,fixed,2368b298b900b57b1d54c5f8b6cf6f1aafdebd9a3e3918411bbbf88109a4b4e3,8fea8f21b4f9563a2c4e51f291faf1ad5543d2d729678c3d4ad0bbaba7b4198a,12,novelty.aleatoric_observation_novelty,192,576,3,0.0,0.0,0.0,0.0,0.0,0.0,0.0,0.0,0.963916597707066,exact-sign-median,1.098612278751065,1.09861228866811,Descriptive pooled summary: environment replicas are independent clusters; algorithm replicas are averaged within each environment cluster.
bounded-symbolic-construct-validation.v1-calibration,calibration,07dabc814e26f8ace0ae6cf86ab10cfd6558bc9f32d2f48a751c5694bf35381c,eac4823bf31745572c74e75b5f98978ed84471f5e602e2ce1076e0e43fcf366e,TRIVIA,fixed,2368b298b900b57b1d54c5f8b6cf6f1aafdebd9a3e3918411bbbf88109a4b4e3,8fea8f21b4f9563a2c4e51f291faf1ad5543d2d729678c3d4ad0bbaba7b4198a,12,novelty.behavioral_novelty,192,576,3,0.3333333333333333,0.3333333333333333,0.3333333333333333,0.3333333333333333,0.0,0.0,0.3333333333333333,0.3333333333333333,0.963916597707066,exact-sign-median,1.098612278751065,1.09861228866811,Descriptive pooled summary: environment replicas are independent clusters; algorithm replicas are averaged within each environment cluster.
bounded-symbolic-construct-validation.v1-calibration,calibration,07dabc814e26f8ace0ae6cf86ab10cfd6558bc9f32d2f48a751c5694bf35381c,eac4823bf31745572c74e75b5f98978ed84471f5e602e2ce1076e0e43fcf366e,TRIVIA,fixed,2368b298b900b57b1d54c5f8b6cf6f1aafdebd9a3e3918411bbbf88109a4b4e3,8fea8f21b4f9563a2c4e51f291faf1ad5543d2d729678c3d4ad0bbaba7b4198a,12,novelty.compression_improvement,192,576,3,1.3862940563580428,1.3862943611197125,1.3862664522463646,1.38629436111989,2.7816170460132772e-06,2.0074591878727717e-07,1.3862943611197125,1.3862943611197125,0.963916597707066,exact-sign-median,1.098612278751065,1.09861228866811,Descriptive pooled summary: environment replicas are independent clusters; algorithm replicas are averaged within each environment cluster.
bounded-symbolic-construct-validation.v1-calibration,calibration,07dabc814e26f8ace0ae6cf86ab10cfd6558bc9f32d2f48a751c5694bf35381c,eac4823bf31745572c74e75b5f98978ed84471f5e602e2ce1076e0e43fcf366e,TRIVIA,fixed,2368b298b900b57b1d54c5f8b6cf6f1aafdebd9a3e3918411bbbf88109a4b4e3,8fea8f21b4f9563a2c4e51f291faf1ad5543d2d729678c3d4ad0bbaba7b4198a,12,novelty.count_novelty,192,576,3,0.08333333333333333,0.08333333333333333,0.08333333333333333,0.08333333333333333,0.0,0.0,0.08333333333333333,0.08333333333333333,0.963916597707066,exact-sign-median,1.098612278751065,1.09861228866811,Descriptive pooled summary: environment replicas are independent clusters; algorithm replicas are averaged within each environment cluster.
bounded-symbolic-construct-validation.v1-calibration,calibration,07dabc814e26f8ace0ae6cf86ab10cfd6558bc9f32d2f48a751c5694bf35381c,eac4823bf31745572c74e75b5f98978ed84471f5e602e2ce1076e0e43fcf366e,TRIVIA,fixed,2368b298b900b57b1d54c5f8b6cf6f1aafdebd9a3e3918411bbbf88109a4b4e3,8fea8f21b4f9563a2c4e51f291faf1ad5543d2d729678c3d4ad0bbaba7b4198a,12,novelty.latent_visitation_novelty,192,576,3,0.3333333333333333,0.3333333333333333,0.3333333333333333,0.3333333333333333,0.0,0.0,0.3333333333333333,0.3333333333333333,0.963916597707066,exact-sign-median,1.098612278751065,1.09861228866811,Descriptive pooled summary: environment replicas are independent clusters; algorithm replicas are averaged within each environment cluster.
bounded-symbolic-construct-validation.v1-calibration,calibration,07dabc814e26f8ace0ae6cf86ab10cfd6558bc9f32d2f48a751c5694bf35381c,eac4823bf31745572c74e75b5f98978ed84471f5e602e2ce1076e0e43fcf366e,TRIVIA,fixed,2368b298b900b57b1d54c5f8b6cf6f1aafdebd9a3e3918411bbbf88109a4b4e3,8fea8f21b4f9563a2c4e51f291faf1ad5543d2d729678c3d4ad0bbaba7b4198a,12,novelty.observation_prediction_error,192,576,3,0.1680676407650715,0.16169631131450346,0.16169631110737256,0.24619239954603392,0.015159136605678372,0.0010940164499963398,0.16169631110765628,0.1616963167068303,0.963916597707066,exact-sign-median,1.098612278751065,1.09861228866811,Descriptive pooled summary: environment replicas are independent clusters; algorithm replicas are averaged within each environment cluster.
bounded-symbolic-construct-validation.v1-calibration,calibration,07dabc814e26f8ace0ae6cf86ab10cfd6558bc9f32d2f48a751c5694bf35381c,eac4823bf31745572c74e75b5f98978ed84471f5e602e2ce1076e0e43fcf366e,TRIVIA,fixed,2368b298b900b57b1d54c5f8b6cf6f1aafdebd9a3e3918411bbbf88109a4b4e3,8fea8f21b4f9563a2c4e51f291faf1ad5543d2d729678c3d4ad0bbaba7b4198a,12,novelty.persistent_trivia_novelty,192,576,3,0.0,0.0,0.0,0.0,0.0,0.0,0.0,0.0,0.963916597707066,exact-sign-median,1.098612278751065,1.09861228866811,Descriptive pooled summary: environment replicas are independent clusters; algorithm replicas are averaged within each environment cluster.
bounded-symbolic-construct-validation.v1-calibration,calibration,07dabc814e26f8ace0ae6cf86ab10cfd6558bc9f32d2f48a751c5694bf35381c,eac4823bf31745572c74e75b5f98978ed84471f5e602e2ce1076e0e43fcf366e,TRIVIA,fixed,2368b298b900b57b1d54c5f8b6cf6f1aafdebd9a3e3918411bbbf88109a4b4e3,8fea8f21b4f9563a2c4e51f291faf1ad5543d2d729678c3d4ad0bbaba7b4198a,12,public_reward,192,576,3,0.0,0.0,0.0,0.0,0.0,0.0,0.0,0.0,0.963916597707066,exact-sign-median,1.098612278751065,1.09861228866811,Descriptive pooled summary: environment replicas are independent clusters; algorithm replicas are averaged within each environment cluster.
bounded-symbolic-construct-validation.v1-calibration,calibration,07dabc814e26f8ace0ae6cf86ab10cfd6558bc9f32d2f48a751c5694bf35381c,eac4823bf31745572c74e75b5f98978ed84471f5e602e2ce1076e0e43fcf366e,TRIVIA,fixed,2368b298b900b57b1d54c5f8b6cf6f1aafdebd9a3e3918411bbbf88109a4b4e3,8fea8f21b4f9563a2c4e51f291faf1ad5543d2d729678c3d4ad0bbaba7b4198a,12,relevant_information_nats,192,576,3,1.3862940563580428,1.3862943611197125,1.3862664522463646,1.38629436111989,2.781617046009456e-06,2.0074591878700138e-07,1.3862943611197123,1.3862943611197125,0.963916597707066,exact-sign-median,1.098612278751065,1.09861228866811,Descriptive pooled summary: environment replicas are independent clusters; algorithm replicas are averaged within each environment cluster.
bounded-symbolic-construct-validation.v1-calibration,calibration,07dabc814e26f8ace0ae6cf86ab10cfd6558bc9f32d2f48a751c5694bf35381c,eac4823bf31745572c74e75b5f98978ed84471f5e602e2ce1076e0e43fcf366e,TRIVIA,fixed,2368b298b900b57b1d54c5f8b6cf6f1aafdebd9a3e3918411bbbf88109a4b4e3,8fea8f21b4f9563a2c4e51f291faf1ad5543d2d729678c3d4ad0bbaba7b4198a,12,support.abstentions,192,576,3,2.0,2.0,2.0,2.0,0.0,0.0,2.0,2.0,0.963916597707066,exact-sign-median,1.098612278751065,1.09861228866811,Descriptive pooled summary: environment replicas are independent clusters; algorithm replicas are averaged within each environment cluster.
bounded-symbolic-construct-validation.v1-calibration,calibration,07dabc814e26f8ace0ae6cf86ab10cfd6558bc9f32d2f48a751c5694bf35381c,eac4823bf31745572c74e75b5f98978ed84471f5e602e2ce1076e0e43fcf366e,TRIVIA,fixed,2368b298b900b57b1d54c5f8b6cf6f1aafdebd9a3e3918411bbbf88109a4b4e3,8fea8f21b4f9563a2c4e51f291faf1ad5543d2d729678c3d4ad0bbaba7b4198a,12,support.correct_deployments,192,576,3,1.0,1.0,1.0,1.0,0.0,0.0,1.0,1.0,0.963916597707066,exact-sign-median,1.098612278751065,1.09861228866811,Descriptive pooled summary: environment replicas are independent clusters; algorithm replicas are averaged within each environment cluster.
bounded-symbolic-construct-validation.v1-calibration,calibration,07dabc814e26f8ace0ae6cf86ab10cfd6558bc9f32d2f48a751c5694bf35381c,eac4823bf31745572c74e75b5f98978ed84471f5e602e2ce1076e0e43fcf366e,TRIVIA,fixed,2368b298b900b57b1d54c5f8b6cf6f1aafdebd9a3e3918411bbbf88109a4b4e3,8fea8f21b4f9563a2c4e51f291faf1ad5543d2d729678c3d4ad0bbaba7b4198a,12,support.deployment_support,192,576,3,1.0,1.0,1.0,1.0,0.0,0.0,1.0,1.0,0.963916597707066,exact-sign-median,1.098612278751065,1.09861228866811,Descriptive pooled summary: environment replicas are independent clusters; algorithm replicas are averaged within each environment cluster.
bounded-symbolic-construct-validation.v1-calibration,calibration,07dabc814e26f8ace0ae6cf86ab10cfd6558bc9f32d2f48a751c5694bf35381c,eac4823bf31745572c74e75b5f98978ed84471f5e602e2ce1076e0e43fcf366e,TRIVIA,fixed,2368b298b900b57b1d54c5f8b6cf6f1aafdebd9a3e3918411bbbf88109a4b4e3,8fea8f21b4f9563a2c4e51f291faf1ad5543d2d729678c3d4ad0bbaba7b4198a,12,support.incorrect_deployments,192,576,3,0.0,0.0,0.0,0.0,0.0,0.0,0.0,0.0,0.963916597707066,exact-sign-median,1.098612278751065,1.09861228866811,Descriptive pooled summary: environment replicas are independent clusters; algorithm replicas are averaged within each environment cluster.
bounded-symbolic-construct-validation.v1-calibration,calibration,07dabc814e26f8ace0ae6cf86ab10cfd6558bc9f32d2f48a751c5694bf35381c,eac4823bf31745572c74e75b5f98978ed84471f5e602e2ce1076e0e43fcf366e,TRIVIA,fixed,2368b298b900b57b1d54c5f8b6cf6f1aafdebd9a3e3918411bbbf88109a4b4e3,8fea8f21b4f9563a2c4e51f291faf1ad5543d2d729678c3d4ad0bbaba7b4198a,12,support.mastered_independent_rules,192,576,3,1.0,1.0,1.0,1.0,0.0,0.0,1.0,1.0,0.963916597707066,exact-sign-median,1.098612278751065,1.09861228866811,Descriptive pooled summary: environment replicas are independent clusters; algorithm replicas are averaged within each environment cluster.
bounded-symbolic-construct-validation.v1-calibration,calibration,07dabc814e26f8ace0ae6cf86ab10cfd6558bc9f32d2f48a751c5694bf35381c,eac4823bf31745572c74e75b5f98978ed84471f5e602e2ce1076e0e43fcf366e,TRIVIA,fixed,2368b298b900b57b1d54c5f8b6cf6f1aafdebd9a3e3918411bbbf88109a4b4e3,8fea8f21b4f9563a2c4e51f291faf1ad5543d2d729678c3d4ad0bbaba7b4198a,12,total_information_nats,192,576,3,1.3862940563580428,1.3862943611197125,1.3862664522463646,1.38629436111989,2.7816170460132772e-06,2.0074591878727717e-07,1.3862943611197125,1.3862943611197125,0.963916597707066,exact-sign-median,1.098612278751065,1.09861228866811,Descriptive pooled summary: environment replicas are independent clusters; algorithm replicas are averaged within each environment cluster.
bounded-symbolic-construct-validation.v1-calibration,calibration,07dabc814e26f8ace0ae6cf86ab10cfd6558bc9f32d2f48a751c5694bf35381c,eac4823bf31745572c74e75b5f98978ed84471f5e602e2ce1076e0e43fcf366e,TRIVIA,total-information,2368b298b900b57b1d54c5f8b6cf6f1aafdebd9a3e3918411bbbf88109a4b4e3,ddef671b142d3c50802d1df4f8b5c18e676ca9a40bdc91386b8488899c8bef75,12,compute.deployment_evaluations,192,576,3,1.0,1.0,1.0,1.0,0.0,0.0,1.0,1.0,0.963916597707066,exact-sign-median,2.616592965166239,2.9841400706115015,Descriptive pooled summary: environment replicas are independent clusters; algorithm replicas are averaged within each environment cluster.
bounded-symbolic-construct-validation.v1-calibration,calibration,07dabc814e26f8ace0ae6cf86ab10cfd6558bc9f32d2f48a751c5694bf35381c,eac4823bf31745572c74e75b5f98978ed84471f5e602e2ce1076e0e43fcf366e,TRIVIA,total-information,2368b298b900b57b1d54c5f8b6cf6f1aafdebd9a3e3918411bbbf88109a4b4e3,ddef671b142d3c50802d1df4f8b5c18e676ca9a40bdc91386b8488899c8bef75,12,compute.environment_steps,192,576,3,12.0,12.0,12.0,12.0,0.0,0.0,12.0,12.0,0.963916597707066,exact-sign-median,2.616592965166239,2.9841400706115015,Descriptive pooled summary: environment replicas are independent clusters; algorithm replicas are averaged within each environment cluster.
bounded-symbolic-construct-validation.v1-calibration,calibration,07dabc814e26f8ace0ae6cf86ab10cfd6558bc9f32d2f48a751c5694bf35381c,eac4823bf31745572c74e75b5f98978ed84471f5e602e2ce1076e0e43fcf366e,TRIVIA,total-information,2368b298b900b57b1d54c5f8b6cf6f1aafdebd9a3e3918411bbbf88109a4b4e3,ddef671b142d3c50802d1df4f8b5c18e676ca9a40bdc91386b8488899c8bef75,12,compute.frontier_solver_calls,192,576,3,13.0,13.0,13.0,13.0,0.0,0.0,13.0,13.0,0.963916597707066,exact-sign-median,2.616592965166239,2.9841400706115015,Descriptive pooled summary: environment replicas are independent clusters; algorithm replicas are averaged within each environment cluster.
bounded-symbolic-construct-validation.v1-calibration,calibration,07dabc814e26f8ace0ae6cf86ab10cfd6558bc9f32d2f48a751c5694bf35381c,eac4823bf31745572c74e75b5f98978ed84471f5e602e2ce1076e0e43fcf366e,TRIVIA,total-information,2368b298b900b57b1d54c5f8b6cf6f1aafdebd9a3e3918411bbbf88109a4b4e3,ddef671b142d3c50802d1df4f8b5c18e676ca9a40bdc91386b8488899c8bef75,12,compute.posterior_updates,192,576,3,12.0,12.0,12.0,12.0,0.0,0.0,12.0,12.0,0.963916597707066,exact-sign-median,2.616592965166239,2.9841400706115015,Descriptive pooled summary: environment replicas are independent clusters; algorithm replicas are averaged within each environment cluster.
bounded-symbolic-construct-validation.v1-calibration,calibration,07dabc814e26f8ace0ae6cf86ab10cfd6558bc9f32d2f48a751c5694bf35381c,eac4823bf31745572c74e75b5f98978ed84471f5e602e2ce1076e0e43fcf366e,TRIVIA,total-information,2368b298b900b57b1d54c5f8b6cf6f1aafdebd9a3e3918411bbbf88109a4b4e3,ddef671b142d3c50802d1df4f8b5c18e676ca9a40bdc91386b8488899c8bef75,12,compute.queries,192,576,3,12.0,12.0,12.0,12.0,0.0,0.0,12.0,12.0,0.963916597707066,exact-sign-median,2.616592965166239,2.9841400706115015,Descriptive pooled summary: environment replicas are independent clusters; algorithm replicas are averaged within each environment cluster.
bounded-symbolic-construct-validation.v1-calibration,calibration,07dabc814e26f8ace0ae6cf86ab10cfd6558bc9f32d2f48a751c5694bf35381c,eac4823bf31745572c74e75b5f98978ed84471f5e602e2ce1076e0e43fcf366e,TRIVIA,total-information,2368b298b900b57b1d54c5f8b6cf6f1aafdebd9a3e3918411bbbf88109a4b4e3,ddef671b142d3c50802d1df4f8b5c18e676ca9a40bdc91386b8488899c8bef75,12,distractor_information_nats,192,576,3,6.322682356322393,6.381138226547924,5.0738675139287,6.515745681223552,0.21417629247837758,0.015456842514553416,6.333578900725098,6.381138226547924,0.963916597707066,exact-sign-median,2.616592965166239,2.9841400706115015,Descriptive pooled summary: environment replicas are independent clusters; algorithm replicas are averaged within each environment cluster.
bounded-symbolic-construct-validation.v1-calibration,calibration,07dabc814e26f8ace0ae6cf86ab10cfd6558bc9f32d2f48a751c5694bf35381c,eac4823bf31745572c74e75b5f98978ed84471f5e602e2ce1076e0e43fcf366e,TRIVIA,total-information,2368b298b900b57b1d54c5f8b6cf6f1aafdebd9a3e3918411bbbf88109a4b4e3,ddef671b142d3c50802d1df4f8b5c18e676ca9a40bdc91386b8488899c8bef75,12,expected_reward,192,576,3,2.4756944444444446,2.3333333333333335,1.0,3.0,0.6020032327034291,0.04344584105679372,2.3333333333333335,3.0,0.963916597707066,exact-sign-median,2.616592965166239,2.9841400706115015,Descriptive pooled summary: environment replicas are independent clusters; algorithm replicas are averaged within each environment cluster.
bounded-symbolic-construct-validation.v1-calibration,calibration,07dabc814e26f8ace0ae6cf86ab10cfd6558bc9f32d2f48a751c5694bf35381c,eac4823bf31745572c74e75b5f98978ed84471f5e602e2ce1076e0e43fcf366e,TRIVIA,total-information,2368b298b900b57b1d54c5f8b6cf6f1aafdebd9a3e3918411bbbf88109a4b4e3,ddef671b142d3c50802d1df4f8b5c18e676ca9a40bdc91386b8488899c8bef75,12,hidden_expected_reward,192,576,3,2.4756944444444446,2.3333333333333335,1.0,3.0,0.6020032327034291,0.04344584105679372,2.3333333333333335,3.0,0.963916597707066,exact-sign-median,2.616592965166239,2.9841400706115015,Descriptive pooled summary: environment replicas are independent clusters; algorithm replicas are averaged within each environment cluster.
bounded-symbolic-construct-validation.v1-calibration,calibration,07dabc814e26f8ace0ae6cf86ab10cfd6558bc9f32d2f48a751c5694bf35381c,eac4823bf31745572c74e75b5f98978ed84471f5e602e2ce1076e0e43fcf366e,TRIVIA,total-information,2368b298b900b57b1d54c5f8b6cf6f1aafdebd9a3e3918411bbbf88109a4b4e3,ddef671b142d3c50802d1df4f8b5c18e676ca9a40bdc91386b8488899c8bef75,12,information.approximation_residual_nats,192,576,3,0.0,0.0,0.0,0.0,0.0,0.0,0.0,0.0,0.963916597707066,exact-sign-median,2.616592965166239,2.9841400706115015,Descriptive pooled summary: environment replicas are independent clusters; algorithm replicas are averaged within each environment cluster.
bounded-symbolic-construct-validation.v1-calibration,calibration,07dabc814e26f8ace0ae6cf86ab10cfd6558bc9f32d2f48a751c5694bf35381c,eac4823bf31745572c74e75b5f98978ed84471f5e602e2ce1076e0e43fcf366e,TRIVIA,total-information,2368b298b900b57b1d54c5f8b6cf6f1aafdebd9a3e3918411bbbf88109a4b4e3,ddef671b142d3c50802d1df4f8b5c18e676ca9a40bdc91386b8488899c8bef75,12,information.dynamic_state_nats,192,576,3,0.0,0.0,0.0,0.0,0.0,0.0,0.0,0.0,0.963916597707066,exact-sign-median,2.616592965166239,2.9841400706115015,Descriptive pooled summary: environment replicas are independent clusters; algorithm replicas are averaged within each environment cluster.
bounded-symbolic-construct-validation.v1-calibration,calibration,07dabc814e26f8ace0ae6cf86ab10cfd6558bc9f32d2f48a751c5694bf35381c,eac4823bf31745572c74e75b5f98978ed84471f5e602e2ce1076e0e43fcf366e,TRIVIA,total-information,2368b298b900b57b1d54c5f8b6cf6f1aafdebd9a3e3918411bbbf88109a4b4e3,ddef671b142d3c50802d1df4f8b5c18e676ca9a40bdc91386b8488899c8bef75,12,information.persistent_distractor_nats,192,576,3,6.322682356322393,6.381138226547924,5.0738675139287,6.515745681223552,0.21417629247837758,0.015456842514553416,6.333578900725098,6.381138226547924,0.963916597707066,exact-sign-median,2.616592965166239,2.9841400706115015,Descriptive pooled summary: environment replicas are independent clusters; algorithm replicas are averaged within each environment cluster.
bounded-symbolic-construct-validation.v1-calibration,calibration,07dabc814e26f8ace0ae6cf86ab10cfd6558bc9f32d2f48a751c5694bf35381c,eac4823bf31745572c74e75b5f98978ed84471f5e602e2ce1076e0e43fcf366e,TRIVIA,total-information,2368b298b900b57b1d54c5f8b6cf6f1aafdebd9a3e3918411bbbf88109a4b4e3,ddef671b142d3c50802d1df4f8b5c18e676ca9a40bdc91386b8488899c8bef75,12,information.reward_relevant_nats,192,576,3,3.1051615792613965,3.2103135147889503,2.6662458841225525,3.257872840611776,0.18630178276100656,0.01344517305344679,3.1232653859361488,3.257872840611776,0.963916597707066,exact-sign-median,2.616592965166239,2.9841400706115015,Descriptive pooled summary: environment replicas are independent clusters; algorithm replicas are averaged within each environment cluster.
bounded-symbolic-construct-validation.v1-calibration,calibration,07dabc814e26f8ace0ae6cf86ab10cfd6558bc9f32d2f48a751c5694bf35381c,eac4823bf31745572c74e75b5f98978ed84471f5e602e2ce1076e0e43fcf366e,TRIVIA,total-information,2368b298b900b57b1d54c5f8b6cf6f1aafdebd9a3e3918411bbbf88109a4b4e3,ddef671b142d3c50802d1df4f8b5c18e676ca9a40bdc91386b8488899c8bef75,12,information.shared_core_nats,192,576,3,0.0,0.0,0.0,0.0,0.0,0.0,0.0,0.0,0.963916597707066,exact-sign-median,2.616592965166239,2.9841400706115015,Descriptive pooled summary: environment replicas are independent clusters; algorithm replicas are averaged within each environment cluster.
bounded-symbolic-construct-validation.v1-calibration,calibration,07dabc814e26f8ace0ae6cf86ab10cfd6558bc9f32d2f48a751c5694bf35381c,eac4823bf31745572c74e75b5f98978ed84471f5e602e2ce1076e0e43fcf366e,TRIVIA,total-information,2368b298b900b57b1d54c5f8b6cf6f1aafdebd9a3e3918411bbbf88109a4b4e3,ddef671b142d3c50802d1df4f8b5c18e676ca9a40bdc91386b8488899c8bef75,12,information.total_acquired_nats,192,576,3,9.42784393558379,9.412060156113846,8.149573574042023,9.773618521835328,0.29898110240865333,0.021577102494780884,9.409284960838422,9.501584706502129,0.963916597707066,exact-sign-median,2.616592965166239,2.9841400706115015,Descriptive pooled summary: environment replicas are independent clusters; algorithm replicas are averaged within each environment cluster.
bounded-symbolic-construct-validation.v1-calibration,calibration,07dabc814e26f8ace0ae6cf86ab10cfd6558bc9f32d2f48a751c5694bf35381c,eac4823bf31745572c74e75b5f98978ed84471f5e602e2ce1076e0e43fcf366e,TRIVIA,total-information,2368b298b900b57b1d54c5f8b6cf6f1aafdebd9a3e3918411bbbf88109a4b4e3,ddef671b142d3c50802d1df4f8b5c18e676ca9a40bdc91386b8488899c8bef75,12,novelty.aleatoric_observation_novelty,192,576,3,0.0,0.0,0.0,0.0,0.0,0.0,0.0,0.0,0.963916597707066,exact-sign-median,2.616592965166239,2.9841400706115015,Descriptive pooled summary: environment replicas are independent clusters; algorithm replicas are averaged within each environment cluster.
bounded-symbolic-construct-validation.v1-calibration,calibration,07dabc814e26f8ace0ae6cf86ab10cfd6558bc9f32d2f48a751c5694bf35381c,eac4823bf31745572c74e75b5f98978ed84471f5e602e2ce1076e0e43fcf366e,TRIVIA,total-information,2368b298b900b57b1d54c5f8b6cf6f1aafdebd9a3e3918411bbbf88109a4b4e3,ddef671b142d3c50802d1df4f8b5c18e676ca9a40bdc91386b8488899c8bef75,12,novelty.behavioral_novelty,192,576,3,0.9710648148148148,1.0,0.7777777777777777,1.0,0.07234815470185765,0.005221278324061276,1.0,1.0,0.963916597707066,exact-sign-median,2.616592965166239,2.9841400706115015,Descriptive pooled summary: environment replicas are independent clusters; algorithm replicas are averaged within each environment cluster.
bounded-symbolic-construct-validation.v1-calibration,calibration,07dabc814e26f8ace0ae6cf86ab10cfd6558bc9f32d2f48a751c5694bf35381c,eac4823bf31745572c74e75b5f98978ed84471f5e602e2ce1076e0e43fcf366e,TRIVIA,total-information,2368b298b900b57b1d54c5f8b6cf6f1aafdebd9a3e3918411bbbf88109a4b4e3,ddef671b142d3c50802d1df4f8b5c18e676ca9a40bdc91386b8488899c8bef75,12,novelty.compression_improvement,192,576,3,9.42784393558379,9.412060156113846,8.149573574042023,9.773618521835328,0.29898110240865333,0.021577102494780884,9.409284960838422,9.501584706502129,0.963916597707066,exact-sign-median,2.616592965166239,2.9841400706115015,Descriptive pooled summary: environment replicas are independent clusters; algorithm replicas are averaged within each environment cluster.
bounded-symbolic-construct-validation.v1-calibration,calibration,07dabc814e26f8ace0ae6cf86ab10cfd6558bc9f32d2f48a751c5694bf35381c,eac4823bf31745572c74e75b5f98978ed84471f5e602e2ce1076e0e43fcf366e,TRIVIA,total-information,2368b298b900b57b1d54c5f8b6cf6f1aafdebd9a3e3918411bbbf88109a4b4e3,ddef671b142d3c50802d1df4f8b5c18e676ca9a40bdc91386b8488899c8bef75,12,novelty.count_novelty,192,576,3,0.75,0.75,0.75,0.75,0.0,0.0,0.75,0.75,0.963916597707066,exact-sign-median,2.616592965166239,2.9841400706115015,Descriptive pooled summary: environment replicas are independent clusters; algorithm replicas are averaged within each environment cluster.
bounded-symbolic-construct-validation.v1-calibration,calibration,07dabc814e26f8ace0ae6cf86ab10cfd6558bc9f32d2f48a751c5694bf35381c,eac4823bf31745572c74e75b5f98978ed84471f5e602e2ce1076e0e43fcf366e,TRIVIA,total-information,2368b298b900b57b1d54c5f8b6cf6f1aafdebd9a3e3918411bbbf88109a4b4e3,ddef671b142d3c50802d1df4f8b5c18e676ca9a40bdc91386b8488899c8bef75,12,novelty.latent_visitation_novelty,192,576,3,1.0,1.0,1.0,1.0,0.0,0.0,1.0,1.0,0.963916597707066,exact-sign-median,2.616592965166239,2.9841400706115015,Descriptive pooled summary: environment replicas are independent clusters; algorithm replicas are averaged within each environment cluster.
bounded-symbolic-construct-validation.v1-calibration,calibration,07dabc814e26f8ace0ae6cf86ab10cfd6558bc9f32d2f48a751c5694bf35381c,eac4823bf31745572c74e75b5f98978ed84471f5e602e2ce1076e0e43fcf366e,TRIVIA,total-information,2368b298b900b57b1d54c5f8b6cf6f1aafdebd9a3e3918411bbbf88109a4b4e3,ddef671b142d3c50802d1df4f8b5c18e676ca9a40bdc91386b8488899c8bef75,12,novelty.observation_prediction_error,192,576,3,0.6203660653794039,0.6192261904761905,0.6091666666666667,0.6668249128919861,0.011798900111311544,0.0008515122694259033,0.6192261904761905,0.6192261904761905,0.963916597707066,exact-sign-median,2.616592965166239,2.9841400706115015,Descriptive pooled summary: environment replicas are independent clusters; algorithm replicas are averaged within each environment cluster.
bounded-symbolic-construct-validation.v1-calibration,calibration,07dabc814e26f8ace0ae6cf86ab10cfd6558bc9f32d2f48a751c5694bf35381c,eac4823bf31745572c74e75b5f98978ed84471f5e602e2ce1076e0e43fcf366e,TRIVIA,total-information,2368b298b900b57b1d54c5f8b6cf6f1aafdebd9a3e3918411bbbf88109a4b4e3,ddef671b142d3c50802d1df4f8b5c18e676ca9a40bdc91386b8488899c8bef75,12,novelty.persistent_trivia_novelty,192,576,3,6.322682356322393,6.381138226547924,5.0738675139287,6.515745681223552,0.21417629247837758,0.015456842514553416,6.333578900725098,6.381138226547924,0.963916597707066,exact-sign-median,2.616592965166239,2.9841400706115015,Descriptive pooled summary: environment replicas are independent clusters; algorithm replicas are averaged within each environment cluster.
bounded-symbolic-construct-validation.v1-calibration,calibration,07dabc814e26f8ace0ae6cf86ab10cfd6558bc9f32d2f48a751c5694bf35381c,eac4823bf31745572c74e75b5f98978ed84471f5e602e2ce1076e0e43fcf366e,TRIVIA,total-information,2368b298b900b57b1d54c5f8b6cf6f1aafdebd9a3e3918411bbbf88109a4b4e3,ddef671b142d3c50802d1df4f8b5c18e676ca9a40bdc91386b8488899c8bef75,12,public_reward,192,576,3,0.0,0.0,0.0,0.0,0.0,0.0,0.0,0.0,0.963916597707066,exact-sign-median,2.616592965166239,2.9841400706115015,Descriptive pooled summary: environment replicas are independent clusters; algorithm replicas are averaged within each environment cluster.
bounded-symbolic-construct-validation.v1-calibration,calibration,07dabc814e26f8ace0ae6cf86ab10cfd6558bc9f32d2f48a751c5694bf35381c,eac4823bf31745572c74e75b5f98978ed84471f5e602e2ce1076e0e43fcf366e,TRIVIA,total-information,2368b298b900b57b1d54c5f8b6cf6f1aafdebd9a3e3918411bbbf88109a4b4e3,ddef671b142d3c50802d1df4f8b5c18e676ca9a40bdc91386b8488899c8bef75,12,relevant_information_nats,192,576,3,3.1051615792613965,3.2103135147889503,2.6662458841225525,3.257872840611776,0.18630178276100656,0.01344517305344679,3.1232653859361488,3.257872840611776,0.963916597707066,exact-sign-median,2.616592965166239,2.9841400706115015,Descriptive pooled summary: environment replicas are independent clusters; algorithm replicas are averaged within each environment cluster.
bounded-symbolic-construct-validation.v1-calibration,calibration,07dabc814e26f8ace0ae6cf86ab10cfd6558bc9f32d2f48a751c5694bf35381c,eac4823bf31745572c74e75b5f98978ed84471f5e602e2ce1076e0e43fcf366e,TRIVIA,total-information,2368b298b900b57b1d54c5f8b6cf6f1aafdebd9a3e3918411bbbf88109a4b4e3,ddef671b142d3c50802d1df4f8b5c18e676ca9a40bdc91386b8488899c8bef75,12,support.abstentions,192,576,3,0.08680555555555554,0.0,0.0,0.6666666666666666,0.21704446410557288,0.01566383497218382,0.0,0.0,0.963916597707066,exact-sign-median,2.616592965166239,2.9841400706115015,Descriptive pooled summary: environment replicas are independent clusters; algorithm replicas are averaged within each environment cluster.
bounded-symbolic-construct-validation.v1-calibration,calibration,07dabc814e26f8ace0ae6cf86ab10cfd6558bc9f32d2f48a751c5694bf35381c,eac4823bf31745572c74e75b5f98978ed84471f5e602e2ce1076e0e43fcf366e,TRIVIA,total-information,2368b298b900b57b1d54c5f8b6cf6f1aafdebd9a3e3918411bbbf88109a4b4e3,ddef671b142d3c50802d1df4f8b5c18e676ca9a40bdc91386b8488899c8bef75,12,support.correct_deployments,192,576,3,2.6944444444444446,2.6666666666666665,1.6666666666666667,3.0,0.34505285080232295,0.024902044536921117,2.6666666666666665,3.0,0.963916597707066,exact-sign-median,2.616592965166239,2.9841400706115015,Descriptive pooled summary: environment replicas are independent clusters; algorithm replicas are averaged within each environment cluster.
bounded-symbolic-construct-validation.v1-calibration,calibration,07dabc814e26f8ace0ae6cf86ab10cfd6558bc9f32d2f48a751c5694bf35381c,eac4823bf31745572c74e75b5f98978ed84471f5e602e2ce1076e0e43fcf366e,TRIVIA,total-information,2368b298b900b57b1d54c5f8b6cf6f1aafdebd9a3e3918411bbbf88109a4b4e3,ddef671b142d3c50802d1df4f8b5c18e676ca9a40bdc91386b8488899c8bef75,12,support.deployment_support,192,576,3,2.9131944444444446,3.0,2.3333333333333335,3.0,0.21704446410557285,0.01566383497218382,3.0,3.0,0.963916597707066,exact-sign-median,2.616592965166239,2.9841400706115015,Descriptive pooled summary: environment replicas are independent clusters; algorithm replicas are averaged within each environment cluster.
bounded-symbolic-construct-validation.v1-calibration,calibration,07dabc814e26f8ace0ae6cf86ab10cfd6558bc9f32d2f48a751c5694bf35381c,eac4823bf31745572c74e75b5f98978ed84471f5e602e2ce1076e0e43fcf366e,TRIVIA,total-information,2368b298b900b57b1d54c5f8b6cf6f1aafdebd9a3e3918411bbbf88109a4b4e3,ddef671b142d3c50802d1df4f8b5c18e676ca9a40bdc91386b8488899c8bef75,12,support.incorrect_deployments,192,576,3,0.21875,0.0,0.0,1.0,0.29273986053374595,0.021126679660211468,0.0,0.3333333333333333,0.963916597707066,exact-sign-median,2.616592965166239,2.9841400706115015,Descriptive pooled summary: environment replicas are independent clusters; algorithm replicas are averaged within each environment cluster.
bounded-symbolic-construct-validation.v1-calibration,calibration,07dabc814e26f8ace0ae6cf86ab10cfd6558bc9f32d2f48a751c5694bf35381c,eac4823bf31745572c74e75b5f98978ed84471f5e602e2ce1076e0e43fcf366e,TRIVIA,total-information,2368b298b900b57b1d54c5f8b6cf6f1aafdebd9a3e3918411bbbf88109a4b4e3,ddef671b142d3c50802d1df4f8b5c18e676ca9a40bdc91386b8488899c8bef75,12,support.mastered_independent_rules,192,576,3,2.6944444444444446,2.6666666666666665,1.6666666666666667,3.0,0.34505285080232295,0.024902044536921117,2.6666666666666665,3.0,0.963916597707066,exact-sign-median,2.616592965166239,2.9841400706115015,Descriptive pooled summary: environment replicas are independent clusters; algorithm replicas are averaged within each environment cluster.
bounded-symbolic-construct-validation.v1-calibration,calibration,07dabc814e26f8ace0ae6cf86ab10cfd6558bc9f32d2f48a751c5694bf35381c,eac4823bf31745572c74e75b5f98978ed84471f5e602e2ce1076e0e43fcf366e,TRIVIA,total-information,2368b298b900b57b1d54c5f8b6cf6f1aafdebd9a3e3918411bbbf88109a4b4e3,ddef671b142d3c50802d1df4f8b5c18e676ca9a40bdc91386b8488899c8bef75,12,total_information_nats,192,576,3,9.42784393558379,9.412060156113846,8.149573574042023,9.773618521835328,0.29898110240865333,0.021577102494780884,9.409284960838422,9.501584706502129,0.963916597707066,exact-sign-median,2.616592965166239,2.9841400706115015,Descriptive pooled summary: environment replicas are independent clusters; algorithm replicas are averaged within each environment cluster.
bounded-symbolic-construct-validation.v1-calibration,calibration,07dabc814e26f8ace0ae6cf86ab10cfd6558bc9f32d2f48a751c5694bf35381c,eac4823bf31745572c74e75b5f98978ed84471f5e602e2ce1076e0e43fcf366e,TRIVIA,novelty,2368b298b900b57b1d54c5f8b6cf6f1aafdebd9a3e3918411bbbf88109a4b4e3,fded4a0f778fc9e4cf5c1b74df82effac115dfbd5829c7b80e1a579fd7d8aa24,12,compute.deployment_evaluations,192,576,3,1.0,1.0,1.0,1.0,0.0,0.0,1.0,1.0,0.963916597707066,exact-sign-median,2.616592965166239,2.9841400706115015,Descriptive pooled summary: environment replicas are independent clusters; algorithm replicas are averaged within each environment cluster.
bounded-symbolic-construct-validation.v1-calibration,calibration,07dabc814e26f8ace0ae6cf86ab10cfd6558bc9f32d2f48a751c5694bf35381c,eac4823bf31745572c74e75b5f98978ed84471f5e602e2ce1076e0e43fcf366e,TRIVIA,novelty,2368b298b900b57b1d54c5f8b6cf6f1aafdebd9a3e3918411bbbf88109a4b4e3,fded4a0f778fc9e4cf5c1b74df82effac115dfbd5829c7b80e1a579fd7d8aa24,12,compute.environment_steps,192,576,3,12.0,12.0,12.0,12.0,0.0,0.0,12.0,12.0,0.963916597707066,exact-sign-median,2.616592965166239,2.9841400706115015,Descriptive pooled summary: environment replicas are independent clusters; algorithm replicas are averaged within each environment cluster.
bounded-symbolic-construct-validation.v1-calibration,calibration,07dabc814e26f8ace0ae6cf86ab10cfd6558bc9f32d2f48a751c5694bf35381c,eac4823bf31745572c74e75b5f98978ed84471f5e602e2ce1076e0e43fcf366e,TRIVIA,novelty,2368b298b900b57b1d54c5f8b6cf6f1aafdebd9a3e3918411bbbf88109a4b4e3,fded4a0f778fc9e4cf5c1b74df82effac115dfbd5829c7b80e1a579fd7d8aa24,12,compute.frontier_solver_calls,192,576,3,13.0,13.0,13.0,13.0,0.0,0.0,13.0,13.0,0.963916597707066,exact-sign-median,2.616592965166239,2.9841400706115015,Descriptive pooled summary: environment replicas are independent clusters; algorithm replicas are averaged within each environment cluster.
bounded-symbolic-construct-validation.v1-calibration,calibration,07dabc814e26f8ace0ae6cf86ab10cfd6558bc9f32d2f48a751c5694bf35381c,eac4823bf31745572c74e75b5f98978ed84471f5e602e2ce1076e0e43fcf366e,TRIVIA,novelty,2368b298b900b57b1d54c5f8b6cf6f1aafdebd9a3e3918411bbbf88109a4b4e3,fded4a0f778fc9e4cf5c1b74df82effac115dfbd5829c7b80e1a579fd7d8aa24,12,compute.posterior_updates,192,576,3,12.0,12.0,12.0,12.0,0.0,0.0,12.0,12.0,0.963916597707066,exact-sign-median,2.616592965166239,2.9841400706115015,Descriptive pooled summary: environment replicas are independent clusters; algorithm replicas are averaged within each environment cluster.
bounded-symbolic-construct-validation.v1-calibration,calibration,07dabc814e26f8ace0ae6cf86ab10cfd6558bc9f32d2f48a751c5694bf35381c,eac4823bf31745572c74e75b5f98978ed84471f5e602e2ce1076e0e43fcf366e,TRIVIA,novelty,2368b298b900b57b1d54c5f8b6cf6f1aafdebd9a3e3918411bbbf88109a4b4e3,fded4a0f778fc9e4cf5c1b74df82effac115dfbd5829c7b80e1a579fd7d8aa24,12,compute.queries,192,576,3,12.0,12.0,12.0,12.0,0.0,0.0,12.0,12.0,0.963916597707066,exact-sign-median,2.616592965166239,2.9841400706115015,Descriptive pooled summary: environment replicas are independent clusters; algorithm replicas are averaged within each environment cluster.
bounded-symbolic-construct-validation.v1-calibration,calibration,07dabc814e26f8ace0ae6cf86ab10cfd6558bc9f32d2f48a751c5694bf35381c,eac4823bf31745572c74e75b5f98978ed84471f5e602e2ce1076e0e43fcf366e,TRIVIA,novelty,2368b298b900b57b1d54c5f8b6cf6f1aafdebd9a3e3918411bbbf88109a4b4e3,fded4a0f778fc9e4cf5c1b74df82effac115dfbd5829c7b80e1a579fd7d8aa24,12,distractor_information_nats,192,576,3,6.322682356322393,6.381138226547924,5.0738675139287,6.515745681223552,0.21417629247837758,0.015456842514553416,6.333578900725098,6.381138226547924,0.963916597707066,exact-sign-median,2.616592965166239,2.9841400706115015,Descriptive pooled summary: environment replicas are independent clusters; algorithm replicas are averaged within each environment cluster.
bounded-symbolic-construct-validation.v1-calibration,calibration,07dabc814e26f8ace0ae6cf86ab10cfd6558bc9f32d2f48a751c5694bf35381c,eac4823bf31745572c74e75b5f98978ed84471f5e602e2ce1076e0e43fcf366e,TRIVIA,novelty,2368b298b900b57b1d54c5f8b6cf6f1aafdebd9a3e3918411bbbf88109a4b4e3,fded4a0f778fc9e4cf5c1b74df82effac115dfbd5829c7b80e1a579fd7d8aa24,12,expected_reward,192,576,3,2.4756944444444446,2.3333333333333335,1.0,3.0,0.6020032327034291,0.04344584105679372,2.3333333333333335,3.0,0.963916597707066,exact-sign-median,2.616592965166239,2.9841400706115015,Descriptive pooled summary: environment replicas are independent clusters; algorithm replicas are averaged within each environment cluster.
bounded-symbolic-construct-validation.v1-calibration,calibration,07dabc814e26f8ace0ae6cf86ab10cfd6558bc9f32d2f48a751c5694bf35381c,eac4823bf31745572c74e75b5f98978ed84471f5e602e2ce1076e0e43fcf366e,TRIVIA,novelty,2368b298b900b57b1d54c5f8b6cf6f1aafdebd9a3e3918411bbbf88109a4b4e3,fded4a0f778fc9e4cf5c1b74df82effac115dfbd5829c7b80e1a579fd7d8aa24,12,hidden_expected_reward,192,576,3,2.4756944444444446,2.3333333333333335,1.0,3.0,0.6020032327034291,0.04344584105679372,2.3333333333333335,3.0,0.963916597707066,exact-sign-median,2.616592965166239,2.9841400706115015,Descriptive pooled summary: environment replicas are independent clusters; algorithm replicas are averaged within each environment cluster.
bounded-symbolic-construct-validation.v1-calibration,calibration,07dabc814e26f8ace0ae6cf86ab10cfd6558bc9f32d2f48a751c5694bf35381c,eac4823bf31745572c74e75b5f98978ed84471f5e602e2ce1076e0e43fcf366e,TRIVIA,novelty,2368b298b900b57b1d54c5f8b6cf6f1aafdebd9a3e3918411bbbf88109a4b4e3,fded4a0f778fc9e4cf5c1b74df82effac115dfbd5829c7b80e1a579fd7d8aa24,12,information.approximation_residual_nats,192,576,3,0.0,0.0,0.0,0.0,0.0,0.0,0.0,0.0,0.963916597707066,exact-sign-median,2.616592965166239,2.9841400706115015,Descriptive pooled summary: environment replicas are independent clusters; algorithm replicas are averaged within each environment cluster.
bounded-symbolic-construct-validation.v1-calibration,calibration,07dabc814e26f8ace0ae6cf86ab10cfd6558bc9f32d2f48a751c5694bf35381c,eac4823bf31745572c74e75b5f98978ed84471f5e602e2ce1076e0e43fcf366e,TRIVIA,novelty,2368b298b900b57b1d54c5f8b6cf6f1aafdebd9a3e3918411bbbf88109a4b4e3,fded4a0f778fc9e4cf5c1b74df82effac115dfbd5829c7b80e1a579fd7d8aa24,12,information.dynamic_state_nats,192,576,3,0.0,0.0,0.0,0.0,0.0,0.0,0.0,0.0,0.963916597707066,exact-sign-median,2.616592965166239,2.9841400706115015,Descriptive pooled summary: environment replicas are independent clusters; algorithm replicas are averaged within each environment cluster.
bounded-symbolic-construct-validation.v1-calibration,calibration,07dabc814e26f8ace0ae6cf86ab10cfd6558bc9f32d2f48a751c5694bf35381c,eac4823bf31745572c74e75b5f98978ed84471f5e602e2ce1076e0e43fcf366e,TRIVIA,novelty,2368b298b900b57b1d54c5f8b6cf6f1aafdebd9a3e3918411bbbf88109a4b4e3,fded4a0f778fc9e4cf5c1b74df82effac115dfbd5829c7b80e1a579fd7d8aa24,12,information.persistent_distractor_nats,192,576,3,6.322682356322393,6.381138226547924,5.0738675139287,6.515745681223552,0.21417629247837758,0.015456842514553416,6.333578900725098,6.381138226547924,0.963916597707066,exact-sign-median,2.616592965166239,2.9841400706115015,Descriptive pooled summary: environment replicas are independent clusters; algorithm replicas are averaged within each environment cluster.
bounded-symbolic-construct-validation.v1-calibration,calibration,07dabc814e26f8ace0ae6cf86ab10cfd6558bc9f32d2f48a751c5694bf35381c,eac4823bf31745572c74e75b5f98978ed84471f5e602e2ce1076e0e43fcf366e,TRIVIA,novelty,2368b298b900b57b1d54c5f8b6cf6f1aafdebd9a3e3918411bbbf88109a4b4e3,fded4a0f778fc9e4cf5c1b74df82effac115dfbd5829c7b80e1a579fd7d8aa24,12,information.reward_relevant_nats,192,576,3,3.1051615792613965,3.2103135147889503,2.6662458841225525,3.257872840611776,0.18630178276100656,0.01344517305344679,3.1232653859361488,3.257872840611776,0.963916597707066,exact-sign-median,2.616592965166239,2.9841400706115015,Descriptive pooled summary: environment replicas are independent clusters; algorithm replicas are averaged within each environment cluster.
bounded-symbolic-construct-validation.v1-calibration,calibration,07dabc814e26f8ace0ae6cf86ab10cfd6558bc9f32d2f48a751c5694bf35381c,eac4823bf31745572c74e75b5f98978ed84471f5e602e2ce1076e0e43fcf366e,TRIVIA,novelty,2368b298b900b57b1d54c5f8b6cf6f1aafdebd9a3e3918411bbbf88109a4b4e3,fded4a0f778fc9e4cf5c1b74df82effac115dfbd5829c7b80e1a579fd7d8aa24,12,information.shared_core_nats,192,576,3,0.0,0.0,0.0,0.0,0.0,0.0,0.0,0.0,0.963916597707066,exact-sign-median,2.616592965166239,2.9841400706115015,Descriptive pooled summary: environment replicas are independent clusters; algorithm replicas are averaged within each environment cluster.
bounded-symbolic-construct-validation.v1-calibration,calibration,07dabc814e26f8ace0ae6cf86ab10cfd6558bc9f32d2f48a751c5694bf35381c,eac4823bf31745572c74e75b5f98978ed84471f5e602e2ce1076e0e43fcf366e,TRIVIA,novelty,2368b298b900b57b1d54c5f8b6cf6f1aafdebd9a3e3918411bbbf88109a4b4e3,fded4a0f778fc9e4cf5c1b74df82effac115dfbd5829c7b80e1a579fd7d8aa24,12,information.total_acquired_nats,192,576,3,9.42784393558379,9.412060156113846,8.149573574042023,9.773618521835328,0.29898110240865333,0.021577102494780884,9.409284960838422,9.501584706502129,0.963916597707066,exact-sign-median,2.616592965166239,2.9841400706115015,Descriptive pooled summary: environment replicas are independent clusters; algorithm replicas are averaged within each environment cluster.
bounded-symbolic-construct-validation.v1-calibration,calibration,07dabc814e26f8ace0ae6cf86ab10cfd6558bc9f32d2f48a751c5694bf35381c,eac4823bf31745572c74e75b5f98978ed84471f5e602e2ce1076e0e43fcf366e,TRIVIA,novelty,2368b298b900b57b1d54c5f8b6cf6f1aafdebd9a3e3918411bbbf88109a4b4e3,fded4a0f778fc9e4cf5c1b74df82effac115dfbd5829c7b80e1a579fd7d8aa24,12,novelty.aleatoric_observation_novelty,192,576,3,0.0,0.0,0.0,0.0,0.0,0.0,0.0,0.0,0.963916597707066,exact-sign-median,2.616592965166239,2.9841400706115015,Descriptive pooled summary: environment replicas are independent clusters; algorithm replicas are averaged within each environment cluster.
bounded-symbolic-construct-validation.v1-calibration,calibration,07dabc814e26f8ace0ae6cf86ab10cfd6558bc9f32d2f48a751c5694bf35381c,eac4823bf31745572c74e75b5f98978ed84471f5e602e2ce1076e0e43fcf366e,TRIVIA,novelty,2368b298b900b57b1d54c5f8b6cf6f1aafdebd9a3e3918411bbbf88109a4b4e3,fded4a0f778fc9e4cf5c1b74df82effac115dfbd5829c7b80e1a579fd7d8aa24,12,novelty.behavioral_novelty,192,576,3,0.9710648148148148,1.0,0.7777777777777777,1.0,0.07234815470185765,0.005221278324061276,1.0,1.0,0.963916597707066,exact-sign-median,2.616592965166239,2.9841400706115015,Descriptive pooled summary: environment replicas are independent clusters; algorithm replicas are averaged within each environment cluster.
bounded-symbolic-construct-validation.v1-calibration,calibration,07dabc814e26f8ace0ae6cf86ab10cfd6558bc9f32d2f48a751c5694bf35381c,eac4823bf31745572c74e75b5f98978ed84471f5e602e2ce1076e0e43fcf366e,TRIVIA,novelty,2368b298b900b57b1d54c5f8b6cf6f1aafdebd9a3e3918411bbbf88109a4b4e3,fded4a0f778fc9e4cf5c1b74df82effac115dfbd5829c7b80e1a579fd7d8aa24,12,novelty.compression_improvement,192,576,3,9.42784393558379,9.412060156113846,8.149573574042023,9.773618521835328,0.29898110240865333,0.021577102494780884,9.409284960838422,9.501584706502129,0.963916597707066,exact-sign-median,2.616592965166239,2.9841400706115015,Descriptive pooled summary: environment replicas are independent clusters; algorithm replicas are averaged within each environment cluster.
bounded-symbolic-construct-validation.v1-calibration,calibration,07dabc814e26f8ace0ae6cf86ab10cfd6558bc9f32d2f48a751c5694bf35381c,eac4823bf31745572c74e75b5f98978ed84471f5e602e2ce1076e0e43fcf366e,TRIVIA,novelty,2368b298b900b57b1d54c5f8b6cf6f1aafdebd9a3e3918411bbbf88109a4b4e3,fded4a0f778fc9e4cf5c1b74df82effac115dfbd5829c7b80e1a579fd7d8aa24,12,novelty.count_novelty,192,576,3,0.75,0.75,0.75,0.75,0.0,0.0,0.75,0.75,0.963916597707066,exact-sign-median,2.616592965166239,2.9841400706115015,Descriptive pooled summary: environment replicas are independent clusters; algorithm replicas are averaged within each environment cluster.
bounded-symbolic-construct-validation.v1-calibration,calibration,07dabc814e26f8ace0ae6cf86ab10cfd6558bc9f32d2f48a751c5694bf35381c,eac4823bf31745572c74e75b5f98978ed84471f5e602e2ce1076e0e43fcf366e,TRIVIA,novelty,2368b298b900b57b1d54c5f8b6cf6f1aafdebd9a3e3918411bbbf88109a4b4e3,fded4a0f778fc9e4cf5c1b74df82effac115dfbd5829c7b80e1a579fd7d8aa24,12,novelty.latent_visitation_novelty,192,576,3,1.0,1.0,1.0,1.0,0.0,0.0,1.0,1.0,0.963916597707066,exact-sign-median,2.616592965166239,2.9841400706115015,Descriptive pooled summary: environment replicas are independent clusters; algorithm replicas are averaged within each environment cluster.
bounded-symbolic-construct-validation.v1-calibration,calibration,07dabc814e26f8ace0ae6cf86ab10cfd6558bc9f32d2f48a751c5694bf35381c,eac4823bf31745572c74e75b5f98978ed84471f5e602e2ce1076e0e43fcf366e,TRIVIA,novelty,2368b298b900b57b1d54c5f8b6cf6f1aafdebd9a3e3918411bbbf88109a4b4e3,fded4a0f778fc9e4cf5c1b74df82effac115dfbd5829c7b80e1a579fd7d8aa24,12,novelty.observation_prediction_error,192,576,3,0.6203660653794039,0.6192261904761905,0.6091666666666667,0.6668249128919861,0.011798900111311544,0.0008515122694259033,0.6192261904761905,0.6192261904761905,0.963916597707066,exact-sign-median,2.616592965166239,2.9841400706115015,Descriptive pooled summary: environment replicas are independent clusters; algorithm replicas are averaged within each environment cluster.
bounded-symbolic-construct-validation.v1-calibration,calibration,07dabc814e26f8ace0ae6cf86ab10cfd6558bc9f32d2f48a751c5694bf35381c,eac4823bf31745572c74e75b5f98978ed84471f5e602e2ce1076e0e43fcf366e,TRIVIA,novelty,2368b298b900b57b1d54c5f8b6cf6f1aafdebd9a3e3918411bbbf88109a4b4e3,fded4a0f778fc9e4cf5c1b74df82effac115dfbd5829c7b80e1a579fd7d8aa24,12,novelty.persistent_trivia_novelty,192,576,3,6.322682356322393,6.381138226547924,5.0738675139287,6.515745681223552,0.21417629247837758,0.015456842514553416,6.333578900725098,6.381138226547924,0.963916597707066,exact-sign-median,2.616592965166239,2.9841400706115015,Descriptive pooled summary: environment replicas are independent clusters; algorithm replicas are averaged within each environment cluster.
bounded-symbolic-construct-validation.v1-calibration,calibration,07dabc814e26f8ace0ae6cf86ab10cfd6558bc9f32d2f48a751c5694bf35381c,eac4823bf31745572c74e75b5f98978ed84471f5e602e2ce1076e0e43fcf366e,TRIVIA,novelty,2368b298b900b57b1d54c5f8b6cf6f1aafdebd9a3e3918411bbbf88109a4b4e3,fded4a0f778fc9e4cf5c1b74df82effac115dfbd5829c7b80e1a579fd7d8aa24,12,public_reward,192,576,3,0.0,0.0,0.0,0.0,0.0,0.0,0.0,0.0,0.963916597707066,exact-sign-median,2.616592965166239,2.9841400706115015,Descriptive pooled summary: environment replicas are independent clusters; algorithm replicas are averaged within each environment cluster.
bounded-symbolic-construct-validation.v1-calibration,calibration,07dabc814e26f8ace0ae6cf86ab10cfd6558bc9f32d2f48a751c5694bf35381c,eac4823bf31745572c74e75b5f98978ed84471f5e602e2ce1076e0e43fcf366e,TRIVIA,novelty,2368b298b900b57b1d54c5f8b6cf6f1aafdebd9a3e3918411bbbf88109a4b4e3,fded4a0f778fc9e4cf5c1b74df82effac115dfbd5829c7b80e1a579fd7d8aa24,12,relevant_information_nats,192,576,3,3.1051615792613965,3.2103135147889503,2.6662458841225525,3.257872840611776,0.18630178276100656,0.01344517305344679,3.1232653859361488,3.257872840611776,0.963916597707066,exact-sign-median,2.616592965166239,2.9841400706115015,Descriptive pooled summary: environment replicas are independent clusters; algorithm replicas are averaged within each environment cluster.
bounded-symbolic-construct-validation.v1-calibration,calibration,07dabc814e26f8ace0ae6cf86ab10cfd6558bc9f32d2f48a751c5694bf35381c,eac4823bf31745572c74e75b5f98978ed84471f5e602e2ce1076e0e43fcf366e,TRIVIA,novelty,2368b298b900b57b1d54c5f8b6cf6f1aafdebd9a3e3918411bbbf88109a4b4e3,fded4a0f778fc9e4cf5c1b74df82effac115dfbd5829c7b80e1a579fd7d8aa24,12,support.abstentions,192,576,3,0.08680555555555554,0.0,0.0,0.6666666666666666,0.21704446410557288,0.01566383497218382,0.0,0.0,0.963916597707066,exact-sign-median,2.616592965166239,2.9841400706115015,Descriptive pooled summary: environment replicas are independent clusters; algorithm replicas are averaged within each environment cluster.
bounded-symbolic-construct-validation.v1-calibration,calibration,07dabc814e26f8ace0ae6cf86ab10cfd6558bc9f32d2f48a751c5694bf35381c,eac4823bf31745572c74e75b5f98978ed84471f5e602e2ce1076e0e43fcf366e,TRIVIA,novelty,2368b298b900b57b1d54c5f8b6cf6f1aafdebd9a3e3918411bbbf88109a4b4e3,fded4a0f778fc9e4cf5c1b74df82effac115dfbd5829c7b80e1a579fd7d8aa24,12,support.correct_deployments,192,576,3,2.6944444444444446,2.6666666666666665,1.6666666666666667,3.0,0.34505285080232295,0.024902044536921117,2.6666666666666665,3.0,0.963916597707066,exact-sign-median,2.616592965166239,2.9841400706115015,Descriptive pooled summary: environment replicas are independent clusters; algorithm replicas are averaged within each environment cluster.
bounded-symbolic-construct-validation.v1-calibration,calibration,07dabc814e26f8ace0ae6cf86ab10cfd6558bc9f32d2f48a751c5694bf35381c,eac4823bf31745572c74e75b5f98978ed84471f5e602e2ce1076e0e43fcf366e,TRIVIA,novelty,2368b298b900b57b1d54c5f8b6cf6f1aafdebd9a3e3918411bbbf88109a4b4e3,fded4a0f778fc9e4cf5c1b74df82effac115dfbd5829c7b80e1a579fd7d8aa24,12,support.deployment_support,192,576,3,2.9131944444444446,3.0,2.3333333333333335,3.0,0.21704446410557285,0.01566383497218382,3.0,3.0,0.963916597707066,exact-sign-median,2.616592965166239,2.9841400706115015,Descriptive pooled summary: environment replicas are independent clusters; algorithm replicas are averaged within each environment cluster.
bounded-symbolic-construct-validation.v1-calibration,calibration,07dabc814e26f8ace0ae6cf86ab10cfd6558bc9f32d2f48a751c5694bf35381c,eac4823bf31745572c74e75b5f98978ed84471f5e602e2ce1076e0e43fcf366e,TRIVIA,novelty,2368b298b900b57b1d54c5f8b6cf6f1aafdebd9a3e3918411bbbf88109a4b4e3,fded4a0f778fc9e4cf5c1b74df82effac115dfbd5829c7b80e1a579fd7d8aa24,12,support.incorrect_deployments,192,576,3,0.21875,0.0,0.0,1.0,0.29273986053374595,0.021126679660211468,0.0,0.3333333333333333,0.963916597707066,exact-sign-median,2.616592965166239,2.9841400706115015,Descriptive pooled summary: environment replicas are independent clusters; algorithm replicas are averaged within each environment cluster.
bounded-symbolic-construct-validation.v1-calibration,calibration,07dabc814e26f8ace0ae6cf86ab10cfd6558bc9f32d2f48a751c5694bf35381c,eac4823bf31745572c74e75b5f98978ed84471f5e602e2ce1076e0e43fcf366e,TRIVIA,novelty,2368b298b900b57b1d54c5f8b6cf6f1aafdebd9a3e3918411bbbf88109a4b4e3,fded4a0f778fc9e4cf5c1b74df82effac115dfbd5829c7b80e1a579fd7d8aa24,12,support.mastered_independent_rules,192,576,3,2.6944444444444446,2.6666666666666665,1.6666666666666667,3.0,0.34505285080232295,0.024902044536921117,2.6666666666666665,3.0,0.963916597707066,exact-sign-median,2.616592965166239,2.9841400706115015,Descriptive pooled summary: environment replicas are independent clusters; algorithm replicas are averaged within each environment cluster.
bounded-symbolic-construct-validation.v1-calibration,calibration,07dabc814e26f8ace0ae6cf86ab10cfd6558bc9f32d2f48a751c5694bf35381c,eac4823bf31745572c74e75b5f98978ed84471f5e602e2ce1076e0e43fcf366e,TRIVIA,novelty,2368b298b900b57b1d54c5f8b6cf6f1aafdebd9a3e3918411bbbf88109a4b4e3,fded4a0f778fc9e4cf5c1b74df82effac115dfbd5829c7b80e1a579fd7d8aa24,12,total_information_nats,192,576,3,9.42784393558379,9.412060156113846,8.149573574042023,9.773618521835328,0.29898110240865333,0.021577102494780884,9.409284960838422,9.501584706502129,0.963916597707066,exact-sign-median,2.616592965166239,2.9841400706115015,Descriptive pooled summary: environment replicas are independent clusters; algorithm replicas are averaged within each environment cluster.
bounded-symbolic-construct-validation.v1-calibration,calibration,07dabc814e26f8ace0ae6cf86ab10cfd6558bc9f32d2f48a751c5694bf35381c,eac4823bf31745572c74e75b5f98978ed84471f5e602e2ce1076e0e43fcf366e,RED-C,scheduled,902c5213f3213a557bbb2bd9df3b741a8c3efd100c2335cecaacc657ee51121f,212aac92a1da8532e5972f40437fe5263d519fb358a0ec6fa63c804d134831ac,12,compute.deployment_evaluations,192,576,3,1.0,1.0,1.0,1.0,0.0,0.0,1.0,1.0,0.963916597707066,exact-sign-median,1.1673135438691675,1.3497975746570547,Descriptive pooled summary: environment replicas are independent clusters; algorithm replicas are averaged within each environment cluster.
bounded-symbolic-construct-validation.v1-calibration,calibration,07dabc814e26f8ace0ae6cf86ab10cfd6558bc9f32d2f48a751c5694bf35381c,eac4823bf31745572c74e75b5f98978ed84471f5e602e2ce1076e0e43fcf366e,RED-C,scheduled,902c5213f3213a557bbb2bd9df3b741a8c3efd100c2335cecaacc657ee51121f,212aac92a1da8532e5972f40437fe5263d519fb358a0ec6fa63c804d134831ac,12,compute.environment_steps,192,576,3,12.0,12.0,12.0,12.0,0.0,0.0,12.0,12.0,0.963916597707066,exact-sign-median,1.1673135438691675,1.3497975746570547,Descriptive pooled summary: environment replicas are independent clusters; algorithm replicas are averaged within each environment cluster.
bounded-symbolic-construct-validation.v1-calibration,calibration,07dabc814e26f8ace0ae6cf86ab10cfd6558bc9f32d2f48a751c5694bf35381c,eac4823bf31745572c74e75b5f98978ed84471f5e602e2ce1076e0e43fcf366e,RED-C,scheduled,902c5213f3213a557bbb2bd9df3b741a8c3efd100c2335cecaacc657ee51121f,212aac92a1da8532e5972f40437fe5263d519fb358a0ec6fa63c804d134831ac,12,compute.frontier_solver_calls,192,576,3,13.0,13.0,13.0,13.0,0.0,0.0,13.0,13.0,0.963916597707066,exact-sign-median,1.1673135438691675,1.3497975746570547,Descriptive pooled summary: environment replicas are independent clusters; algorithm replicas are averaged within each environment cluster.
bounded-symbolic-construct-validation.v1-calibration,calibration,07dabc814e26f8ace0ae6cf86ab10cfd6558bc9f32d2f48a751c5694bf35381c,eac4823bf31745572c74e75b5f98978ed84471f5e602e2ce1076e0e43fcf366e,RED-C,scheduled,902c5213f3213a557bbb2bd9df3b741a8c3efd100c2335cecaacc657ee51121f,212aac92a1da8532e5972f40437fe5263d519fb358a0ec6fa63c804d134831ac,12,compute.posterior_updates,192,576,3,12.0,12.0,12.0,12.0,0.0,0.0,12.0,12.0,0.963916597707066,exact-sign-median,1.1673135438691675,1.3497975746570547,Descriptive pooled summary: environment replicas are independent clusters; algorithm replicas are averaged within each environment cluster.
bounded-symbolic-construct-validation.v1-calibration,calibration,07dabc814e26f8ace0ae6cf86ab10cfd6558bc9f32d2f48a751c5694bf35381c,eac4823bf31745572c74e75b5f98978ed84471f5e602e2ce1076e0e43fcf366e,RED-C,scheduled,902c5213f3213a557bbb2bd9df3b741a8c3efd100c2335cecaacc657ee51121f,212aac92a1da8532e5972f40437fe5263d519fb358a0ec6fa63c804d134831ac,12,compute.queries,192,576,3,12.0,12.0,12.0,12.0,0.0,0.0,12.0,12.0,0.963916597707066,exact-sign-median,1.1673135438691675,1.3497975746570547,Descriptive pooled summary: environment replicas are independent clusters; algorithm replicas are averaged within each environment cluster.
bounded-symbolic-construct-validation.v1-calibration,calibration,07dabc814e26f8ace0ae6cf86ab10cfd6558bc9f32d2f48a751c5694bf35381c,eac4823bf31745572c74e75b5f98978ed84471f5e602e2ce1076e0e43fcf366e,RED-C,scheduled,902c5213f3213a557bbb2bd9df3b741a8c3efd100c2335cecaacc657ee51121f,212aac92a1da8532e5972f40437fe5263d519fb358a0ec6fa63c804d134831ac,12,distractor_information_nats,192,576,3,0.0,0.0,0.0,0.0,0.0,0.0,0.0,0.0,0.963916597707066,exact-sign-median,1.1673135438691675,1.3497975746570547,Descriptive pooled summary: environment replicas are independent clusters; algorithm replicas are averaged within each environment cluster.
bounded-symbolic-construct-validation.v1-calibration,calibration,07dabc814e26f8ace0ae6cf86ab10cfd6558bc9f32d2f48a751c5694bf35381c,eac4823bf31745572c74e75b5f98978ed84471f5e602e2ce1076e0e43fcf366e,RED-C,scheduled,902c5213f3213a557bbb2bd9df3b741a8c3efd100c2335cecaacc657ee51121f,212aac92a1da8532e5972f40437fe5263d519fb358a0ec6fa63c804d134831ac,12,expected_reward,192,576,3,2.9583333333333335,3.0,1.0,3.0,0.24714777853100314,0.017836354558061585,3.0,3.0,0.963916597707066,exact-sign-median,1.1673135438691675,1.3497975746570547,Descriptive pooled summary: environment replicas are independent clusters; algorithm replicas are averaged within each environment cluster.
bounded-symbolic-construct-validation.v1-calibration,calibration,07dabc814e26f8ace0ae6cf86ab10cfd6558bc9f32d2f48a751c5694bf35381c,eac4823bf31745572c74e75b5f98978ed84471f5e602e2ce1076e0e43fcf366e,RED-C,scheduled,902c5213f3213a557bbb2bd9df3b741a8c3efd100c2335cecaacc657ee51121f,212aac92a1da8532e5972f40437fe5263d519fb358a0ec6fa63c804d134831ac,12,hidden_expected_reward,192,576,3,2.9583333333333335,3.0,1.0,3.0,0.24714777853100314,0.017836354558061585,3.0,3.0,0.963916597707066,exact-sign-median,1.1673135438691675,1.3497975746570547,Descriptive pooled summary: environment replicas are independent clusters; algorithm replicas are averaged within each environment cluster.
bounded-symbolic-construct-validation.v1-calibration,calibration,07dabc814e26f8ace0ae6cf86ab10cfd6558bc9f32d2f48a751c5694bf35381c,eac4823bf31745572c74e75b5f98978ed84471f5e602e2ce1076e0e43fcf366e,RED-C,scheduled,902c5213f3213a557bbb2bd9df3b741a8c3efd100c2335cecaacc657ee51121f,212aac92a1da8532e5972f40437fe5263d519fb358a0ec6fa63c804d134831ac,12,information.approximation_residual_nats,192,576,3,0.0,0.0,0.0,0.0,0.0,0.0,0.0,0.0,0.963916597707066,exact-sign-median,1.1673135438691675,1.3497975746570547,Descriptive pooled summary: environment replicas are independent clusters; algorithm replicas are averaged within each environment cluster.
bounded-symbolic-construct-validation.v1-calibration,calibration,07dabc814e26f8ace0ae6cf86ab10cfd6558bc9f32d2f48a751c5694bf35381c,eac4823bf31745572c74e75b5f98978ed84471f5e602e2ce1076e0e43fcf366e,RED-C,scheduled,902c5213f3213a557bbb2bd9df3b741a8c3efd100c2335cecaacc657ee51121f,212aac92a1da8532e5972f40437fe5263d519fb358a0ec6fa63c804d134831ac,12,information.dynamic_state_nats,192,576,3,0.0,0.0,0.0,0.0,0.0,0.0,0.0,0.0,0.963916597707066,exact-sign-median,1.1673135438691675,1.3497975746570547,Descriptive pooled summary: environment replicas are independent clusters; algorithm replicas are averaged within each environment cluster.
bounded-symbolic-construct-validation.v1-calibration,calibration,07dabc814e26f8ace0ae6cf86ab10cfd6558bc9f32d2f48a751c5694bf35381c,eac4823bf31745572c74e75b5f98978ed84471f5e602e2ce1076e0e43fcf366e,RED-C,scheduled,902c5213f3213a557bbb2bd9df3b741a8c3efd100c2335cecaacc657ee51121f,212aac92a1da8532e5972f40437fe5263d519fb358a0ec6fa63c804d134831ac,12,information.persistent_distractor_nats,192,576,3,0.0,0.0,0.0,0.0,0.0,0.0,0.0,0.0,0.963916597707066,exact-sign-median,1.1673135438691675,1.3497975746570547,Descriptive pooled summary: environment replicas are independent clusters; algorithm replicas are averaged within each environment cluster.
bounded-symbolic-construct-validation.v1-calibration,calibration,07dabc814e26f8ace0ae6cf86ab10cfd6558bc9f32d2f48a751c5694bf35381c,eac4823bf31745572c74e75b5f98978ed84471f5e602e2ce1076e0e43fcf366e,RED-C,scheduled,902c5213f3213a557bbb2bd9df3b741a8c3efd100c2335cecaacc657ee51121f,212aac92a1da8532e5972f40437fe5263d519fb358a0ec6fa63c804d134831ac,12,information.reward_relevant_nats,192,576,3,0.0,0.0,0.0,0.0,0.0,0.0,0.0,0.0,0.963916597707066,exact-sign-median,1.1673135438691675,1.3497975746570547,Descriptive pooled summary: environment replicas are independent clusters; algorithm replicas are averaged within each environment cluster.
bounded-symbolic-construct-validation.v1-calibration,calibration,07dabc814e26f8ace0ae6cf86ab10cfd6558bc9f32d2f48a751c5694bf35381c,eac4823bf31745572c74e75b5f98978ed84471f5e602e2ce1076e0e43fcf366e,RED-C,scheduled,902c5213f3213a557bbb2bd9df3b741a8c3efd100c2335cecaacc657ee51121f,212aac92a1da8532e5972f40437fe5263d519fb358a0ec6fa63c804d134831ac,12,information.shared_core_nats,192,576,3,1.3862913076879415,1.3862943611197123,1.3857411891656264,1.38629436111989,3.9956474416829214e-05,2.8836101575530927e-06,1.3862943611197123,1.3862943611197125,0.963916597707066,exact-sign-median,1.1673135438691675,1.3497975746570547,Descriptive pooled summary: environment replicas are independent clusters; algorithm replicas are averaged within each environment cluster.
bounded-symbolic-construct-validation.v1-calibration,calibration,07dabc814e26f8ace0ae6cf86ab10cfd6558bc9f32d2f48a751c5694bf35381c,eac4823bf31745572c74e75b5f98978ed84471f5e602e2ce1076e0e43fcf366e,RED-C,scheduled,902c5213f3213a557bbb2bd9df3b741a8c3efd100c2335cecaacc657ee51121f,212aac92a1da8532e5972f40437fe5263d519fb358a0ec6fa63c804d134831ac,12,information.total_acquired_nats,192,576,3,1.3862913076879415,1.3862943611197125,1.3857411891656264,1.38629436111989,3.995647441683223e-05,2.8836101575533104e-06,1.3862943611197125,1.3862943611197125,0.963916597707066,exact-sign-median,1.1673135438691675,1.3497975746570547,Descriptive pooled summary: environment replicas are independent clusters; algorithm replicas are averaged within each environment cluster.
bounded-symbolic-construct-validation.v1-calibration,calibration,07dabc814e26f8ace0ae6cf86ab10cfd6558bc9f32d2f48a751c5694bf35381c,eac4823bf31745572c74e75b5f98978ed84471f5e602e2ce1076e0e43fcf366e,RED-C,scheduled,902c5213f3213a557bbb2bd9df3b741a8c3efd100c2335cecaacc657ee51121f,212aac92a1da8532e5972f40437fe5263d519fb358a0ec6fa63c804d134831ac,12,novelty.aleatoric_observation_novelty,192,576,3,0.0,0.0,0.0,0.0,0.0,0.0,0.0,0.0,0.963916597707066,exact-sign-median,1.1673135438691675,1.3497975746570547,Descriptive pooled summary: environment replicas are independent clusters; algorithm replicas are averaged within each environment cluster.
bounded-symbolic-construct-validation.v1-calibration,calibration,07dabc814e26f8ace0ae6cf86ab10cfd6558bc9f32d2f48a751c5694bf35381c,eac4823bf31745572c74e75b5f98978ed84471f5e602e2ce1076e0e43fcf366e,RED-C,scheduled,902c5213f3213a557bbb2bd9df3b741a8c3efd100c2335cecaacc657ee51121f,212aac92a1da8532e5972f40437fe5263d519fb358a0ec6fa63c804d134831ac,12,novelty.behavioral_novelty,192,576,3,0.9930555555555555,1.0,0.6666666666666666,1.0,0.04773317993742029,0.0034448455357683062,1.0,1.0,0.963916597707066,exact-sign-median,1.1673135438691675,1.3497975746570547,Descriptive pooled summary: environment replicas are independent clusters; algorithm replicas are averaged within each environment cluster.
bounded-symbolic-construct-validation.v1-calibration,calibration,07dabc814e26f8ace0ae6cf86ab10cfd6558bc9f32d2f48a751c5694bf35381c,eac4823bf31745572c74e75b5f98978ed84471f5e602e2ce1076e0e43fcf366e,RED-C,scheduled,902c5213f3213a557bbb2bd9df3b741a8c3efd100c2335cecaacc657ee51121f,212aac92a1da8532e5972f40437fe5263d519fb358a0ec6fa63c804d134831ac,12,novelty.compression_improvement,192,576,3,1.3862913076879415,1.3862943611197125,1.3857411891656264,1.38629436111989,3.995647441683223e-05,2.8836101575533104e-06,1.3862943611197125,1.3862943611197125,0.963916597707066,exact-sign-median,1.1673135438691675,1.3497975746570547,Descriptive pooled summary: environment replicas are independent clusters; algorithm replicas are averaged within each environment cluster.
bounded-symbolic-construct-validation.v1-calibration,calibration,07dabc814e26f8ace0ae6cf86ab10cfd6558bc9f32d2f48a751c5694bf35381c,eac4823bf31745572c74e75b5f98978ed84471f5e602e2ce1076e0e43fcf366e,RED-C,scheduled,902c5213f3213a557bbb2bd9df3b741a8c3efd100c2335cecaacc657ee51121f,212aac92a1da8532e5972f40437fe5263d519fb358a0ec6fa63c804d134831ac,12,novelty.count_novelty,192,576,3,0.25,0.25,0.25,0.25,0.0,0.0,0.25,0.25,0.963916597707066,exact-sign-median,1.1673135438691675,1.3497975746570547,Descriptive pooled summary: environment replicas are independent clusters; algorithm replicas are averaged within each environment cluster.
bounded-symbolic-construct-validation.v1-calibration,calibration,07dabc814e26f8ace0ae6cf86ab10cfd6558bc9f32d2f48a751c5694bf35381c,eac4823bf31745572c74e75b5f98978ed84471f5e602e2ce1076e0e43fcf366e,RED-C,scheduled,902c5213f3213a557bbb2bd9df3b741a8c3efd100c2335cecaacc657ee51121f,212aac92a1da8532e5972f40437fe5263d519fb358a0ec6fa63c804d134831ac,12,novelty.latent_visitation_novelty,192,576,3,1.0,1.0,1.0,1.0,0.0,0.0,1.0,1.0,0.963916597707066,exact-sign-median,1.1673135438691675,1.3497975746570547,Descriptive pooled summary: environment replicas are independent clusters; algorithm replicas are averaged within each environment cluster.
bounded-symbolic-construct-validation.v1-calibration,calibration,07dabc814e26f8ace0ae6cf86ab10cfd6558bc9f32d2f48a751c5694bf35381c,eac4823bf31745572c74e75b5f98978ed84471f5e602e2ce1076e0e43fcf366e,RED-C,scheduled,902c5213f3213a557bbb2bd9df3b741a8c3efd100c2335cecaacc657ee51121f,212aac92a1da8532e5972f40437fe5263d519fb358a0ec6fa63c804d134831ac,12,novelty.observation_prediction_error,192,576,3,0.31328691666193426,0.287935022512848,0.2850876631974459,0.4960156357735835,0.03638625832121186,0.002625952004569366,0.28783977638772584,0.324944577324494,0.963916597707066,exact-sign-median,1.1673135438691675,1.3497975746570547,Descriptive pooled summary: environment replicas are independent clusters; algorithm replicas are averaged within each environment cluster.
bounded-symbolic-construct-validation.v1-calibration,calibration,07dabc814e26f8ace0ae6cf86ab10cfd6558bc9f32d2f48a751c5694bf35381c,eac4823bf31745572c74e75b5f98978ed84471f5e602e2ce1076e0e43fcf366e,RED-C,scheduled,902c5213f3213a557bbb2bd9df3b741a8c3efd100c2335cecaacc657ee51121f,212aac92a1da8532e5972f40437fe5263d519fb358a0ec6fa63c804d134831ac,12,novelty.persistent_trivia_novelty,192,576,3,0.0,0.0,0.0,0.0,0.0,0.0,0.0,0.0,0.963916597707066,exact-sign-median,1.1673135438691675,1.3497975746570547,Descriptive pooled summary: environment replicas are independent clusters; algorithm replicas are averaged within each environment cluster.
bounded-symbolic-construct-validation.v1-calibration,calibration,07dabc814e26f8ace0ae6cf86ab10cfd6558bc9f32d2f48a751c5694bf35381c,eac4823bf31745572c74e75b5f98978ed84471f5e602e2ce1076e0e43fcf366e,RED-C,scheduled,902c5213f3213a557bbb2bd9df3b741a8c3efd100c2335cecaacc657ee51121f,212aac92a1da8532e5972f40437fe5263d519fb358a0ec6fa63c804d134831ac,12,public_reward,192,576,3,0.0,0.0,0.0,0.0,0.0,0.0,0.0,0.0,0.963916597707066,exact-sign-median,1.1673135438691675,1.3497975746570547,Descriptive pooled summary: environment replicas are independent clusters; algorithm replicas are averaged within each environment cluster.
bounded-symbolic-construct-validation.v1-calibration,calibration,07dabc814e26f8ace0ae6cf86ab10cfd6558bc9f32d2f48a751c5694bf35381c,eac4823bf31745572c74e75b5f98978ed84471f5e602e2ce1076e0e43fcf366e,RED-C,scheduled,902c5213f3213a557bbb2bd9df3b741a8c3efd100c2335cecaacc657ee51121f,212aac92a1da8532e5972f40437fe5263d519fb358a0ec6fa63c804d134831ac,12,relevant_information_nats,192,576,3,1.3862913076879415,1.3862943611197123,1.3857411891656264,1.38629436111989,3.9956474416829214e-05,2.8836101575530927e-06,1.3862943611197123,1.3862943611197125,0.963916597707066,exact-sign-median,1.1673135438691675,1.3497975746570547,Descriptive pooled summary: environment replicas are independent clusters; algorithm replicas are averaged within each environment cluster.
bounded-symbolic-construct-validation.v1-calibration,calibration,07dabc814e26f8ace0ae6cf86ab10cfd6558bc9f32d2f48a751c5694bf35381c,eac4823bf31745572c74e75b5f98978ed84471f5e602e2ce1076e0e43fcf366e,RED-C,scheduled,902c5213f3213a557bbb2bd9df3b741a8c3efd100c2335cecaacc657ee51121f,212aac92a1da8532e5972f40437fe5263d519fb358a0ec6fa63c804d134831ac,12,support.abstentions,192,576,3,0.020833333333333332,0.0,0.0,1.0,0.14319953981226086,0.010334536607304918,0.0,0.0,0.963916597707066,exact-sign-median,1.1673135438691675,1.3497975746570547,Descriptive pooled summary: environment replicas are independent clusters; algorithm replicas are averaged within each environment cluster.
bounded-symbolic-construct-validation.v1-calibration,calibration,07dabc814e26f8ace0ae6cf86ab10cfd6558bc9f32d2f48a751c5694bf35381c,eac4823bf31745572c74e75b5f98978ed84471f5e602e2ce1076e0e43fcf366e,RED-C,scheduled,902c5213f3213a557bbb2bd9df3b741a8c3efd100c2335cecaacc657ee51121f,212aac92a1da8532e5972f40437fe5263d519fb358a0ec6fa63c804d134831ac,12,support.correct_deployments,192,576,3,2.96875,3.0,2.0,3.0,0.17444751982408596,0.012589665316237326,3.0,3.0,0.963916597707066,exact-sign-median,1.1673135438691675,1.3497975746570547,Descriptive pooled summary: environment replicas are independent clusters; algorithm replicas are averaged within each environment cluster.
bounded-symbolic-construct-validation.v1-calibration,calibration,07dabc814e26f8ace0ae6cf86ab10cfd6558bc9f32d2f48a751c5694bf35381c,eac4823bf31745572c74e75b5f98978ed84471f5e602e2ce1076e0e43fcf366e,RED-C,scheduled,902c5213f3213a557bbb2bd9df3b741a8c3efd100c2335cecaacc657ee51121f,212aac92a1da8532e5972f40437fe5263d519fb358a0ec6fa63c804d134831ac,12,support.deployment_support,192,576,3,2.9791666666666665,3.0,2.0,3.0,0.14319953981226086,0.010334536607304918,3.0,3.0,0.963916597707066,exact-sign-median,1.1673135438691675,1.3497975746570547,Descriptive pooled summary: environment replicas are independent clusters; algorithm replicas are averaged within each environment cluster.
bounded-symbolic-construct-validation.v1-calibration,calibration,07dabc814e26f8ace0ae6cf86ab10cfd6558bc9f32d2f48a751c5694bf35381c,eac4823bf31745572c74e75b5f98978ed84471f5e602e2ce1076e0e43fcf366e,RED-C,scheduled,902c5213f3213a557bbb2bd9df3b741a8c3efd100c2335cecaacc657ee51121f,212aac92a1da8532e5972f40437fe5263d519fb358a0ec6fa63c804d134831ac,12,support.incorrect_deployments,192,576,3,0.010416666666666666,0.0,0.0,1.0,0.10179454378723674,0.007346388407199535,0.0,0.0,0.963916597707066,exact-sign-median,1.1673135438691675,1.3497975746570547,Descriptive pooled summary: environment replicas are independent clusters; algorithm replicas are averaged within each environment cluster.
bounded-symbolic-construct-validation.v1-calibration,calibration,07dabc814e26f8ace0ae6cf86ab10cfd6558bc9f32d2f48a751c5694bf35381c,eac4823bf31745572c74e75b5f98978ed84471f5e602e2ce1076e0e43fcf366e,RED-C,scheduled,902c5213f3213a557bbb2bd9df3b741a8c3efd100c2335cecaacc657ee51121f,212aac92a1da8532e5972f40437fe5263d519fb358a0ec6fa63c804d134831ac,12,support.mastered_independent_rules,192,576,3,0.0,0.0,0.0,0.0,0.0,0.0,0.0,0.0,0.963916597707066,exact-sign-median,1.1673135438691675,1.3497975746570547,Descriptive pooled summary: environment replicas are independent clusters; algorithm replicas are averaged within each environment cluster.
bounded-symbolic-construct-validation.v1-calibration,calibration,07dabc814e26f8ace0ae6cf86ab10cfd6558bc9f32d2f48a751c5694bf35381c,eac4823bf31745572c74e75b5f98978ed84471f5e602e2ce1076e0e43fcf366e,RED-C,scheduled,902c5213f3213a557bbb2bd9df3b741a8c3efd100c2335cecaacc657ee51121f,212aac92a1da8532e5972f40437fe5263d519fb358a0ec6fa63c804d134831ac,12,total_information_nats,192,576,3,1.3862913076879415,1.3862943611197125,1.3857411891656264,1.38629436111989,3.995647441683223e-05,2.8836101575533104e-06,1.3862943611197125,1.3862943611197125,0.963916597707066,exact-sign-median,1.1673135438691675,1.3497975746570547,Descriptive pooled summary: environment replicas are independent clusters; algorithm replicas are averaged within each environment cluster.
bounded-symbolic-construct-validation.v1-calibration,calibration,07dabc814e26f8ace0ae6cf86ab10cfd6558bc9f32d2f48a751c5694bf35381c,eac4823bf31745572c74e75b5f98978ed84471f5e602e2ce1076e0e43fcf366e,RED-C,reward,902c5213f3213a557bbb2bd9df3b741a8c3efd100c2335cecaacc657ee51121f,57ca2562042148839b133aec8c82c555375df8c666bac3d5b85a10d89f557416,12,compute.deployment_evaluations,192,576,3,1.0,1.0,1.0,1.0,0.0,0.0,1.0,1.0,0.963916597707066,exact-sign-median,1.1673135438691675,1.3574010718368121,Descriptive pooled summary: environment replicas are independent clusters; algorithm replicas are averaged within each environment cluster.
bounded-symbolic-construct-validation.v1-calibration,calibration,07dabc814e26f8ace0ae6cf86ab10cfd6558bc9f32d2f48a751c5694bf35381c,eac4823bf31745572c74e75b5f98978ed84471f5e602e2ce1076e0e43fcf366e,RED-C,reward,902c5213f3213a557bbb2bd9df3b741a8c3efd100c2335cecaacc657ee51121f,57ca2562042148839b133aec8c82c555375df8c666bac3d5b85a10d89f557416,12,compute.environment_steps,192,576,3,12.0,12.0,12.0,12.0,0.0,0.0,12.0,12.0,0.963916597707066,exact-sign-median,1.1673135438691675,1.3574010718368121,Descriptive pooled summary: environment replicas are independent clusters; algorithm replicas are averaged within each environment cluster.
bounded-symbolic-construct-validation.v1-calibration,calibration,07dabc814e26f8ace0ae6cf86ab10cfd6558bc9f32d2f48a751c5694bf35381c,eac4823bf31745572c74e75b5f98978ed84471f5e602e2ce1076e0e43fcf366e,RED-C,reward,902c5213f3213a557bbb2bd9df3b741a8c3efd100c2335cecaacc657ee51121f,57ca2562042148839b133aec8c82c555375df8c666bac3d5b85a10d89f557416,12,compute.frontier_solver_calls,192,576,3,13.0,13.0,13.0,13.0,0.0,0.0,13.0,13.0,0.963916597707066,exact-sign-median,1.1673135438691675,1.3574010718368121,Descriptive pooled summary: environment replicas are independent clusters; algorithm replicas are averaged within each environment cluster.
bounded-symbolic-construct-validation.v1-calibration,calibration,07dabc814e26f8ace0ae6cf86ab10cfd6558bc9f32d2f48a751c5694bf35381c,eac4823bf31745572c74e75b5f98978ed84471f5e602e2ce1076e0e43fcf366e,RED-C,reward,902c5213f3213a557bbb2bd9df3b741a8c3efd100c2335cecaacc657ee51121f,57ca2562042148839b133aec8c82c555375df8c666bac3d5b85a10d89f557416,12,compute.posterior_updates,192,576,3,7.484375,7.0,6.0,12.0,1.7601328227751323,0.1270266448798398,6.0,7.333333333333333,0.963916597707066,exact-sign-median,1.1673135438691675,1.3574010718368121,Descriptive pooled summary: environment replicas are independent clusters; algorithm replicas are averaged within each environment cluster.
bounded-symbolic-construct-validation.v1-calibration,calibration,07dabc814e26f8ace0ae6cf86ab10cfd6558bc9f32d2f48a751c5694bf35381c,eac4823bf31745572c74e75b5f98978ed84471f5e602e2ce1076e0e43fcf366e,RED-C,reward,902c5213f3213a557bbb2bd9df3b741a8c3efd100c2335cecaacc657ee51121f,57ca2562042148839b133aec8c82c555375df8c666bac3d5b85a10d89f557416,12,compute.queries,192,576,3,7.484375,7.0,6.0,12.0,1.7601328227751323,0.1270266448798398,6.0,7.333333333333333,0.963916597707066,exact-sign-median,1.1673135438691675,1.3574010718368121,Descriptive pooled summary: environment replicas are independent clusters; algorithm replicas are averaged within each environment cluster.
bounded-symbolic-construct-validation.v1-calibration,calibration,07dabc814e26f8ace0ae6cf86ab10cfd6558bc9f32d2f48a751c5694bf35381c,eac4823bf31745572c74e75b5f98978ed84471f5e602e2ce1076e0e43fcf366e,RED-C,reward,902c5213f3213a557bbb2bd9df3b741a8c3efd100c2335cecaacc657ee51121f,57ca2562042148839b133aec8c82c555375df8c666bac3d5b85a10d89f557416,12,distractor_information_nats,192,576,3,0.0,0.0,0.0,0.0,0.0,0.0,0.0,0.0,0.963916597707066,exact-sign-median,1.1673135438691675,1.3574010718368121,Descriptive pooled summary: environment replicas are independent clusters; algorithm replicas are averaged within each environment cluster.
bounded-symbolic-construct-validation.v1-calibration,calibration,07dabc814e26f8ace0ae6cf86ab10cfd6558bc9f32d2f48a751c5694bf35381c,eac4823bf31745572c74e75b5f98978ed84471f5e602e2ce1076e0e43fcf366e,RED-C,reward,902c5213f3213a557bbb2bd9df3b741a8c3efd100c2335cecaacc657ee51121f,57ca2562042148839b133aec8c82c555375df8c666bac3d5b85a10d89f557416,12,expected_reward,192,576,3,2.967013888888889,3.0,1.6666666666666667,3.0,0.17906711860333843,0.012923056141081012,3.0,3.0,0.963916597707066,exact-sign-median,1.1673135438691675,1.3574010718368121,Descriptive pooled summary: environment replicas are independent clusters; algorithm replicas are averaged within each environment cluster.
bounded-symbolic-construct-validation.v1-calibration,calibration,07dabc814e26f8ace0ae6cf86ab10cfd6558bc9f32d2f48a751c5694bf35381c,eac4823bf31745572c74e75b5f98978ed84471f5e602e2ce1076e0e43fcf366e,RED-C,reward,902c5213f3213a557bbb2bd9df3b741a8c3efd100c2335cecaacc657ee51121f,57ca2562042148839b133aec8c82c555375df8c666bac3d5b85a10d89f557416,12,hidden_expected_reward,192,576,3,2.967013888888889,3.0,1.6666666666666667,3.0,0.17906711860333843,0.012923056141081012,3.0,3.0,0.963916597707066,exact-sign-median,1.1673135438691675,1.3574010718368121,Descriptive pooled summary: environment replicas are independent clusters; algorithm replicas are averaged within each environment cluster.
bounded-symbolic-construct-validation.v1-calibration,calibration,07dabc814e26f8ace0ae6cf86ab10cfd6558bc9f32d2f48a751c5694bf35381c,eac4823bf31745572c74e75b5f98978ed84471f5e602e2ce1076e0e43fcf366e,RED-C,reward,902c5213f3213a557bbb2bd9df3b741a8c3efd100c2335cecaacc657ee51121f,57ca2562042148839b133aec8c82c555375df8c666bac3d5b85a10d89f557416,12,information.approximation_residual_nats,192,576,3,0.0,0.0,0.0,0.0,0.0,0.0,0.0,0.0,0.963916597707066,exact-sign-median,1.1673135438691675,1.3574010718368121,Descriptive pooled summary: environment replicas are independent clusters; algorithm replicas are averaged within each environment cluster.
bounded-symbolic-construct-validation.v1-calibration,calibration,07dabc814e26f8ace0ae6cf86ab10cfd6558bc9f32d2f48a751c5694bf35381c,eac4823bf31745572c74e75b5f98978ed84471f5e602e2ce1076e0e43fcf366e,RED-C,reward,902c5213f3213a557bbb2bd9df3b741a8c3efd100c2335cecaacc657ee51121f,57ca2562042148839b133aec8c82c555375df8c666bac3d5b85a10d89f557416,12,information.dynamic_state_nats,192,576,3,0.0,0.0,0.0,0.0,0.0,0.0,0.0,0.0,0.963916597707066,exact-sign-median,1.1673135438691675,1.3574010718368121,Descriptive pooled summary: environment replicas are independent clusters; algorithm replicas are averaged within each environment cluster.
bounded-symbolic-construct-validation.v1-calibration,calibration,07dabc814e26f8ace0ae6cf86ab10cfd6558bc9f32d2f48a751c5694bf35381c,eac4823bf31745572c74e75b5f98978ed84471f5e602e2ce1076e0e43fcf366e,RED-C,reward,902c5213f3213a557bbb2bd9df3b741a8c3efd100c2335cecaacc657ee51121f,57ca2562042148839b133aec8c82c555375df8c666bac3d5b85a10d89f557416,12,information.persistent_distractor_nats,192,576,3,0.0,0.0,0.0,0.0,0.0,0.0,0.0,0.0,0.963916597707066,exact-sign-median,1.1673135438691675,1.3574010718368121,Descriptive pooled summary: environment replicas are independent clusters; algorithm replicas are averaged within each environment cluster.
bounded-symbolic-construct-validation.v1-calibration,calibration,07dabc814e26f8ace0ae6cf86ab10cfd6558bc9f32d2f48a751c5694bf35381c,eac4823bf31745572c74e75b5f98978ed84471f5e602e2ce1076e0e43fcf366e,RED-C,reward,902c5213f3213a557bbb2bd9df3b741a8c3efd100c2335cecaacc657ee51121f,57ca2562042148839b133aec8c82c555375df8c666bac3d5b85a10d89f557416,12,information.reward_relevant_nats,192,576,3,0.0,0.0,0.0,0.0,0.0,0.0,0.0,0.0,0.963916597707066,exact-sign-median,1.1673135438691675,1.3574010718368121,Descriptive pooled summary: environment replicas are independent clusters; algorithm replicas are averaged within each environment cluster.
bounded-symbolic-construct-validation.v1-calibration,calibration,07dabc814e26f8ace0ae6cf86ab10cfd6558bc9f32d2f48a751c5694bf35381c,eac4823bf31745572c74e75b5f98978ed84471f5e602e2ce1076e0e43fcf366e,RED-C,reward,902c5213f3213a557bbb2bd9df3b741a8c3efd100c2335cecaacc657ee51121f,57ca2562042148839b133aec8c82c555375df8c666bac3d5b85a10d89f557416,12,information.shared_core_nats,192,576,3,1.386148176920808,1.3862942002480088,1.3793251849727686,1.386294358810697,0.0008597248301123097,6.204529526179341e-05,1.3862942002480088,1.3862942531022382,0.963916597707066,exact-sign-median,1.1673135438691675,1.3574010718368121,Descriptive pooled summary: environment replicas are independent clusters; algorithm replicas are averaged within each environment cluster.
bounded-symbolic-construct-validation.v1-calibration,calibration,07dabc814e26f8ace0ae6cf86ab10cfd6558bc9f32d2f48a751c5694bf35381c,eac4823bf31745572c74e75b5f98978ed84471f5e602e2ce1076e0e43fcf366e,RED-C,reward,902c5213f3213a557bbb2bd9df3b741a8c3efd100c2335cecaacc657ee51121f,57ca2562042148839b133aec8c82c555375df8c666bac3d5b85a10d89f557416,12,information.total_acquired_nats,192,576,3,1.386148176920808,1.386294200248009,1.3793251849727686,1.386294358810697,0.0008597248301123305,6.204529526179492e-05,1.386294200248009,1.3862942531022384,0.963916597707066,exact-sign-median,1.1673135438691675,1.3574010718368121,Descriptive pooled summary: environment replicas are independent clusters; algorithm replicas are averaged within each environment cluster.
bounded-symbolic-construct-validation.v1-calibration,calibration,07dabc814e26f8ace0ae6cf86ab10cfd6558bc9f32d2f48a751c5694bf35381c,eac4823bf31745572c74e75b5f98978ed84471f5e602e2ce1076e0e43fcf366e,RED-C,reward,902c5213f3213a557bbb2bd9df3b741a8c3efd100c2335cecaacc657ee51121f,57ca2562042148839b133aec8c82c555375df8c666bac3d5b85a10d89f557416,12,novelty.aleatoric_observation_novelty,192,576,3,0.0,0.0,0.0,0.0,0.0,0.0,0.0,0.0,0.963916597707066,exact-sign-median,1.1673135438691675,1.3574010718368121,Descriptive pooled summary: environment replicas are independent clusters; algorithm replicas are averaged within each environment cluster.
bounded-symbolic-construct-validation.v1-calibration,calibration,07dabc814e26f8ace0ae6cf86ab10cfd6558bc9f32d2f48a751c5694bf35381c,eac4823bf31745572c74e75b5f98978ed84471f5e602e2ce1076e0e43fcf366e,RED-C,reward,902c5213f3213a557bbb2bd9df3b741a8c3efd100c2335cecaacc657ee51121f,57ca2562042148839b133aec8c82c555375df8c666bac3d5b85a10d89f557416,12,novelty.behavioral_novelty,192,576,3,0.9994212962962963,1.0,0.8888888888888888,1.0,0.008018753738744807,0.0005787037037037041,1.0,1.0,0.963916597707066,exact-sign-median,1.1673135438691675,1.3574010718368121,Descriptive pooled summary: environment replicas are independent clusters; algorithm replicas are averaged within each environment cluster.
bounded-symbolic-construct-validation.v1-calibration,calibration,07dabc814e26f8ace0ae6cf86ab10cfd6558bc9f32d2f48a751c5694bf35381c,eac4823bf31745572c74e75b5f98978ed84471f5e602e2ce1076e0e43fcf366e,RED-C,reward,902c5213f3213a557bbb2bd9df3b741a8c3efd100c2335cecaacc657ee51121f,57ca2562042148839b133aec8c82c555375df8c666bac3d5b85a10d89f557416,12,novelty.compression_improvement,192,576,3,1.386148176920808,1.386294200248009,1.3793251849727686,1.386294358810697,0.0008597248301123305,6.204529526179492e-05,1.386294200248009,1.3862942531022384,0.963916597707066,exact-sign-median,1.1673135438691675,1.3574010718368121,Descriptive pooled summary: environment replicas are independent clusters; algorithm replicas are averaged within each environment cluster.
bounded-symbolic-construct-validation.v1-calibration,calibration,07dabc814e26f8ace0ae6cf86ab10cfd6558bc9f32d2f48a751c5694bf35381c,eac4823bf31745572c74e75b5f98978ed84471f5e602e2ce1076e0e43fcf366e,RED-C,reward,902c5213f3213a557bbb2bd9df3b741a8c3efd100c2335cecaacc657ee51121f,57ca2562042148839b133aec8c82c555375df8c666bac3d5b85a10d89f557416,12,novelty.count_novelty,192,576,3,0.4236545138888889,0.4458333333333333,0.25,0.5,0.08291348830043177,0.005983765598713146,0.4166666666666667,0.5,0.963916597707066,exact-sign-median,1.1673135438691675,1.3574010718368121,Descriptive pooled summary: environment replicas are independent clusters; algorithm replicas are averaged within each environment cluster.
bounded-symbolic-construct-validation.v1-calibration,calibration,07dabc814e26f8ace0ae6cf86ab10cfd6558bc9f32d2f48a751c5694bf35381c,eac4823bf31745572c74e75b5f98978ed84471f5e602e2ce1076e0e43fcf366e,RED-C,reward,902c5213f3213a557bbb2bd9df3b741a8c3efd100c2335cecaacc657ee51121f,57ca2562042148839b133aec8c82c555375df8c666bac3d5b85a10d89f557416,12,novelty.latent_visitation_novelty,192,576,3,1.0,1.0,1.0,1.0,0.0,0.0,1.0,1.0,0.963916597707066,exact-sign-median,1.1673135438691675,1.3574010718368121,Descriptive pooled summary: environment replicas are independent clusters; algorithm replicas are averaged within each environment cluster.
bounded-symbolic-construct-validation.v1-calibration,calibration,07dabc814e26f8ace0ae6cf86ab10cfd6558bc9f32d2f48a751c5694bf35381c,eac4823bf31745572c74e75b5f98978ed84471f5e602e2ce1076e0e43fcf366e,RED-C,reward,902c5213f3213a557bbb2bd9df3b741a8c3efd100c2335cecaacc657ee51121f,57ca2562042148839b133aec8c82c555375df8c666bac3d5b85a10d89f557416,12,novelty.observation_prediction_error,192,576,3,0.4477002814307744,0.4577208453742096,0.35338894907735363,0.46833333333333343,0.02546072455252294,0.0018374695217702544,0.44710835741508564,0.46833333333333343,0.963916597707066,exact-sign-median,1.1673135438691675,1.3574010718368121,Descriptive pooled summary: environment replicas are independent clusters; algorithm replicas are averaged within each environment cluster.
bounded-symbolic-construct-validation.v1-calibration,calibration,07dabc814e26f8ace0ae6cf86ab10cfd6558bc9f32d2f48a751c5694bf35381c,eac4823bf31745572c74e75b5f98978ed84471f5e602e2ce1076e0e43fcf366e,RED-C,reward,902c5213f3213a557bbb2bd9df3b741a8c3efd100c2335cecaacc657ee51121f,57ca2562042148839b133aec8c82c555375df8c666bac3d5b85a10d89f557416,12,novelty.persistent_trivia_novelty,192,576,3,0.0,0.0,0.0,0.0,0.0,0.0,0.0,0.0,0.963916597707066,exact-sign-median,1.1673135438691675,1.3574010718368121,Descriptive pooled summary: environment replicas are independent clusters; algorithm replicas are averaged within each environment cluster.
bounded-symbolic-construct-validation.v1-calibration,calibration,07dabc814e26f8ace0ae6cf86ab10cfd6558bc9f32d2f48a751c5694bf35381c,eac4823bf31745572c74e75b5f98978ed84471f5e602e2ce1076e0e43fcf366e,RED-C,reward,902c5213f3213a557bbb2bd9df3b741a8c3efd100c2335cecaacc657ee51121f,57ca2562042148839b133aec8c82c555375df8c666bac3d5b85a10d89f557416,12,public_reward,192,576,3,0.0,0.0,0.0,0.0,0.0,0.0,0.0,0.0,0.963916597707066,exact-sign-median,1.1673135438691675,1.3574010718368121,Descriptive pooled summary: environment replicas are independent clusters; algorithm replicas are averaged within each environment cluster.
bounded-symbolic-construct-validation.v1-calibration,calibration,07dabc814e26f8ace0ae6cf86ab10cfd6558bc9f32d2f48a751c5694bf35381c,eac4823bf31745572c74e75b5f98978ed84471f5e602e2ce1076e0e43fcf366e,RED-C,reward,902c5213f3213a557bbb2bd9df3b741a8c3efd100c2335cecaacc657ee51121f,57ca2562042148839b133aec8c82c555375df8c666bac3d5b85a10d89f557416,12,relevant_information_nats,192,576,3,1.386148176920808,1.3862942002480088,1.3793251849727686,1.386294358810697,0.0008597248301123097,6.204529526179341e-05,1.3862942002480088,1.3862942531022382,0.963916597707066,exact-sign-median,1.1673135438691675,1.3574010718368121,Descriptive pooled summary: environment replicas are independent clusters; algorithm replicas are averaged within each environment cluster.
bounded-symbolic-construct-validation.v1-calibration,calibration,07dabc814e26f8ace0ae6cf86ab10cfd6558bc9f32d2f48a751c5694bf35381c,eac4823bf31745572c74e75b5f98978ed84471f5e602e2ce1076e0e43fcf366e,RED-C,reward,902c5213f3213a557bbb2bd9df3b741a8c3efd100c2335cecaacc657ee51121f,57ca2562042148839b133aec8c82c555375df8c666bac3d5b85a10d89f557416,12,support.abstentions,192,576,3,0.001736111111111111,0.0,0.0,0.3333333333333333,0.024056261216234404,0.001736111111111111,0.0,0.0,0.963916597707066,exact-sign-median,1.1673135438691675,1.3574010718368121,Descriptive pooled summary: environment replicas are independent clusters; algorithm replicas are averaged within each environment cluster.
bounded-symbolic-construct-validation.v1-calibration,calibration,07dabc814e26f8ace0ae6cf86ab10cfd6558bc9f32d2f48a751c5694bf35381c,eac4823bf31745572c74e75b5f98978ed84471f5e602e2ce1076e0e43fcf366e,RED-C,reward,902c5213f3213a557bbb2bd9df3b741a8c3efd100c2335cecaacc657ee51121f,57ca2562042148839b133aec8c82c555375df8c666bac3d5b85a10d89f557416,12,support.correct_deployments,192,576,3,2.982638888888889,3.0,2.3333333333333335,3.0,0.0948933655432378,0.0068483387675872375,3.0,3.0,0.963916597707066,exact-sign-median,1.1673135438691675,1.3574010718368121,Descriptive pooled summary: environment replicas are independent clusters; algorithm replicas are averaged within each environment cluster.
bounded-symbolic-construct-validation.v1-calibration,calibration,07dabc814e26f8ace0ae6cf86ab10cfd6558bc9f32d2f48a751c5694bf35381c,eac4823bf31745572c74e75b5f98978ed84471f5e602e2ce1076e0e43fcf366e,RED-C,reward,902c5213f3213a557bbb2bd9df3b741a8c3efd100c2335cecaacc657ee51121f,57ca2562042148839b133aec8c82c555375df8c666bac3d5b85a10d89f557416,12,support.deployment_support,192,576,3,2.998263888888889,3.0,2.6666666666666665,3.0,0.024056261216234418,0.001736111111111112,3.0,3.0,0.963916597707066,exact-sign-median,1.1673135438691675,1.3574010718368121,Descriptive pooled summary: environment replicas are independent clusters; algorithm replicas are averaged within each environment cluster.
bounded-symbolic-construct-validation.v1-calibration,calibration,07dabc814e26f8ace0ae6cf86ab10cfd6558bc9f32d2f48a751c5694bf35381c,eac4823bf31745572c74e75b5f98978ed84471f5e602e2ce1076e0e43fcf366e,RED-C,reward,902c5213f3213a557bbb2bd9df3b741a8c3efd100c2335cecaacc657ee51121f,57ca2562042148839b133aec8c82c555375df8c666bac3d5b85a10d89f557416,12,support.incorrect_deployments,192,576,3,0.015625,0.0,0.0,0.6666666666666666,0.08554015145053424,0.0061733286833109136,0.0,0.0,0.963916597707066,exact-sign-median,1.1673135438691675,1.3574010718368121,Descriptive pooled summary: environment replicas are independent clusters; algorithm replicas are averaged within each environment cluster.
bounded-symbolic-construct-validation.v1-calibration,calibration,07dabc814e26f8ace0ae6cf86ab10cfd6558bc9f32d2f48a751c5694bf35381c,eac4823bf31745572c74e75b5f98978ed84471f5e602e2ce1076e0e43fcf366e,RED-C,reward,902c5213f3213a557bbb2bd9df3b741a8c3efd100c2335cecaacc657ee51121f,57ca2562042148839b133aec8c82c555375df8c666bac3d5b85a10d89f557416,12,support.mastered_independent_rules,192,576,3,0.0,0.0,0.0,0.0,0.0,0.0,0.0,0.0,0.963916597707066,exact-sign-median,1.1673135438691675,1.3574010718368121,Descriptive pooled summary: environment replicas are independent clusters; algorithm replicas are averaged within each environment cluster.
bounded-symbolic-construct-validation.v1-calibration,calibration,07dabc814e26f8ace0ae6cf86ab10cfd6558bc9f32d2f48a751c5694bf35381c,eac4823bf31745572c74e75b5f98978ed84471f5e602e2ce1076e0e43fcf366e,RED-C,reward,902c5213f3213a557bbb2bd9df3b741a8c3efd100c2335cecaacc657ee51121f,57ca2562042148839b133aec8c82c555375df8c666bac3d5b85a10d89f557416,12,total_information_nats,192,576,3,1.386148176920808,1.386294200248009,1.3793251849727686,1.386294358810697,0.0008597248301123305,6.204529526179492e-05,1.386294200248009,1.3862942531022384,0.963916597707066,exact-sign-median,1.1673135438691675,1.3574010718368121,Descriptive pooled summary: environment replicas are independent clusters; algorithm replicas are averaged within each environment cluster.
bounded-symbolic-construct-validation.v1-calibration,calibration,07dabc814e26f8ace0ae6cf86ab10cfd6558bc9f32d2f48a751c5694bf35381c,eac4823bf31745572c74e75b5f98978ed84471f5e602e2ce1076e0e43fcf366e,RED-C,relevant-information,902c5213f3213a557bbb2bd9df3b741a8c3efd100c2335cecaacc657ee51121f,861f07a9aadf16023896b000a1054fb2060a2afb3cffe8500f5257b21f78c8d9,12,compute.deployment_evaluations,192,576,3,1.0,1.0,1.0,1.0,0.0,0.0,1.0,1.0,0.963916597707066,exact-sign-median,1.1673135438691675,1.3756494650682298,Descriptive pooled summary: environment replicas are independent clusters; algorithm replicas are averaged within each environment cluster.
bounded-symbolic-construct-validation.v1-calibration,calibration,07dabc814e26f8ace0ae6cf86ab10cfd6558bc9f32d2f48a751c5694bf35381c,eac4823bf31745572c74e75b5f98978ed84471f5e602e2ce1076e0e43fcf366e,RED-C,relevant-information,902c5213f3213a557bbb2bd9df3b741a8c3efd100c2335cecaacc657ee51121f,861f07a9aadf16023896b000a1054fb2060a2afb3cffe8500f5257b21f78c8d9,12,compute.environment_steps,192,576,3,12.0,12.0,12.0,12.0,0.0,0.0,12.0,12.0,0.963916597707066,exact-sign-median,1.1673135438691675,1.3756494650682298,Descriptive pooled summary: environment replicas are independent clusters; algorithm replicas are averaged within each environment cluster.
bounded-symbolic-construct-validation.v1-calibration,calibration,07dabc814e26f8ace0ae6cf86ab10cfd6558bc9f32d2f48a751c5694bf35381c,eac4823bf31745572c74e75b5f98978ed84471f5e602e2ce1076e0e43fcf366e,RED-C,relevant-information,902c5213f3213a557bbb2bd9df3b741a8c3efd100c2335cecaacc657ee51121f,861f07a9aadf16023896b000a1054fb2060a2afb3cffe8500f5257b21f78c8d9,12,compute.frontier_solver_calls,192,576,3,13.0,13.0,13.0,13.0,0.0,0.0,13.0,13.0,0.963916597707066,exact-sign-median,1.1673135438691675,1.3756494650682298,Descriptive pooled summary: environment replicas are independent clusters; algorithm replicas are averaged within each environment cluster.
bounded-symbolic-construct-validation.v1-calibration,calibration,07dabc814e26f8ace0ae6cf86ab10cfd6558bc9f32d2f48a751c5694bf35381c,eac4823bf31745572c74e75b5f98978ed84471f5e602e2ce1076e0e43fcf366e,RED-C,relevant-information,902c5213f3213a557bbb2bd9df3b741a8c3efd100c2335cecaacc657ee51121f,861f07a9aadf16023896b000a1054fb2060a2afb3cffe8500f5257b21f78c8d9,12,compute.posterior_updates,192,576,3,12.0,12.0,12.0,12.0,0.0,0.0,12.0,12.0,0.963916597707066,exact-sign-median,1.1673135438691675,1.3756494650682298,Descriptive pooled summary: environment replicas are independent clusters; algorithm replicas are averaged within each environment cluster.
bounded-symbolic-construct-validation.v1-calibration,calibration,07dabc814e26f8ace0ae6cf86ab10cfd6558bc9f32d2f48a751c5694bf35381c,eac4823bf31745572c74e75b5f98978ed84471f5e602e2ce1076e0e43fcf366e,RED-C,relevant-information,902c5213f3213a557bbb2bd9df3b741a8c3efd100c2335cecaacc657ee51121f,861f07a9aadf16023896b000a1054fb2060a2afb3cffe8500f5257b21f78c8d9,12,compute.queries,192,576,3,12.0,12.0,12.0,12.0,0.0,0.0,12.0,12.0,0.963916597707066,exact-sign-median,1.1673135438691675,1.3756494650682298,Descriptive pooled summary: environment replicas are independent clusters; algorithm replicas are averaged within each environment cluster.
bounded-symbolic-construct-validation.v1-calibration,calibration,07dabc814e26f8ace0ae6cf86ab10cfd6558bc9f32d2f48a751c5694bf35381c,eac4823bf31745572c74e75b5f98978ed84471f5e602e2ce1076e0e43fcf366e,RED-C,relevant-information,902c5213f3213a557bbb2bd9df3b741a8c3efd100c2335cecaacc657ee51121f,861f07a9aadf16023896b000a1054fb2060a2afb3cffe8500f5257b21f78c8d9,12,distractor_information_nats,192,576,3,0.0,0.0,0.0,0.0,0.0,0.0,0.0,0.0,0.963916597707066,exact-sign-median,1.1673135438691675,1.3756494650682298,Descriptive pooled summary: environment replicas are independent clusters; algorithm replicas are averaged within each environment cluster.
bounded-symbolic-construct-validation.v1-calibration,calibration,07dabc814e26f8ace0ae6cf86ab10cfd6558bc9f32d2f48a751c5694bf35381c,eac4823bf31745572c74e75b5f98978ed84471f5e602e2ce1076e0e43fcf366e,RED-C,relevant-information,902c5213f3213a557bbb2bd9df3b741a8c3efd100c2335cecaacc657ee51121f,861f07a9aadf16023896b000a1054fb2060a2afb3cffe8500f5257b21f78c8d9,12,expected_reward,192,576,3,2.987847222222222,3.0,2.0,3.0,0.09869654182708312,0.00712280937399395,3.0,3.0,0.963916597707066,exact-sign-median,1.1673135438691675,1.3756494650682298,Descriptive pooled summary: environment replicas are independent clusters; algorithm replicas are averaged within each environment cluster.
bounded-symbolic-construct-validation.v1-calibration,calibration,07dabc814e26f8ace0ae6cf86ab10cfd6558bc9f32d2f48a751c5694bf35381c,eac4823bf31745572c74e75b5f98978ed84471f5e602e2ce1076e0e43fcf366e,RED-C,relevant-information,902c5213f3213a557bbb2bd9df3b741a8c3efd100c2335cecaacc657ee51121f,861f07a9aadf16023896b000a1054fb2060a2afb3cffe8500f5257b21f78c8d9,12,hidden_expected_reward,192,576,3,2.987847222222222,3.0,2.0,3.0,0.09869654182708312,0.00712280937399395,3.0,3.0,0.963916597707066,exact-sign-median,1.1673135438691675,1.3756494650682298,Descriptive pooled summary: environment replicas are independent clusters; algorithm replicas are averaged within each environment cluster.
bounded-symbolic-construct-validation.v1-calibration,calibration,07dabc814e26f8ace0ae6cf86ab10cfd6558bc9f32d2f48a751c5694bf35381c,eac4823bf31745572c74e75b5f98978ed84471f5e602e2ce1076e0e43fcf366e,RED-C,relevant-information,902c5213f3213a557bbb2bd9df3b741a8c3efd100c2335cecaacc657ee51121f,861f07a9aadf16023896b000a1054fb2060a2afb3cffe8500f5257b21f78c8d9,12,information.approximation_residual_nats,192,576,3,0.0,0.0,0.0,0.0,0.0,0.0,0.0,0.0,0.963916597707066,exact-sign-median,1.1673135438691675,1.3756494650682298,Descriptive pooled summary: environment replicas are independent clusters; algorithm replicas are averaged within each environment cluster.
bounded-symbolic-construct-validation.v1-calibration,calibration,07dabc814e26f8ace0ae6cf86ab10cfd6558bc9f32d2f48a751c5694bf35381c,eac4823bf31745572c74e75b5f98978ed84471f5e602e2ce1076e0e43fcf366e,RED-C,relevant-information,902c5213f3213a557bbb2bd9df3b741a8c3efd100c2335cecaacc657ee51121f,861f07a9aadf16023896b000a1054fb2060a2afb3cffe8500f5257b21f78c8d9,12,information.dynamic_state_nats,192,576,3,0.0,0.0,0.0,0.0,0.0,0.0,0.0,0.0,0.963916597707066,exact-sign-median,1.1673135438691675,1.3756494650682298,Descriptive pooled summary: environment replicas are independent clusters; algorithm replicas are averaged within each environment cluster.
bounded-symbolic-construct-validation.v1-calibration,calibration,07dabc814e26f8ace0ae6cf86ab10cfd6558bc9f32d2f48a751c5694bf35381c,eac4823bf31745572c74e75b5f98978ed84471f5e602e2ce1076e0e43fcf366e,RED-C,relevant-information,902c5213f3213a557bbb2bd9df3b741a8c3efd100c2335cecaacc657ee51121f,861f07a9aadf16023896b000a1054fb2060a2afb3cffe8500f5257b21f78c8d9,12,information.persistent_distractor_nats,192,576,3,0.0,0.0,0.0,0.0,0.0,0.0,0.0,0.0,0.963916597707066,exact-sign-median,1.1673135438691675,1.3756494650682298,Descriptive pooled summary: environment replicas are independent clusters; algorithm replicas are averaged within each environment cluster.
bounded-symbolic-construct-validation.v1-calibration,calibration,07dabc814e26f8ace0ae6cf86ab10cfd6558bc9f32d2f48a751c5694bf35381c,eac4823bf31745572c74e75b5f98978ed84471f5e602e2ce1076e0e43fcf366e,RED-C,relevant-information,902c5213f3213a557bbb2bd9df3b741a8c3efd100c2335cecaacc657ee51121f,861f07a9aadf16023896b000a1054fb2060a2afb3cffe8500f5257b21f78c8d9,12,information.reward_relevant_nats,192,576,3,0.0,0.0,0.0,0.0,0.0,0.0,0.0,0.0,0.963916597707066,exact-sign-median,1.1673135438691675,1.3756494650682298,Descriptive pooled summary: environment replicas are independent clusters; algorithm replicas are averaged within each environment cluster.
bounded-symbolic-construct-validation.v1-calibration,calibration,07dabc814e26f8ace0ae6cf86ab10cfd6558bc9f32d2f48a751c5694bf35381c,eac4823bf31745572c74e75b5f98978ed84471f5e602e2ce1076e0e43fcf366e,RED-C,relevant-information,902c5213f3213a557bbb2bd9df3b741a8c3efd100c2335cecaacc657ee51121f,861f07a9aadf16023896b000a1054fb2060a2afb3cffe8500f5257b21f78c8d9,12,information.shared_core_nats,192,576,3,1.3862922756775156,1.3862943611170362,1.386099838331041,1.38629436111989,1.9302708320628492e-05,1.3930529806254612e-06,1.3862943611143599,1.3862943611197123,0.963916597707066,exact-sign-median,1.1673135438691675,1.3756494650682298,Descriptive pooled summary: environment replicas are independent clusters; algorithm replicas are averaged within each environment cluster.
bounded-symbolic-construct-validation.v1-calibration,calibration,07dabc814e26f8ace0ae6cf86ab10cfd6558bc9f32d2f48a751c5694bf35381c,eac4823bf31745572c74e75b5f98978ed84471f5e602e2ce1076e0e43fcf366e,RED-C,relevant-information,902c5213f3213a557bbb2bd9df3b741a8c3efd100c2335cecaacc657ee51121f,861f07a9aadf16023896b000a1054fb2060a2afb3cffe8500f5257b21f78c8d9,12,information.total_acquired_nats,192,576,3,1.3862922756775156,1.3862943611170362,1.386099838331041,1.38629436111989,1.9302708320620476e-05,1.3930529806248826e-06,1.3862943611143599,1.3862943611197125,0.963916597707066,exact-sign-median,1.1673135438691675,1.3756494650682298,Descriptive pooled summary: environment replicas are independent clusters; algorithm replicas are averaged within each environment cluster.
bounded-symbolic-construct-validation.v1-calibration,calibration,07dabc814e26f8ace0ae6cf86ab10cfd6558bc9f32d2f48a751c5694bf35381c,eac4823bf31745572c74e75b5f98978ed84471f5e602e2ce1076e0e43fcf366e,RED-C,relevant-information,902c5213f3213a557bbb2bd9df3b741a8c3efd100c2335cecaacc657ee51121f,861f07a9aadf16023896b000a1054fb2060a2afb3cffe8500f5257b21f78c8d9,12,novelty.aleatoric_observation_novelty,192,576,3,0.0,0.0,0.0,0.0,0.0,0.0,0.0,0.0,0.963916597707066,exact-sign-median,1.1673135438691675,1.3756494650682298,Descriptive pooled summary: environment replicas are independent clusters; algorithm replicas are averaged within each environment cluster.
bounded-symbolic-construct-validation.v1-calibration,calibration,07dabc814e26f8ace0ae6cf86ab10cfd6558bc9f32d2f48a751c5694bf35381c,eac4823bf31745572c74e75b5f98978ed84471f5e602e2ce1076e0e43fcf366e,RED-C,relevant-information,902c5213f3213a557bbb2bd9df3b741a8c3efd100c2335cecaacc657ee51121f,861f07a9aadf16023896b000a1054fb2060a2afb3cffe8500f5257b21f78c8d9,12,novelty.behavioral_novelty,192,576,3,0.9994212962962963,1.0,0.8888888888888888,1.0,0.008018753738744807,0.0005787037037037041,1.0,1.0,0.963916597707066,exact-sign-median,1.1673135438691675,1.3756494650682298,Descriptive pooled summary: environment replicas are independent clusters; algorithm replicas are averaged within each environment cluster.
bounded-symbolic-construct-validation.v1-calibration,calibration,07dabc814e26f8ace0ae6cf86ab10cfd6558bc9f32d2f48a751c5694bf35381c,eac4823bf31745572c74e75b5f98978ed84471f5e602e2ce1076e0e43fcf366e,RED-C,relevant-information,902c5213f3213a557bbb2bd9df3b741a8c3efd100c2335cecaacc657ee51121f,861f07a9aadf16023896b000a1054fb2060a2afb3cffe8500f5257b21f78c8d9,12,novelty.compression_improvement,192,576,3,1.3862922756775156,1.3862943611170362,1.386099838331041,1.38629436111989,1.9302708320620476e-05,1.3930529806248826e-06,1.3862943611143599,1.3862943611197125,0.963916597707066,exact-sign-median,1.1673135438691675,1.3756494650682298,Descriptive pooled summary: environment replicas are independent clusters; algorithm replicas are averaged within each environment cluster.
bounded-symbolic-construct-validation.v1-calibration,calibration,07dabc814e26f8ace0ae6cf86ab10cfd6558bc9f32d2f48a751c5694bf35381c,eac4823bf31745572c74e75b5f98978ed84471f5e602e2ce1076e0e43fcf366e,RED-C,relevant-information,902c5213f3213a557bbb2bd9df3b741a8c3efd100c2335cecaacc657ee51121f,861f07a9aadf16023896b000a1054fb2060a2afb3cffe8500f5257b21f78c8d9,12,novelty.count_novelty,192,576,3,0.25,0.25,0.25,0.25,0.0,0.0,0.25,0.25,0.963916597707066,exact-sign-median,1.1673135438691675,1.3756494650682298,Descriptive pooled summary: environment replicas are independent clusters; algorithm replicas are averaged within each environment cluster.
bounded-symbolic-construct-validation.v1-calibration,calibration,07dabc814e26f8ace0ae6cf86ab10cfd6558bc9f32d2f48a751c5694bf35381c,eac4823bf31745572c74e75b5f98978ed84471f5e602e2ce1076e0e43fcf366e,RED-C,relevant-information,902c5213f3213a557bbb2bd9df3b741a8c3efd100c2335cecaacc657ee51121f,861f07a9aadf16023896b000a1054fb2060a2afb3cffe8500f5257b21f78c8d9,12,novelty.latent_visitation_novelty,192,576,3,1.0,1.0,1.0,1.0,0.0,0.0,1.0,1.0,0.963916597707066,exact-sign-median,1.1673135438691675,1.3756494650682298,Descriptive pooled summary: environment replicas are independent clusters; algorithm replicas are averaged within each environment cluster.
bounded-symbolic-construct-validation.v1-calibration,calibration,07dabc814e26f8ace0ae6cf86ab10cfd6558bc9f32d2f48a751c5694bf35381c,eac4823bf31745572c74e75b5f98978ed84471f5e602e2ce1076e0e43fcf366e,RED-C,relevant-information,902c5213f3213a557bbb2bd9df3b741a8c3efd100c2335cecaacc657ee51121f,861f07a9aadf16023896b000a1054fb2060a2afb3cffe8500f5257b21f78c8d9,12,novelty.observation_prediction_error,192,576,3,0.31563047756894713,0.3117224366988927,0.2850876631974459,0.44916853197065904,0.03556037301335395,0.002566348866467926,0.2887026907399844,0.31451040346833653,0.963916597707066,exact-sign-median,1.1673135438691675,1.3756494650682298,Descriptive pooled summary: environment replicas are independent clusters; algorithm replicas are averaged within each environment cluster.
bounded-symbolic-construct-validation.v1-calibration,calibration,07dabc814e26f8ace0ae6cf86ab10cfd6558bc9f32d2f48a751c5694bf35381c,eac4823bf31745572c74e75b5f98978ed84471f5e602e2ce1076e0e43fcf366e,RED-C,relevant-information,902c5213f3213a557bbb2bd9df3b741a8c3efd100c2335cecaacc657ee51121f,861f07a9aadf16023896b000a1054fb2060a2afb3cffe8500f5257b21f78c8d9,12,novelty.persistent_trivia_novelty,192,576,3,0.0,0.0,0.0,0.0,0.0,0.0,0.0,0.0,0.963916597707066,exact-sign-median,1.1673135438691675,1.3756494650682298,Descriptive pooled summary: environment replicas are independent clusters; algorithm replicas are averaged within each environment cluster.
bounded-symbolic-construct-validation.v1-calibration,calibration,07dabc814e26f8ace0ae6cf86ab10cfd6558bc9f32d2f48a751c5694bf35381c,eac4823bf31745572c74e75b5f98978ed84471f5e602e2ce1076e0e43fcf366e,RED-C,relevant-information,902c5213f3213a557bbb2bd9df3b741a8c3efd100c2335cecaacc657ee51121f,861f07a9aadf16023896b000a1054fb2060a2afb3cffe8500f5257b21f78c8d9,12,public_reward,192,576,3,0.0,0.0,0.0,0.0,0.0,0.0,0.0,0.0,0.963916597707066,exact-sign-median,1.1673135438691675,1.3756494650682298,Descriptive pooled summary: environment replicas are independent clusters; algorithm replicas are averaged within each environment cluster.
bounded-symbolic-construct-validation.v1-calibration,calibration,07dabc814e26f8ace0ae6cf86ab10cfd6558bc9f32d2f48a751c5694bf35381c,eac4823bf31745572c74e75b5f98978ed84471f5e602e2ce1076e0e43fcf366e,RED-C,relevant-information,902c5213f3213a557bbb2bd9df3b741a8c3efd100c2335cecaacc657ee51121f,861f07a9aadf16023896b000a1054fb2060a2afb3cffe8500f5257b21f78c8d9,12,relevant_information_nats,192,576,3,1.3862922756775156,1.3862943611170362,1.386099838331041,1.38629436111989,1.9302708320628492e-05,1.3930529806254612e-06,1.3862943611143599,1.3862943611197123,0.963916597707066,exact-sign-median,1.1673135438691675,1.3756494650682298,Descriptive pooled summary: environment replicas are independent clusters; algorithm replicas are averaged within each environment cluster.
bounded-symbolic-construct-validation.v1-calibration,calibration,07dabc814e26f8ace0ae6cf86ab10cfd6558bc9f32d2f48a751c5694bf35381c,eac4823bf31745572c74e75b5f98978ed84471f5e602e2ce1076e0e43fcf366e,RED-C,relevant-information,902c5213f3213a557bbb2bd9df3b741a8c3efd100c2335cecaacc657ee51121f,861f07a9aadf16023896b000a1054fb2060a2afb3cffe8500f5257b21f78c8d9,12,support.abstentions,192,576,3,0.001736111111111111,0.0,0.0,0.3333333333333333,0.024056261216234404,0.001736111111111111,0.0,0.0,0.963916597707066,exact-sign-median,1.1673135438691675,1.3756494650682298,Descriptive pooled summary: environment replicas are independent clusters; algorithm replicas are averaged within each environment cluster.
bounded-symbolic-construct-validation.v1-calibration,calibration,07dabc814e26f8ace0ae6cf86ab10cfd6558bc9f32d2f48a751c5694bf35381c,eac4823bf31745572c74e75b5f98978ed84471f5e602e2ce1076e0e43fcf366e,RED-C,relevant-information,902c5213f3213a557bbb2bd9df3b741a8c3efd100c2335cecaacc657ee51121f,861f07a9aadf16023896b000a1054fb2060a2afb3cffe8500f5257b21f78c8d9,12,support.correct_deployments,192,576,3,2.9930555555555554,3.0,2.3333333333333335,3.0,0.05866790944793978,0.004233991664070078,3.0,3.0,0.963916597707066,exact-sign-median,1.1673135438691675,1.3756494650682298,Descriptive pooled summary: environment replicas are independent clusters; algorithm replicas are averaged within each environment cluster.
bounded-symbolic-construct-validation.v1-calibration,calibration,07dabc814e26f8ace0ae6cf86ab10cfd6558bc9f32d2f48a751c5694bf35381c,eac4823bf31745572c74e75b5f98978ed84471f5e602e2ce1076e0e43fcf366e,RED-C,relevant-information,902c5213f3213a557bbb2bd9df3b741a8c3efd100c2335cecaacc657ee51121f,861f07a9aadf16023896b000a1054fb2060a2afb3cffe8500f5257b21f78c8d9,12,support.deployment_support,192,576,3,2.998263888888889,3.0,2.6666666666666665,3.0,0.024056261216234418,0.001736111111111112,3.0,3.0,0.963916597707066,exact-sign-median,1.1673135438691675,1.3756494650682298,Descriptive pooled summary: environment replicas are independent clusters; algorithm replicas are averaged within each environment cluster.
bounded-symbolic-construct-validation.v1-calibration,calibration,07dabc814e26f8ace0ae6cf86ab10cfd6558bc9f32d2f48a751c5694bf35381c,eac4823bf31745572c74e75b5f98978ed84471f5e602e2ce1076e0e43fcf366e,RED-C,relevant-information,902c5213f3213a557bbb2bd9df3b741a8c3efd100c2335cecaacc657ee51121f,861f07a9aadf16023896b000a1054fb2060a2afb3cffe8500f5257b21f78c8d9,12,support.incorrect_deployments,192,576,3,0.005208333333333333,0.0,0.0,0.3333333333333333,0.041447942496253956,0.002991247594696044,0.0,0.0,0.963916597707066,exact-sign-median,1.1673135438691675,1.3756494650682298,Descriptive pooled summary: environment replicas are independent clusters; algorithm replicas are averaged within each environment cluster.
bounded-symbolic-construct-validation.v1-calibration,calibration,07dabc814e26f8ace0ae6cf86ab10cfd6558bc9f32d2f48a751c5694bf35381c,eac4823bf31745572c74e75b5f98978ed84471f5e602e2ce1076e0e43fcf366e,RED-C,relevant-information,902c5213f3213a557bbb2bd9df3b741a8c3efd100c2335cecaacc657ee51121f,861f07a9aadf16023896b000a1054fb2060a2afb3cffe8500f5257b21f78c8d9,12,support.mastered_independent_rules,192,576,3,0.0,0.0,0.0,0.0,0.0,0.0,0.0,0.0,0.963916597707066,exact-sign-median,1.1673135438691675,1.3756494650682298,Descriptive pooled summary: environment replicas are independent clusters; algorithm replicas are averaged within each environment cluster.
bounded-symbolic-construct-validation.v1-calibration,calibration,07dabc814e26f8ace0ae6cf86ab10cfd6558bc9f32d2f48a751c5694bf35381c,eac4823bf31745572c74e75b5f98978ed84471f5e602e2ce1076e0e43fcf366e,RED-C,relevant-information,902c5213f3213a557bbb2bd9df3b741a8c3efd100c2335cecaacc657ee51121f,861f07a9aadf16023896b000a1054fb2060a2afb3cffe8500f5257b21f78c8d9,12,total_information_nats,192,576,3,1.3862922756775156,1.3862943611170362,1.386099838331041,1.38629436111989,1.9302708320620476e-05,1.3930529806248826e-06,1.3862943611143599,1.3862943611197125,0.963916597707066,exact-sign-median,1.1673135438691675,1.3756494650682298,Descriptive pooled summary: environment replicas are independent clusters; algorithm replicas are averaged within each environment cluster.
bounded-symbolic-construct-validation.v1-calibration,calibration,07dabc814e26f8ace0ae6cf86ab10cfd6558bc9f32d2f48a751c5694bf35381c,eac4823bf31745572c74e75b5f98978ed84471f5e602e2ce1076e0e43fcf366e,RED-C,fixed,902c5213f3213a557bbb2bd9df3b741a8c3efd100c2335cecaacc657ee51121f,8fea8f21b4f9563a2c4e51f291faf1ad5543d2d729678c3d4ad0bbaba7b4198a,12,compute.deployment_evaluations,192,576,3,1.0,1.0,1.0,1.0,0.0,0.0,1.0,1.0,0.963916597707066,exact-sign-median,0.3662040134440699,0.36620409622276495,Descriptive pooled summary: environment replicas are independent clusters; algorithm replicas are averaged within each environment cluster.
bounded-symbolic-construct-validation.v1-calibration,calibration,07dabc814e26f8ace0ae6cf86ab10cfd6558bc9f32d2f48a751c5694bf35381c,eac4823bf31745572c74e75b5f98978ed84471f5e602e2ce1076e0e43fcf366e,RED-C,fixed,902c5213f3213a557bbb2bd9df3b741a8c3efd100c2335cecaacc657ee51121f,8fea8f21b4f9563a2c4e51f291faf1ad5543d2d729678c3d4ad0bbaba7b4198a,12,compute.environment_steps,192,576,3,12.0,12.0,12.0,12.0,0.0,0.0,12.0,12.0,0.963916597707066,exact-sign-median,0.3662040134440699,0.36620409622276495,Descriptive pooled summary: environment replicas are independent clusters; algorithm replicas are averaged within each environment cluster.
bounded-symbolic-construct-validation.v1-calibration,calibration,07dabc814e26f8ace0ae6cf86ab10cfd6558bc9f32d2f48a751c5694bf35381c,eac4823bf31745572c74e75b5f98978ed84471f5e602e2ce1076e0e43fcf366e,RED-C,fixed,902c5213f3213a557bbb2bd9df3b741a8c3efd100c2335cecaacc657ee51121f,8fea8f21b4f9563a2c4e51f291faf1ad5543d2d729678c3d4ad0bbaba7b4198a,12,compute.frontier_solver_calls,192,576,3,13.0,13.0,13.0,13.0,0.0,0.0,13.0,13.0,0.963916597707066,exact-sign-median,0.3662040134440699,0.36620409622276495,Descriptive pooled summary: environment replicas are independent clusters; algorithm replicas are averaged within each environment cluster.
bounded-symbolic-construct-validation.v1-calibration,calibration,07dabc814e26f8ace0ae6cf86ab10cfd6558bc9f32d2f48a751c5694bf35381c,eac4823bf31745572c74e75b5f98978ed84471f5e602e2ce1076e0e43fcf366e,RED-C,fixed,902c5213f3213a557bbb2bd9df3b741a8c3efd100c2335cecaacc657ee51121f,8fea8f21b4f9563a2c4e51f291faf1ad5543d2d729678c3d4ad0bbaba7b4198a,12,compute.posterior_updates,192,576,3,12.0,12.0,12.0,12.0,0.0,0.0,12.0,12.0,0.963916597707066,exact-sign-median,0.3662040134440699,0.36620409622276495,Descriptive pooled summary: environment replicas are independent clusters; algorithm replicas are averaged within each environment cluster.
bounded-symbolic-construct-validation.v1-calibration,calibration,07dabc814e26f8ace0ae6cf86ab10cfd6558bc9f32d2f48a751c5694bf35381c,eac4823bf31745572c74e75b5f98978ed84471f5e602e2ce1076e0e43fcf366e,RED-C,fixed,902c5213f3213a557bbb2bd9df3b741a8c3efd100c2335cecaacc657ee51121f,8fea8f21b4f9563a2c4e51f291faf1ad5543d2d729678c3d4ad0bbaba7b4198a,12,compute.queries,192,576,3,12.0,12.0,12.0,12.0,0.0,0.0,12.0,12.0,0.963916597707066,exact-sign-median,0.3662040134440699,0.36620409622276495,Descriptive pooled summary: environment replicas are independent clusters; algorithm replicas are averaged within each environment cluster.
bounded-symbolic-construct-validation.v1-calibration,calibration,07dabc814e26f8ace0ae6cf86ab10cfd6558bc9f32d2f48a751c5694bf35381c,eac4823bf31745572c74e75b5f98978ed84471f5e602e2ce1076e0e43fcf366e,RED-C,fixed,902c5213f3213a557bbb2bd9df3b741a8c3efd100c2335cecaacc657ee51121f,8fea8f21b4f9563a2c4e51f291faf1ad5543d2d729678c3d4ad0bbaba7b4198a,12,distractor_information_nats,192,576,3,0.0,0.0,0.0,0.0,0.0,0.0,0.0,0.0,0.963916597707066,exact-sign-median,0.3662040134440699,0.36620409622276495,Descriptive pooled summary: environment replicas are independent clusters; algorithm replicas are averaged within each environment cluster.
bounded-symbolic-construct-validation.v1-calibration,calibration,07dabc814e26f8ace0ae6cf86ab10cfd6558bc9f32d2f48a751c5694bf35381c,eac4823bf31745572c74e75b5f98978ed84471f5e602e2ce1076e0e43fcf366e,RED-C,fixed,902c5213f3213a557bbb2bd9df3b741a8c3efd100c2335cecaacc657ee51121f,8fea8f21b4f9563a2c4e51f291faf1ad5543d2d729678c3d4ad0bbaba7b4198a,12,expected_reward,192,576,3,1.0,1.0,1.0,1.0,0.0,0.0,1.0,1.0,0.963916597707066,exact-sign-median,0.3662040134440699,0.36620409622276495,Descriptive pooled summary: environment replicas are independent clusters; algorithm replicas are averaged within each environment cluster.
bounded-symbolic-construct-validation.v1-calibration,calibration,07dabc814e26f8ace0ae6cf86ab10cfd6558bc9f32d2f48a751c5694bf35381c,eac4823bf31745572c74e75b5f98978ed84471f5e602e2ce1076e0e43fcf366e,RED-C,fixed,902c5213f3213a557bbb2bd9df3b741a8c3efd100c2335cecaacc657ee51121f,8fea8f21b4f9563a2c4e51f291faf1ad5543d2d729678c3d4ad0bbaba7b4198a,12,hidden_expected_reward,192,576,3,1.0,1.0,1.0,1.0,0.0,0.0,1.0,1.0,0.963916597707066,exact-sign-median,0.3662040134440699,0.36620409622276495,Descriptive pooled summary: environment replicas are independent clusters; algorithm replicas are averaged within each environment cluster.
bounded-symbolic-construct-validation.v1-calibration,calibration,07dabc814e26f8ace0ae6cf86ab10cfd6558bc9f32d2f48a751c5694bf35381c,eac4823bf31745572c74e75b5f98978ed84471f5e602e2ce1076e0e43fcf366e,RED-C,fixed,902c5213f3213a557bbb2bd9df3b741a8c3efd100c2335cecaacc657ee51121f,8fea8f21b4f9563a2c4e51f291faf1ad5543d2d729678c3d4ad0bbaba7b4198a,12,information.approximation_residual_nats,192,576,3,0.0,0.0,0.0,0.0,0.0,0.0,0.0,0.0,0.963916597707066,exact-sign-median,0.3662040134440699,0.36620409622276495,Descriptive pooled summary: environment replicas are independent clusters; algorithm replicas are averaged within each environment cluster.
bounded-symbolic-construct-validation.v1-calibration,calibration,07dabc814e26f8ace0ae6cf86ab10cfd6558bc9f32d2f48a751c5694bf35381c,eac4823bf31745572c74e75b5f98978ed84471f5e602e2ce1076e0e43fcf366e,RED-C,fixed,902c5213f3213a557bbb2bd9df3b741a8c3efd100c2335cecaacc657ee51121f,8fea8f21b4f9563a2c4e51f291faf1ad5543d2d729678c3d4ad0bbaba7b4198a,12,information.dynamic_state_nats,192,576,3,0.0,0.0,0.0,0.0,0.0,0.0,0.0,0.0,0.963916597707066,exact-sign-median,0.3662040134440699,0.36620409622276495,Descriptive pooled summary: environment replicas are independent clusters; algorithm replicas are averaged within each environment cluster.
bounded-symbolic-construct-validation.v1-calibration,calibration,07dabc814e26f8ace0ae6cf86ab10cfd6558bc9f32d2f48a751c5694bf35381c,eac4823bf31745572c74e75b5f98978ed84471f5e602e2ce1076e0e43fcf366e,RED-C,fixed,902c5213f3213a557bbb2bd9df3b741a8c3efd100c2335cecaacc657ee51121f,8fea8f21b4f9563a2c4e51f291faf1ad5543d2d729678c3d4ad0bbaba7b4198a,12,information.persistent_distractor_nats,192,576,3,0.0,0.0,0.0,0.0,0.0,0.0,0.0,0.0,0.963916597707066,exact-sign-median,0.3662040134440699,0.36620409622276495,Descriptive pooled summary: environment replicas are independent clusters; algorithm replicas are averaged within each environment cluster.
bounded-symbolic-construct-validation.v1-calibration,calibration,07dabc814e26f8ace0ae6cf86ab10cfd6558bc9f32d2f48a751c5694bf35381c,eac4823bf31745572c74e75b5f98978ed84471f5e602e2ce1076e0e43fcf366e,RED-C,fixed,902c5213f3213a557bbb2bd9df3b741a8c3efd100c2335cecaacc657ee51121f,8fea8f21b4f9563a2c4e51f291faf1ad5543d2d729678c3d4ad0bbaba7b4198a,12,information.reward_relevant_nats,192,576,3,0.0,0.0,0.0,0.0,0.0,0.0,0.0,0.0,0.963916597707066,exact-sign-median,0.3662040134440699,0.36620409622276495,Descriptive pooled summary: environment replicas are independent clusters; algorithm replicas are averaged within each environment cluster.
bounded-symbolic-construct-validation.v1-calibration,calibration,07dabc814e26f8ace0ae6cf86ab10cfd6558bc9f32d2f48a751c5694bf35381c,eac4823bf31745572c74e75b5f98978ed84471f5e602e2ce1076e0e43fcf366e,RED-C,fixed,902c5213f3213a557bbb2bd9df3b741a8c3efd100c2335cecaacc657ee51121f,8fea8f21b4f9563a2c4e51f291faf1ad5543d2d729678c3d4ad0bbaba7b4198a,12,information.shared_core_nats,192,576,3,1.3862940563580428,1.3862943611197125,1.3862664522463646,1.38629436111989,2.781617046008819e-06,2.0074591878695542e-07,1.3862943611197123,1.3862943611197125,0.963916597707066,exact-sign-median,0.3662040134440699,0.36620409622276495,Descriptive pooled summary: environment replicas are independent clusters; algorithm replicas are averaged within each environment cluster.
bounded-symbolic-construct-validation.v1-calibration,calibration,07dabc814e26f8ace0ae6cf86ab10cfd6558bc9f32d2f48a751c5694bf35381c,eac4823bf31745572c74e75b5f98978ed84471f5e602e2ce1076e0e43fcf366e,RED-C,fixed,902c5213f3213a557bbb2bd9df3b741a8c3efd100c2335cecaacc657ee51121f,8fea8f21b4f9563a2c4e51f291faf1ad5543d2d729678c3d4ad0bbaba7b4198a,12,information.total_acquired_nats,192,576,3,1.3862940563580428,1.3862943611197125,1.3862664522463646,1.38629436111989,2.7816170460132772e-06,2.0074591878727717e-07,1.3862943611197125,1.3862943611197125,0.963916597707066,exact-sign-median,0.3662040134440699,0.36620409622276495,Descriptive pooled summary: environment replicas are independent clusters; algorithm replicas are averaged within each environment cluster.
bounded-symbolic-construct-validation.v1-calibration,calibration,07dabc814e26f8ace0ae6cf86ab10cfd6558bc9f32d2f48a751c5694bf35381c,eac4823bf31745572c74e75b5f98978ed84471f5e602e2ce1076e0e43fcf366e,RED-C,fixed,902c5213f3213a557bbb2bd9df3b741a8c3efd100c2335cecaacc657ee51121f,8fea8f21b4f9563a2c4e51f291faf1ad5543d2d729678c3d4ad0bbaba7b4198a,12,novelty.aleatoric_observation_novelty,192,576,3,0.0,0.0,0.0,0.0,0.0,0.0,0.0,0.0,0.963916597707066,exact-sign-median,0.3662040134440699,0.36620409622276495,Descriptive pooled summary: environment replicas are independent clusters; algorithm replicas are averaged within each environment cluster.
bounded-symbolic-construct-validation.v1-calibration,calibration,07dabc814e26f8ace0ae6cf86ab10cfd6558bc9f32d2f48a751c5694bf35381c,eac4823bf31745572c74e75b5f98978ed84471f5e602e2ce1076e0e43fcf366e,RED-C,fixed,902c5213f3213a557bbb2bd9df3b741a8c3efd100c2335cecaacc657ee51121f,8fea8f21b4f9563a2c4e51f291faf1ad5543d2d729678c3d4ad0bbaba7b4198a,12,novelty.behavioral_novelty,192,576,3,0.3333333333333333,0.3333333333333333,0.3333333333333333,0.3333333333333333,0.0,0.0,0.3333333333333333,0.3333333333333333,0.963916597707066,exact-sign-median,0.3662040134440699,0.36620409622276495,Descriptive pooled summary: environment replicas are independent clusters; algorithm replicas are averaged within each environment cluster.
bounded-symbolic-construct-validation.v1-calibration,calibration,07dabc814e26f8ace0ae6cf86ab10cfd6558bc9f32d2f48a751c5694bf35381c,eac4823bf31745572c74e75b5f98978ed84471f5e602e2ce1076e0e43fcf366e,RED-C,fixed,902c5213f3213a557bbb2bd9df3b741a8c3efd100c2335cecaacc657ee51121f,8fea8f21b4f9563a2c4e51f291faf1ad5543d2d729678c3d4ad0bbaba7b4198a,12,novelty.compression_improvement,192,576,3,1.3862940563580428,1.3862943611197125,1.3862664522463646,1.38629436111989,2.7816170460132772e-06,2.0074591878727717e-07,1.3862943611197125,1.3862943611197125,0.963916597707066,exact-sign-median,0.3662040134440699,0.36620409622276495,Descriptive pooled summary: environment replicas are independent clusters; algorithm replicas are averaged within each environment cluster.
bounded-symbolic-construct-validation.v1-calibration,calibration,07dabc814e26f8ace0ae6cf86ab10cfd6558bc9f32d2f48a751c5694bf35381c,eac4823bf31745572c74e75b5f98978ed84471f5e602e2ce1076e0e43fcf366e,RED-C,fixed,902c5213f3213a557bbb2bd9df3b741a8c3efd100c2335cecaacc657ee51121f,8fea8f21b4f9563a2c4e51f291faf1ad5543d2d729678c3d4ad0bbaba7b4198a,12,novelty.count_novelty,192,576,3,0.08333333333333333,0.08333333333333333,0.08333333333333333,0.08333333333333333,0.0,0.0,0.08333333333333333,0.08333333333333333,0.963916597707066,exact-sign-median,0.3662040134440699,0.36620409622276495,Descriptive pooled summary: environment replicas are independent clusters; algorithm replicas are averaged within each environment cluster.
bounded-symbolic-construct-validation.v1-calibration,calibration,07dabc814e26f8ace0ae6cf86ab10cfd6558bc9f32d2f48a751c5694bf35381c,eac4823bf31745572c74e75b5f98978ed84471f5e602e2ce1076e0e43fcf366e,RED-C,fixed,902c5213f3213a557bbb2bd9df3b741a8c3efd100c2335cecaacc657ee51121f,8fea8f21b4f9563a2c4e51f291faf1ad5543d2d729678c3d4ad0bbaba7b4198a,12,novelty.latent_visitation_novelty,192,576,3,0.3333333333333333,0.3333333333333333,0.3333333333333333,0.3333333333333333,0.0,0.0,0.3333333333333333,0.3333333333333333,0.963916597707066,exact-sign-median,0.3662040134440699,0.36620409622276495,Descriptive pooled summary: environment replicas are independent clusters; algorithm replicas are averaged within each environment cluster.
bounded-symbolic-construct-validation.v1-calibration,calibration,07dabc814e26f8ace0ae6cf86ab10cfd6558bc9f32d2f48a751c5694bf35381c,eac4823bf31745572c74e75b5f98978ed84471f5e602e2ce1076e0e43fcf366e,RED-C,fixed,902c5213f3213a557bbb2bd9df3b741a8c3efd100c2335cecaacc657ee51121f,8fea8f21b4f9563a2c4e51f291faf1ad5543d2d729678c3d4ad0bbaba7b4198a,12,novelty.observation_prediction_error,192,576,3,0.1680676407650715,0.16169631131450346,0.16169631110737256,0.24619239954603392,0.015159136605678372,0.0010940164499963398,0.16169631110765628,0.1616963167068303,0.963916597707066,exact-sign-median,0.3662040134440699,0.36620409622276495,Descriptive pooled summary: environment replicas are independent clusters; algorithm replicas are averaged within each environment cluster.
bounded-symbolic-construct-validation.v1-calibration,calibration,07dabc814e26f8ace0ae6cf86ab10cfd6558bc9f32d2f48a751c5694bf35381c,eac4823bf31745572c74e75b5f98978ed84471f5e602e2ce1076e0e43fcf366e,RED-C,fixed,902c5213f3213a557bbb2bd9df3b741a8c3efd100c2335cecaacc657ee51121f,8fea8f21b4f9563a2c4e51f291faf1ad5543d2d729678c3d4ad0bbaba7b4198a,12,novelty.persistent_trivia_novelty,192,576,3,0.0,0.0,0.0,0.0,0.0,0.0,0.0,0.0,0.963916597707066,exact-sign-median,0.3662040134440699,0.36620409622276495,Descriptive pooled summary: environment replicas are independent clusters; algorithm replicas are averaged within each environment cluster.
bounded-symbolic-construct-validation.v1-calibration,calibration,07dabc814e26f8ace0ae6cf86ab10cfd6558bc9f32d2f48a751c5694bf35381c,eac4823bf31745572c74e75b5f98978ed84471f5e602e2ce1076e0e43fcf366e,RED-C,fixed,902c5213f3213a557bbb2bd9df3b741a8c3efd100c2335cecaacc657ee51121f,8fea8f21b4f9563a2c4e51f291faf1ad5543d2d729678c3d4ad0bbaba7b4198a,12,public_reward,192,576,3,0.0,0.0,0.0,0.0,0.0,0.0,0.0,0.0,0.963916597707066,exact-sign-median,0.3662040134440699,0.36620409622276495,Descriptive pooled summary: environment replicas are independent clusters; algorithm replicas are averaged within each environment cluster.
bounded-symbolic-construct-validation.v1-calibration,calibration,07dabc814e26f8ace0ae6cf86ab10cfd6558bc9f32d2f48a751c5694bf35381c,eac4823bf31745572c74e75b5f98978ed84471f5e602e2ce1076e0e43fcf366e,RED-C,fixed,902c5213f3213a557bbb2bd9df3b741a8c3efd100c2335cecaacc657ee51121f,8fea8f21b4f9563a2c4e51f291faf1ad5543d2d729678c3d4ad0bbaba7b4198a,12,relevant_information_nats,192,576,3,1.3862940563580428,1.3862943611197125,1.3862664522463646,1.38629436111989,2.781617046008819e-06,2.0074591878695542e-07,1.3862943611197123,1.3862943611197125,0.963916597707066,exact-sign-median,0.3662040134440699,0.36620409622276495,Descriptive pooled summary: environment replicas are independent clusters; algorithm replicas are averaged within each environment cluster.
bounded-symbolic-construct-validation.v1-calibration,calibration,07dabc814e26f8ace0ae6cf86ab10cfd6558bc9f32d2f48a751c5694bf35381c,eac4823bf31745572c74e75b5f98978ed84471f5e602e2ce1076e0e43fcf366e,RED-C,fixed,902c5213f3213a557bbb2bd9df3b741a8c3efd100c2335cecaacc657ee51121f,8fea8f21b4f9563a2c4e51f291faf1ad5543d2d729678c3d4ad0bbaba7b4198a,12,support.abstentions,192,576,3,2.0,2.0,2.0,2.0,0.0,0.0,2.0,2.0,0.963916597707066,exact-sign-median,0.3662040134440699,0.36620409622276495,Descriptive pooled summary: environment replicas are independent clusters; algorithm replicas are averaged within each environment cluster.
bounded-symbolic-construct-validation.v1-calibration,calibration,07dabc814e26f8ace0ae6cf86ab10cfd6558bc9f32d2f48a751c5694bf35381c,eac4823bf31745572c74e75b5f98978ed84471f5e602e2ce1076e0e43fcf366e,RED-C,fixed,902c5213f3213a557bbb2bd9df3b741a8c3efd100c2335cecaacc657ee51121f,8fea8f21b4f9563a2c4e51f291faf1ad5543d2d729678c3d4ad0bbaba7b4198a,12,support.correct_deployments,192,576,3,1.0,1.0,1.0,1.0,0.0,0.0,1.0,1.0,0.963916597707066,exact-sign-median,0.3662040134440699,0.36620409622276495,Descriptive pooled summary: environment replicas are independent clusters; algorithm replicas are averaged within each environment cluster.
bounded-symbolic-construct-validation.v1-calibration,calibration,07dabc814e26f8ace0ae6cf86ab10cfd6558bc9f32d2f48a751c5694bf35381c,eac4823bf31745572c74e75b5f98978ed84471f5e602e2ce1076e0e43fcf366e,RED-C,fixed,902c5213f3213a557bbb2bd9df3b741a8c3efd100c2335cecaacc657ee51121f,8fea8f21b4f9563a2c4e51f291faf1ad5543d2d729678c3d4ad0bbaba7b4198a,12,support.deployment_support,192,576,3,1.0,1.0,1.0,1.0,0.0,0.0,1.0,1.0,0.963916597707066,exact-sign-median,0.3662040134440699,0.36620409622276495,Descriptive pooled summary: environment replicas are independent clusters; algorithm replicas are averaged within each environment cluster.
bounded-symbolic-construct-validation.v1-calibration,calibration,07dabc814e26f8ace0ae6cf86ab10cfd6558bc9f32d2f48a751c5694bf35381c,eac4823bf31745572c74e75b5f98978ed84471f5e602e2ce1076e0e43fcf366e,RED-C,fixed,902c5213f3213a557bbb2bd9df3b741a8c3efd100c2335cecaacc657ee51121f,8fea8f21b4f9563a2c4e51f291faf1ad5543d2d729678c3d4ad0bbaba7b4198a,12,support.incorrect_deployments,192,576,3,0.0,0.0,0.0,0.0,0.0,0.0,0.0,0.0,0.963916597707066,exact-sign-median,0.3662040134440699,0.36620409622276495,Descriptive pooled summary: environment replicas are independent clusters; algorithm replicas are averaged within each environment cluster.
bounded-symbolic-construct-validation.v1-calibration,calibration,07dabc814e26f8ace0ae6cf86ab10cfd6558bc9f32d2f48a751c5694bf35381c,eac4823bf31745572c74e75b5f98978ed84471f5e602e2ce1076e0e43fcf366e,RED-C,fixed,902c5213f3213a557bbb2bd9df3b741a8c3efd100c2335cecaacc657ee51121f,8fea8f21b4f9563a2c4e51f291faf1ad5543d2d729678c3d4ad0bbaba7b4198a,12,support.mastered_independent_rules,192,576,3,0.0,0.0,0.0,0.0,0.0,0.0,0.0,0.0,0.963916597707066,exact-sign-median,0.3662040134440699,0.36620409622276495,Descriptive pooled summary: environment replicas are independent clusters; algorithm replicas are averaged within each environment cluster.
bounded-symbolic-construct-validation.v1-calibration,calibration,07dabc814e26f8ace0ae6cf86ab10cfd6558bc9f32d2f48a751c5694bf35381c,eac4823bf31745572c74e75b5f98978ed84471f5e602e2ce1076e0e43fcf366e,RED-C,fixed,902c5213f3213a557bbb2bd9df3b741a8c3efd100c2335cecaacc657ee51121f,8fea8f21b4f9563a2c4e51f291faf1ad5543d2d729678c3d4ad0bbaba7b4198a,12,total_information_nats,192,576,3,1.3862940563580428,1.3862943611197125,1.3862664522463646,1.38629436111989,2.7816170460132772e-06,2.0074591878727717e-07,1.3862943611197125,1.3862943611197125,0.963916597707066,exact-sign-median,0.3662040134440699,0.36620409622276495,Descriptive pooled summary: environment replicas are independent clusters; algorithm replicas are averaged within each environment cluster.
bounded-symbolic-construct-validation.v1-calibration,calibration,07dabc814e26f8ace0ae6cf86ab10cfd6558bc9f32d2f48a751c5694bf35381c,eac4823bf31745572c74e75b5f98978ed84471f5e602e2ce1076e0e43fcf366e,RED-C,total-information,902c5213f3213a557bbb2bd9df3b741a8c3efd100c2335cecaacc657ee51121f,ddef671b142d3c50802d1df4f8b5c18e676ca9a40bdc91386b8488899c8bef75,12,compute.deployment_evaluations,192,576,3,1.0,1.0,1.0,1.0,0.0,0.0,1.0,1.0,0.963916597707066,exact-sign-median,1.1673135438691675,1.3756494650682298,Descriptive pooled summary: environment replicas are independent clusters; algorithm replicas are averaged within each environment cluster.
bounded-symbolic-construct-validation.v1-calibration,calibration,07dabc814e26f8ace0ae6cf86ab10cfd6558bc9f32d2f48a751c5694bf35381c,eac4823bf31745572c74e75b5f98978ed84471f5e602e2ce1076e0e43fcf366e,RED-C,total-information,902c5213f3213a557bbb2bd9df3b741a8c3efd100c2335cecaacc657ee51121f,ddef671b142d3c50802d1df4f8b5c18e676ca9a40bdc91386b8488899c8bef75,12,compute.environment_steps,192,576,3,12.0,12.0,12.0,12.0,0.0,0.0,12.0,12.0,0.963916597707066,exact-sign-median,1.1673135438691675,1.3756494650682298,Descriptive pooled summary: environment replicas are independent clusters; algorithm replicas are averaged within each environment cluster.
bounded-symbolic-construct-validation.v1-calibration,calibration,07dabc814e26f8ace0ae6cf86ab10cfd6558bc9f32d2f48a751c5694bf35381c,eac4823bf31745572c74e75b5f98978ed84471f5e602e2ce1076e0e43fcf366e,RED-C,total-information,902c5213f3213a557bbb2bd9df3b741a8c3efd100c2335cecaacc657ee51121f,ddef671b142d3c50802d1df4f8b5c18e676ca9a40bdc91386b8488899c8bef75,12,compute.frontier_solver_calls,192,576,3,13.0,13.0,13.0,13.0,0.0,0.0,13.0,13.0,0.963916597707066,exact-sign-median,1.1673135438691675,1.3756494650682298,Descriptive pooled summary: environment replicas are independent clusters; algorithm replicas are averaged within each environment cluster.
bounded-symbolic-construct-validation.v1-calibration,calibration,07dabc814e26f8ace0ae6cf86ab10cfd6558bc9f32d2f48a751c5694bf35381c,eac4823bf31745572c74e75b5f98978ed84471f5e602e2ce1076e0e43fcf366e,RED-C,total-information,902c5213f3213a557bbb2bd9df3b741a8c3efd100c2335cecaacc657ee51121f,ddef671b142d3c50802d1df4f8b5c18e676ca9a40bdc91386b8488899c8bef75,12,compute.posterior_updates,192,576,3,12.0,12.0,12.0,12.0,0.0,0.0,12.0,12.0,0.963916597707066,exact-sign-median,1.1673135438691675,1.3756494650682298,Descriptive pooled summary: environment replicas are independent clusters; algorithm replicas are averaged within each environment cluster.
bounded-symbolic-construct-validation.v1-calibration,calibration,07dabc814e26f8ace0ae6cf86ab10cfd6558bc9f32d2f48a751c5694bf35381c,eac4823bf31745572c74e75b5f98978ed84471f5e602e2ce1076e0e43fcf366e,RED-C,total-information,902c5213f3213a557bbb2bd9df3b741a8c3efd100c2335cecaacc657ee51121f,ddef671b142d3c50802d1df4f8b5c18e676ca9a40bdc91386b8488899c8bef75,12,compute.queries,192,576,3,12.0,12.0,12.0,12.0,0.0,0.0,12.0,12.0,0.963916597707066,exact-sign-median,1.1673135438691675,1.3756494650682298,Descriptive pooled summary: environment replicas are independent clusters; algorithm replicas are averaged within each environment cluster.
bounded-symbolic-construct-validation.v1-calibration,calibration,07dabc814e26f8ace0ae6cf86ab10cfd6558bc9f32d2f48a751c5694bf35381c,eac4823bf31745572c74e75b5f98978ed84471f5e602e2ce1076e0e43fcf366e,RED-C,total-information,902c5213f3213a557bbb2bd9df3b741a8c3efd100c2335cecaacc657ee51121f,ddef671b142d3c50802d1df4f8b5c18e676ca9a40bdc91386b8488899c8bef75,12,distractor_information_nats,192,576,3,0.0,0.0,0.0,0.0,0.0,0.0,0.0,0.0,0.963916597707066,exact-sign-median,1.1673135438691675,1.3756494650682298,Descriptive pooled summary: environment replicas are independent clusters; algorithm replicas are averaged within each environment cluster.
bounded-symbolic-construct-validation.v1-calibration,calibration,07dabc814e26f8ace0ae6cf86ab10cfd6558bc9f32d2f48a751c5694bf35381c,eac4823bf31745572c74e75b5f98978ed84471f5e602e2ce1076e0e43fcf366e,RED-C,total-information,902c5213f3213a557bbb2bd9df3b741a8c3efd100c2335cecaacc657ee51121f,ddef671b142d3c50802d1df4f8b5c18e676ca9a40bdc91386b8488899c8bef75,12,expected_reward,192,576,3,2.987847222222222,3.0,2.0,3.0,0.09869654182708312,0.00712280937399395,3.0,3.0,0.963916597707066,exact-sign-median,1.1673135438691675,1.3756494650682298,Descriptive pooled summary: environment replicas are independent clusters; algorithm replicas are averaged within each environment cluster.
bounded-symbolic-construct-validation.v1-calibration,calibration,07dabc814e26f8ace0ae6cf86ab10cfd6558bc9f32d2f48a751c5694bf35381c,eac4823bf31745572c74e75b5f98978ed84471f5e602e2ce1076e0e43fcf366e,RED-C,total-information,902c5213f3213a557bbb2bd9df3b741a8c3efd100c2335cecaacc657ee51121f,ddef671b142d3c50802d1df4f8b5c18e676ca9a40bdc91386b8488899c8bef75,12,hidden_expected_reward,192,576,3,2.987847222222222,3.0,2.0,3.0,0.09869654182708312,0.00712280937399395,3.0,3.0,0.963916597707066,exact-sign-median,1.1673135438691675,1.3756494650682298,Descriptive pooled summary: environment replicas are independent clusters; algorithm replicas are averaged within each environment cluster.
bounded-symbolic-construct-validation.v1-calibration,calibration,07dabc814e26f8ace0ae6cf86ab10cfd6558bc9f32d2f48a751c5694bf35381c,eac4823bf31745572c74e75b5f98978ed84471f5e602e2ce1076e0e43fcf366e,RED-C,total-information,902c5213f3213a557bbb2bd9df3b741a8c3efd100c2335cecaacc657ee51121f,ddef671b142d3c50802d1df4f8b5c18e676ca9a40bdc91386b8488899c8bef75,12,information.approximation_residual_nats,192,576,3,0.0,0.0,0.0,0.0,0.0,0.0,0.0,0.0,0.963916597707066,exact-sign-median,1.1673135438691675,1.3756494650682298,Descriptive pooled summary: environment replicas are independent clusters; algorithm replicas are averaged within each environment cluster.
bounded-symbolic-construct-validation.v1-calibration,calibration,07dabc814e26f8ace0ae6cf86ab10cfd6558bc9f32d2f48a751c5694bf35381c,eac4823bf31745572c74e75b5f98978ed84471f5e602e2ce1076e0e43fcf366e,RED-C,total-information,902c5213f3213a557bbb2bd9df3b741a8c3efd100c2335cecaacc657ee51121f,ddef671b142d3c50802d1df4f8b5c18e676ca9a40bdc91386b8488899c8bef75,12,information.dynamic_state_nats,192,576,3,0.0,0.0,0.0,0.0,0.0,0.0,0.0,0.0,0.963916597707066,exact-sign-median,1.1673135438691675,1.3756494650682298,Descriptive pooled summary: environment replicas are independent clusters; algorithm replicas are averaged within each environment cluster.
bounded-symbolic-construct-validation.v1-calibration,calibration,07dabc814e26f8ace0ae6cf86ab10cfd6558bc9f32d2f48a751c5694bf35381c,eac4823bf31745572c74e75b5f98978ed84471f5e602e2ce1076e0e43fcf366e,RED-C,total-information,902c5213f3213a557bbb2bd9df3b741a8c3efd100c2335cecaacc657ee51121f,ddef671b142d3c50802d1df4f8b5c18e676ca9a40bdc91386b8488899c8bef75,12,information.persistent_distractor_nats,192,576,3,0.0,0.0,0.0,0.0,0.0,0.0,0.0,0.0,0.963916597707066,exact-sign-median,1.1673135438691675,1.3756494650682298,Descriptive pooled summary: environment replicas are independent clusters; algorithm replicas are averaged within each environment cluster.
bounded-symbolic-construct-validation.v1-calibration,calibration,07dabc814e26f8ace0ae6cf86ab10cfd6558bc9f32d2f48a751c5694bf35381c,eac4823bf31745572c74e75b5f98978ed84471f5e602e2ce1076e0e43fcf366e,RED-C,total-information,902c5213f3213a557bbb2bd9df3b741a8c3efd100c2335cecaacc657ee51121f,ddef671b142d3c50802d1df4f8b5c18e676ca9a40bdc91386b8488899c8bef75,12,information.reward_relevant_nats,192,576,3,0.0,0.0,0.0,0.0,0.0,0.0,0.0,0.0,0.963916597707066,exact-sign-median,1.1673135438691675,1.3756494650682298,Descriptive pooled summary: environment replicas are independent clusters; algorithm replicas are averaged within each environment cluster.
bounded-symbolic-construct-validation.v1-calibration,calibration,07dabc814e26f8ace0ae6cf86ab10cfd6558bc9f32d2f48a751c5694bf35381c,eac4823bf31745572c74e75b5f98978ed84471f5e602e2ce1076e0e43fcf366e,RED-C,total-information,902c5213f3213a557bbb2bd9df3b741a8c3efd100c2335cecaacc657ee51121f,ddef671b142d3c50802d1df4f8b5c18e676ca9a40bdc91386b8488899c8bef75,12,information.shared_core_nats,192,576,3,1.3862922756775156,1.3862943611170362,1.386099838331041,1.38629436111989,1.9302708320628492e-05,1.3930529806254612e-06,1.3862943611143599,1.3862943611197123,0.963916597707066,exact-sign-median,1.1673135438691675,1.3756494650682298,Descriptive pooled summary: environment replicas are independent clusters; algorithm replicas are averaged within each environment cluster.
bounded-symbolic-construct-validation.v1-calibration,calibration,07dabc814e26f8ace0ae6cf86ab10cfd6558bc9f32d2f48a751c5694bf35381c,eac4823bf31745572c74e75b5f98978ed84471f5e602e2ce1076e0e43fcf366e,RED-C,total-information,902c5213f3213a557bbb2bd9df3b741a8c3efd100c2335cecaacc657ee51121f,ddef671b142d3c50802d1df4f8b5c18e676ca9a40bdc91386b8488899c8bef75,12,information.total_acquired_nats,192,576,3,1.3862922756775156,1.3862943611170362,1.386099838331041,1.38629436111989,1.9302708320620476e-05,1.3930529806248826e-06,1.3862943611143599,1.3862943611197125,0.963916597707066,exact-sign-median,1.1673135438691675,1.3756494650682298,Descriptive pooled summary: environment replicas are independent clusters; algorithm replicas are averaged within each environment cluster.
bounded-symbolic-construct-validation.v1-calibration,calibration,07dabc814e26f8ace0ae6cf86ab10cfd6558bc9f32d2f48a751c5694bf35381c,eac4823bf31745572c74e75b5f98978ed84471f5e602e2ce1076e0e43fcf366e,RED-C,total-information,902c5213f3213a557bbb2bd9df3b741a8c3efd100c2335cecaacc657ee51121f,ddef671b142d3c50802d1df4f8b5c18e676ca9a40bdc91386b8488899c8bef75,12,novelty.aleatoric_observation_novelty,192,576,3,0.0,0.0,0.0,0.0,0.0,0.0,0.0,0.0,0.963916597707066,exact-sign-median,1.1673135438691675,1.3756494650682298,Descriptive pooled summary: environment replicas are independent clusters; algorithm replicas are averaged within each environment cluster.
bounded-symbolic-construct-validation.v1-calibration,calibration,07dabc814e26f8ace0ae6cf86ab10cfd6558bc9f32d2f48a751c5694bf35381c,eac4823bf31745572c74e75b5f98978ed84471f5e602e2ce1076e0e43fcf366e,RED-C,total-information,902c5213f3213a557bbb2bd9df3b741a8c3efd100c2335cecaacc657ee51121f,ddef671b142d3c50802d1df4f8b5c18e676ca9a40bdc91386b8488899c8bef75,12,novelty.behavioral_novelty,192,576,3,0.9994212962962963,1.0,0.8888888888888888,1.0,0.008018753738744807,0.0005787037037037041,1.0,1.0,0.963916597707066,exact-sign-median,1.1673135438691675,1.3756494650682298,Descriptive pooled summary: environment replicas are independent clusters; algorithm replicas are averaged within each environment cluster.
bounded-symbolic-construct-validation.v1-calibration,calibration,07dabc814e26f8ace0ae6cf86ab10cfd6558bc9f32d2f48a751c5694bf35381c,eac4823bf31745572c74e75b5f98978ed84471f5e602e2ce1076e0e43fcf366e,RED-C,total-information,902c5213f3213a557bbb2bd9df3b741a8c3efd100c2335cecaacc657ee51121f,ddef671b142d3c50802d1df4f8b5c18e676ca9a40bdc91386b8488899c8bef75,12,novelty.compression_improvement,192,576,3,1.3862922756775156,1.3862943611170362,1.386099838331041,1.38629436111989,1.9302708320620476e-05,1.3930529806248826e-06,1.3862943611143599,1.3862943611197125,0.963916597707066,exact-sign-median,1.1673135438691675,1.3756494650682298,Descriptive pooled summary: environment replicas are independent clusters; algorithm replicas are averaged within each environment cluster.
bounded-symbolic-construct-validation.v1-calibration,calibration,07dabc814e26f8ace0ae6cf86ab10cfd6558bc9f32d2f48a751c5694bf35381c,eac4823bf31745572c74e75b5f98978ed84471f5e602e2ce1076e0e43fcf366e,RED-C,total-information,902c5213f3213a557bbb2bd9df3b741a8c3efd100c2335cecaacc657ee51121f,ddef671b142d3c50802d1df4f8b5c18e676ca9a40bdc91386b8488899c8bef75,12,novelty.count_novelty,192,576,3,0.25,0.25,0.25,0.25,0.0,0.0,0.25,0.25,0.963916597707066,exact-sign-median,1.1673135438691675,1.3756494650682298,Descriptive pooled summary: environment replicas are independent clusters; algorithm replicas are averaged within each environment cluster.
bounded-symbolic-construct-validation.v1-calibration,calibration,07dabc814e26f8ace0ae6cf86ab10cfd6558bc9f32d2f48a751c5694bf35381c,eac4823bf31745572c74e75b5f98978ed84471f5e602e2ce1076e0e43fcf366e,RED-C,total-information,902c5213f3213a557bbb2bd9df3b741a8c3efd100c2335cecaacc657ee51121f,ddef671b142d3c50802d1df4f8b5c18e676ca9a40bdc91386b8488899c8bef75,12,novelty.latent_visitation_novelty,192,576,3,1.0,1.0,1.0,1.0,0.0,0.0,1.0,1.0,0.963916597707066,exact-sign-median,1.1673135438691675,1.3756494650682298,Descriptive pooled summary: environment replicas are independent clusters; algorithm replicas are averaged within each environment cluster.
bounded-symbolic-construct-validation.v1-calibration,calibration,07dabc814e26f8ace0ae6cf86ab10cfd6558bc9f32d2f48a751c5694bf35381c,eac4823bf31745572c74e75b5f98978ed84471f5e602e2ce1076e0e43fcf366e,RED-C,total-information,902c5213f3213a557bbb2bd9df3b741a8c3efd100c2335cecaacc657ee51121f,ddef671b142d3c50802d1df4f8b5c18e676ca9a40bdc91386b8488899c8bef75,12,novelty.observation_prediction_error,192,576,3,0.31563047756894713,0.3117224366988927,0.2850876631974459,0.44916853197065904,0.03556037301335395,0.002566348866467926,0.2887026907399844,0.31451040346833653,0.963916597707066,exact-sign-median,1.1673135438691675,1.3756494650682298,Descriptive pooled summary: environment replicas are independent clusters; algorithm replicas are averaged within each environment cluster.
bounded-symbolic-construct-validation.v1-calibration,calibration,07dabc814e26f8ace0ae6cf86ab10cfd6558bc9f32d2f48a751c5694bf35381c,eac4823bf31745572c74e75b5f98978ed84471f5e602e2ce1076e0e43fcf366e,RED-C,total-information,902c5213f3213a557bbb2bd9df3b741a8c3efd100c2335cecaacc657ee51121f,ddef671b142d3c50802d1df4f8b5c18e676ca9a40bdc91386b8488899c8bef75,12,novelty.persistent_trivia_novelty,192,576,3,0.0,0.0,0.0,0.0,0.0,0.0,0.0,0.0,0.963916597707066,exact-sign-median,1.1673135438691675,1.3756494650682298,Descriptive pooled summary: environment replicas are independent clusters; algorithm replicas are averaged within each environment cluster.
bounded-symbolic-construct-validation.v1-calibration,calibration,07dabc814e26f8ace0ae6cf86ab10cfd6558bc9f32d2f48a751c5694bf35381c,eac4823bf31745572c74e75b5f98978ed84471f5e602e2ce1076e0e43fcf366e,RED-C,total-information,902c5213f3213a557bbb2bd9df3b741a8c3efd100c2335cecaacc657ee51121f,ddef671b142d3c50802d1df4f8b5c18e676ca9a40bdc91386b8488899c8bef75,12,public_reward,192,576,3,0.0,0.0,0.0,0.0,0.0,0.0,0.0,0.0,0.963916597707066,exact-sign-median,1.1673135438691675,1.3756494650682298,Descriptive pooled summary: environment replicas are independent clusters; algorithm replicas are averaged within each environment cluster.
bounded-symbolic-construct-validation.v1-calibration,calibration,07dabc814e26f8ace0ae6cf86ab10cfd6558bc9f32d2f48a751c5694bf35381c,eac4823bf31745572c74e75b5f98978ed84471f5e602e2ce1076e0e43fcf366e,RED-C,total-information,902c5213f3213a557bbb2bd9df3b741a8c3efd100c2335cecaacc657ee51121f,ddef671b142d3c50802d1df4f8b5c18e676ca9a40bdc91386b8488899c8bef75,12,relevant_information_nats,192,576,3,1.3862922756775156,1.3862943611170362,1.386099838331041,1.38629436111989,1.9302708320628492e-05,1.3930529806254612e-06,1.3862943611143599,1.3862943611197123,0.963916597707066,exact-sign-median,1.1673135438691675,1.3756494650682298,Descriptive pooled summary: environment replicas are independent clusters; algorithm replicas are averaged within each environment cluster.
bounded-symbolic-construct-validation.v1-calibration,calibration,07dabc814e26f8ace0ae6cf86ab10cfd6558bc9f32d2f48a751c5694bf35381c,eac4823bf31745572c74e75b5f98978ed84471f5e602e2ce1076e0e43fcf366e,RED-C,total-information,902c5213f3213a557bbb2bd9df3b741a8c3efd100c2335cecaacc657ee51121f,ddef671b142d3c50802d1df4f8b5c18e676ca9a40bdc91386b8488899c8bef75,12,support.abstentions,192,576,3,0.001736111111111111,0.0,0.0,0.3333333333333333,0.024056261216234404,0.001736111111111111,0.0,0.0,0.963916597707066,exact-sign-median,1.1673135438691675,1.3756494650682298,Descriptive pooled summary: environment replicas are independent clusters; algorithm replicas are averaged within each environment cluster.
bounded-symbolic-construct-validation.v1-calibration,calibration,07dabc814e26f8ace0ae6cf86ab10cfd6558bc9f32d2f48a751c5694bf35381c,eac4823bf31745572c74e75b5f98978ed84471f5e602e2ce1076e0e43fcf366e,RED-C,total-information,902c5213f3213a557bbb2bd9df3b741a8c3efd100c2335cecaacc657ee51121f,ddef671b142d3c50802d1df4f8b5c18e676ca9a40bdc91386b8488899c8bef75,12,support.correct_deployments,192,576,3,2.9930555555555554,3.0,2.3333333333333335,3.0,0.05866790944793978,0.004233991664070078,3.0,3.0,0.963916597707066,exact-sign-median,1.1673135438691675,1.3756494650682298,Descriptive pooled summary: environment replicas are independent clusters; algorithm replicas are averaged within each environment cluster.
bounded-symbolic-construct-validation.v1-calibration,calibration,07dabc814e26f8ace0ae6cf86ab10cfd6558bc9f32d2f48a751c5694bf35381c,eac4823bf31745572c74e75b5f98978ed84471f5e602e2ce1076e0e43fcf366e,RED-C,total-information,902c5213f3213a557bbb2bd9df3b741a8c3efd100c2335cecaacc657ee51121f,ddef671b142d3c50802d1df4f8b5c18e676ca9a40bdc91386b8488899c8bef75,12,support.deployment_support,192,576,3,2.998263888888889,3.0,2.6666666666666665,3.0,0.024056261216234418,0.001736111111111112,3.0,3.0,0.963916597707066,exact-sign-median,1.1673135438691675,1.3756494650682298,Descriptive pooled summary: environment replicas are independent clusters; algorithm replicas are averaged within each environment cluster.
bounded-symbolic-construct-validation.v1-calibration,calibration,07dabc814e26f8ace0ae6cf86ab10cfd6558bc9f32d2f48a751c5694bf35381c,eac4823bf31745572c74e75b5f98978ed84471f5e602e2ce1076e0e43fcf366e,RED-C,total-information,902c5213f3213a557bbb2bd9df3b741a8c3efd100c2335cecaacc657ee51121f,ddef671b142d3c50802d1df4f8b5c18e676ca9a40bdc91386b8488899c8bef75,12,support.incorrect_deployments,192,576,3,0.005208333333333333,0.0,0.0,0.3333333333333333,0.041447942496253956,0.002991247594696044,0.0,0.0,0.963916597707066,exact-sign-median,1.1673135438691675,1.3756494650682298,Descriptive pooled summary: environment replicas are independent clusters; algorithm replicas are averaged within each environment cluster.
bounded-symbolic-construct-validation.v1-calibration,calibration,07dabc814e26f8ace0ae6cf86ab10cfd6558bc9f32d2f48a751c5694bf35381c,eac4823bf31745572c74e75b5f98978ed84471f5e602e2ce1076e0e43fcf366e,RED-C,total-information,902c5213f3213a557bbb2bd9df3b741a8c3efd100c2335cecaacc657ee51121f,ddef671b142d3c50802d1df4f8b5c18e676ca9a40bdc91386b8488899c8bef75,12,support.mastered_independent_rules,192,576,3,0.0,0.0,0.0,0.0,0.0,0.0,0.0,0.0,0.963916597707066,exact-sign-median,1.1673135438691675,1.3756494650682298,Descriptive pooled summary: environment replicas are independent clusters; algorithm replicas are averaged within each environment cluster.
bounded-symbolic-construct-validation.v1-calibration,calibration,07dabc814e26f8ace0ae6cf86ab10cfd6558bc9f32d2f48a751c5694bf35381c,eac4823bf31745572c74e75b5f98978ed84471f5e602e2ce1076e0e43fcf366e,RED-C,total-information,902c5213f3213a557bbb2bd9df3b741a8c3efd100c2335cecaacc657ee51121f,ddef671b142d3c50802d1df4f8b5c18e676ca9a40bdc91386b8488899c8bef75,12,total_information_nats,192,576,3,1.3862922756775156,1.3862943611170362,1.386099838331041,1.38629436111989,1.9302708320620476e-05,1.3930529806248826e-06,1.3862943611143599,1.3862943611197125,0.963916597707066,exact-sign-median,1.1673135438691675,1.3756494650682298,Descriptive pooled summary: environment replicas are independent clusters; algorithm replicas are averaged within each environment cluster.
bounded-symbolic-construct-validation.v1-calibration,calibration,07dabc814e26f8ace0ae6cf86ab10cfd6558bc9f32d2f48a751c5694bf35381c,eac4823bf31745572c74e75b5f98978ed84471f5e602e2ce1076e0e43fcf366e,RED-C,novelty,902c5213f3213a557bbb2bd9df3b741a8c3efd100c2335cecaacc657ee51121f,fded4a0f778fc9e4cf5c1b74df82effac115dfbd5829c7b80e1a579fd7d8aa24,12,compute.deployment_evaluations,192,576,3,1.0,1.0,1.0,1.0,0.0,0.0,1.0,1.0,0.963916597707066,exact-sign-median,1.1673135438691675,1.3756494650682298,Descriptive pooled summary: environment replicas are independent clusters; algorithm replicas are averaged within each environment cluster.
bounded-symbolic-construct-validation.v1-calibration,calibration,07dabc814e26f8ace0ae6cf86ab10cfd6558bc9f32d2f48a751c5694bf35381c,eac4823bf31745572c74e75b5f98978ed84471f5e602e2ce1076e0e43fcf366e,RED-C,novelty,902c5213f3213a557bbb2bd9df3b741a8c3efd100c2335cecaacc657ee51121f,fded4a0f778fc9e4cf5c1b74df82effac115dfbd5829c7b80e1a579fd7d8aa24,12,compute.environment_steps,192,576,3,12.0,12.0,12.0,12.0,0.0,0.0,12.0,12.0,0.963916597707066,exact-sign-median,1.1673135438691675,1.3756494650682298,Descriptive pooled summary: environment replicas are independent clusters; algorithm replicas are averaged within each environment cluster.
bounded-symbolic-construct-validation.v1-calibration,calibration,07dabc814e26f8ace0ae6cf86ab10cfd6558bc9f32d2f48a751c5694bf35381c,eac4823bf31745572c74e75b5f98978ed84471f5e602e2ce1076e0e43fcf366e,RED-C,novelty,902c5213f3213a557bbb2bd9df3b741a8c3efd100c2335cecaacc657ee51121f,fded4a0f778fc9e4cf5c1b74df82effac115dfbd5829c7b80e1a579fd7d8aa24,12,compute.frontier_solver_calls,192,576,3,13.0,13.0,13.0,13.0,0.0,0.0,13.0,13.0,0.963916597707066,exact-sign-median,1.1673135438691675,1.3756494650682298,Descriptive pooled summary: environment replicas are independent clusters; algorithm replicas are averaged within each environment cluster.
bounded-symbolic-construct-validation.v1-calibration,calibration,07dabc814e26f8ace0ae6cf86ab10cfd6558bc9f32d2f48a751c5694bf35381c,eac4823bf31745572c74e75b5f98978ed84471f5e602e2ce1076e0e43fcf366e,RED-C,novelty,902c5213f3213a557bbb2bd9df3b741a8c3efd100c2335cecaacc657ee51121f,fded4a0f778fc9e4cf5c1b74df82effac115dfbd5829c7b80e1a579fd7d8aa24,12,compute.posterior_updates,192,576,3,12.0,12.0,12.0,12.0,0.0,0.0,12.0,12.0,0.963916597707066,exact-sign-median,1.1673135438691675,1.3756494650682298,Descriptive pooled summary: environment replicas are independent clusters; algorithm replicas are averaged within each environment cluster.
bounded-symbolic-construct-validation.v1-calibration,calibration,07dabc814e26f8ace0ae6cf86ab10cfd6558bc9f32d2f48a751c5694bf35381c,eac4823bf31745572c74e75b5f98978ed84471f5e602e2ce1076e0e43fcf366e,RED-C,novelty,902c5213f3213a557bbb2bd9df3b741a8c3efd100c2335cecaacc657ee51121f,fded4a0f778fc9e4cf5c1b74df82effac115dfbd5829c7b80e1a579fd7d8aa24,12,compute.queries,192,576,3,12.0,12.0,12.0,12.0,0.0,0.0,12.0,12.0,0.963916597707066,exact-sign-median,1.1673135438691675,1.3756494650682298,Descriptive pooled summary: environment replicas are independent clusters; algorithm replicas are averaged within each environment cluster.
bounded-symbolic-construct-validation.v1-calibration,calibration,07dabc814e26f8ace0ae6cf86ab10cfd6558bc9f32d2f48a751c5694bf35381c,eac4823bf31745572c74e75b5f98978ed84471f5e602e2ce1076e0e43fcf366e,RED-C,novelty,902c5213f3213a557bbb2bd9df3b741a8c3efd100c2335cecaacc657ee51121f,fded4a0f778fc9e4cf5c1b74df82effac115dfbd5829c7b80e1a579fd7d8aa24,12,distractor_information_nats,192,576,3,0.0,0.0,0.0,0.0,0.0,0.0,0.0,0.0,0.963916597707066,exact-sign-median,1.1673135438691675,1.3756494650682298,Descriptive pooled summary: environment replicas are independent clusters; algorithm replicas are averaged within each environment cluster.
bounded-symbolic-construct-validation.v1-calibration,calibration,07dabc814e26f8ace0ae6cf86ab10cfd6558bc9f32d2f48a751c5694bf35381c,eac4823bf31745572c74e75b5f98978ed84471f5e602e2ce1076e0e43fcf366e,RED-C,novelty,902c5213f3213a557bbb2bd9df3b741a8c3efd100c2335cecaacc657ee51121f,fded4a0f778fc9e4cf5c1b74df82effac115dfbd5829c7b80e1a579fd7d8aa24,12,expected_reward,192,576,3,2.987847222222222,3.0,2.0,3.0,0.09869654182708312,0.00712280937399395,3.0,3.0,0.963916597707066,exact-sign-median,1.1673135438691675,1.3756494650682298,Descriptive pooled summary: environment replicas are independent clusters; algorithm replicas are averaged within each environment cluster.
bounded-symbolic-construct-validation.v1-calibration,calibration,07dabc814e26f8ace0ae6cf86ab10cfd6558bc9f32d2f48a751c5694bf35381c,eac4823bf31745572c74e75b5f98978ed84471f5e602e2ce1076e0e43fcf366e,RED-C,novelty,902c5213f3213a557bbb2bd9df3b741a8c3efd100c2335cecaacc657ee51121f,fded4a0f778fc9e4cf5c1b74df82effac115dfbd5829c7b80e1a579fd7d8aa24,12,hidden_expected_reward,192,576,3,2.987847222222222,3.0,2.0,3.0,0.09869654182708312,0.00712280937399395,3.0,3.0,0.963916597707066,exact-sign-median,1.1673135438691675,1.3756494650682298,Descriptive pooled summary: environment replicas are independent clusters; algorithm replicas are averaged within each environment cluster.
bounded-symbolic-construct-validation.v1-calibration,calibration,07dabc814e26f8ace0ae6cf86ab10cfd6558bc9f32d2f48a751c5694bf35381c,eac4823bf31745572c74e75b5f98978ed84471f5e602e2ce1076e0e43fcf366e,RED-C,novelty,902c5213f3213a557bbb2bd9df3b741a8c3efd100c2335cecaacc657ee51121f,fded4a0f778fc9e4cf5c1b74df82effac115dfbd5829c7b80e1a579fd7d8aa24,12,information.approximation_residual_nats,192,576,3,0.0,0.0,0.0,0.0,0.0,0.0,0.0,0.0,0.963916597707066,exact-sign-median,1.1673135438691675,1.3756494650682298,Descriptive pooled summary: environment replicas are independent clusters; algorithm replicas are averaged within each environment cluster.
bounded-symbolic-construct-validation.v1-calibration,calibration,07dabc814e26f8ace0ae6cf86ab10cfd6558bc9f32d2f48a751c5694bf35381c,eac4823bf31745572c74e75b5f98978ed84471f5e602e2ce1076e0e43fcf366e,RED-C,novelty,902c5213f3213a557bbb2bd9df3b741a8c3efd100c2335cecaacc657ee51121f,fded4a0f778fc9e4cf5c1b74df82effac115dfbd5829c7b80e1a579fd7d8aa24,12,information.dynamic_state_nats,192,576,3,0.0,0.0,0.0,0.0,0.0,0.0,0.0,0.0,0.963916597707066,exact-sign-median,1.1673135438691675,1.3756494650682298,Descriptive pooled summary: environment replicas are independent clusters; algorithm replicas are averaged within each environment cluster.
bounded-symbolic-construct-validation.v1-calibration,calibration,07dabc814e26f8ace0ae6cf86ab10cfd6558bc9f32d2f48a751c5694bf35381c,eac4823bf31745572c74e75b5f98978ed84471f5e602e2ce1076e0e43fcf366e,RED-C,novelty,902c5213f3213a557bbb2bd9df3b741a8c3efd100c2335cecaacc657ee51121f,fded4a0f778fc9e4cf5c1b74df82effac115dfbd5829c7b80e1a579fd7d8aa24,12,information.persistent_distractor_nats,192,576,3,0.0,0.0,0.0,0.0,0.0,0.0,0.0,0.0,0.963916597707066,exact-sign-median,1.1673135438691675,1.3756494650682298,Descriptive pooled summary: environment replicas are independent clusters; algorithm replicas are averaged within each environment cluster.
bounded-symbolic-construct-validation.v1-calibration,calibration,07dabc814e26f8ace0ae6cf86ab10cfd6558bc9f32d2f48a751c5694bf35381c,eac4823bf31745572c74e75b5f98978ed84471f5e602e2ce1076e0e43fcf366e,RED-C,novelty,902c5213f3213a557bbb2bd9df3b741a8c3efd100c2335cecaacc657ee51121f,fded4a0f778fc9e4cf5c1b74df82effac115dfbd5829c7b80e1a579fd7d8aa24,12,information.reward_relevant_nats,192,576,3,0.0,0.0,0.0,0.0,0.0,0.0,0.0,0.0,0.963916597707066,exact-sign-median,1.1673135438691675,1.3756494650682298,Descriptive pooled summary: environment replicas are independent clusters; algorithm replicas are averaged within each environment cluster.
bounded-symbolic-construct-validation.v1-calibration,calibration,07dabc814e26f8ace0ae6cf86ab10cfd6558bc9f32d2f48a751c5694bf35381c,eac4823bf31745572c74e75b5f98978ed84471f5e602e2ce1076e0e43fcf366e,RED-C,novelty,902c5213f3213a557bbb2bd9df3b741a8c3efd100c2335cecaacc657ee51121f,fded4a0f778fc9e4cf5c1b74df82effac115dfbd5829c7b80e1a579fd7d8aa24,12,information.shared_core_nats,192,576,3,1.3862931919263473,1.3862943611170362,1.386099838331041,1.38629436111989,1.407093023112225e-05,1.0154819195858592e-06,1.3862943611116834,1.3862943611197125,0.963916597707066,exact-sign-median,1.1673135438691675,1.3756494650682298,Descriptive pooled summary: environment replicas are independent clusters; algorithm replicas are averaged within each environment cluster.
bounded-symbolic-construct-validation.v1-calibration,calibration,07dabc814e26f8ace0ae6cf86ab10cfd6558bc9f32d2f48a751c5694bf35381c,eac4823bf31745572c74e75b5f98978ed84471f5e602e2ce1076e0e43fcf366e,RED-C,novelty,902c5213f3213a557bbb2bd9df3b741a8c3efd100c2335cecaacc657ee51121f,fded4a0f778fc9e4cf5c1b74df82effac115dfbd5829c7b80e1a579fd7d8aa24,12,information.total_acquired_nats,192,576,3,1.3862931919263473,1.3862943611170362,1.386099838331041,1.38629436111989,1.4070930231123761e-05,1.0154819195859683e-06,1.3862943611116834,1.3862943611197125,0.963916597707066,exact-sign-median,1.1673135438691675,1.3756494650682298,Descriptive pooled summary: environment replicas are independent clusters; algorithm replicas are averaged within each environment cluster.
bounded-symbolic-construct-validation.v1-calibration,calibration,07dabc814e26f8ace0ae6cf86ab10cfd6558bc9f32d2f48a751c5694bf35381c,eac4823bf31745572c74e75b5f98978ed84471f5e602e2ce1076e0e43fcf366e,RED-C,novelty,902c5213f3213a557bbb2bd9df3b741a8c3efd100c2335cecaacc657ee51121f,fded4a0f778fc9e4cf5c1b74df82effac115dfbd5829c7b80e1a579fd7d8aa24,12,novelty.aleatoric_observation_novelty,192,576,3,0.0,0.0,0.0,0.0,0.0,0.0,0.0,0.0,0.963916597707066,exact-sign-median,1.1673135438691675,1.3756494650682298,Descriptive pooled summary: environment replicas are independent clusters; algorithm replicas are averaged within each environment cluster.
bounded-symbolic-construct-validation.v1-calibration,calibration,07dabc814e26f8ace0ae6cf86ab10cfd6558bc9f32d2f48a751c5694bf35381c,eac4823bf31745572c74e75b5f98978ed84471f5e602e2ce1076e0e43fcf366e,RED-C,novelty,902c5213f3213a557bbb2bd9df3b741a8c3efd100c2335cecaacc657ee51121f,fded4a0f778fc9e4cf5c1b74df82effac115dfbd5829c7b80e1a579fd7d8aa24,12,novelty.behavioral_novelty,192,576,3,0.9994212962962963,1.0,0.8888888888888888,1.0,0.008018753738744807,0.0005787037037037041,1.0,1.0,0.963916597707066,exact-sign-median,1.1673135438691675,1.3756494650682298,Descriptive pooled summary: environment replicas are independent clusters; algorithm replicas are averaged within each environment cluster.
bounded-symbolic-construct-validation.v1-calibration,calibration,07dabc814e26f8ace0ae6cf86ab10cfd6558bc9f32d2f48a751c5694bf35381c,eac4823bf31745572c74e75b5f98978ed84471f5e602e2ce1076e0e43fcf366e,RED-C,novelty,902c5213f3213a557bbb2bd9df3b741a8c3efd100c2335cecaacc657ee51121f,fded4a0f778fc9e4cf5c1b74df82effac115dfbd5829c7b80e1a579fd7d8aa24,12,novelty.compression_improvement,192,576,3,1.3862931919263473,1.3862943611170362,1.386099838331041,1.38629436111989,1.4070930231123761e-05,1.0154819195859683e-06,1.3862943611116834,1.3862943611197125,0.963916597707066,exact-sign-median,1.1673135438691675,1.3756494650682298,Descriptive pooled summary: environment replicas are independent clusters; algorithm replicas are averaged within each environment cluster.
bounded-symbolic-construct-validation.v1-calibration,calibration,07dabc814e26f8ace0ae6cf86ab10cfd6558bc9f32d2f48a751c5694bf35381c,eac4823bf31745572c74e75b5f98978ed84471f5e602e2ce1076e0e43fcf366e,RED-C,novelty,902c5213f3213a557bbb2bd9df3b741a8c3efd100c2335cecaacc657ee51121f,fded4a0f778fc9e4cf5c1b74df82effac115dfbd5829c7b80e1a579fd7d8aa24,12,novelty.count_novelty,192,576,3,0.25,0.25,0.25,0.25,0.0,0.0,0.25,0.25,0.963916597707066,exact-sign-median,1.1673135438691675,1.3756494650682298,Descriptive pooled summary: environment replicas are independent clusters; algorithm replicas are averaged within each environment cluster.
bounded-symbolic-construct-validation.v1-calibration,calibration,07dabc814e26f8ace0ae6cf86ab10cfd6558bc9f32d2f48a751c5694bf35381c,eac4823bf31745572c74e75b5f98978ed84471f5e602e2ce1076e0e43fcf366e,RED-C,novelty,902c5213f3213a557bbb2bd9df3b741a8c3efd100c2335cecaacc657ee51121f,fded4a0f778fc9e4cf5c1b74df82effac115dfbd5829c7b80e1a579fd7d8aa24,12,novelty.latent_visitation_novelty,192,576,3,1.0,1.0,1.0,1.0,0.0,0.0,1.0,1.0,0.963916597707066,exact-sign-median,1.1673135438691675,1.3756494650682298,Descriptive pooled summary: environment replicas are independent clusters; algorithm replicas are averaged within each environment cluster.
bounded-symbolic-construct-validation.v1-calibration,calibration,07dabc814e26f8ace0ae6cf86ab10cfd6558bc9f32d2f48a751c5694bf35381c,eac4823bf31745572c74e75b5f98978ed84471f5e602e2ce1076e0e43fcf366e,RED-C,novelty,902c5213f3213a557bbb2bd9df3b741a8c3efd100c2335cecaacc657ee51121f,fded4a0f778fc9e4cf5c1b74df82effac115dfbd5829c7b80e1a579fd7d8aa24,12,novelty.observation_prediction_error,192,576,3,0.31555188394383044,0.3117224366988927,0.2850876631974459,0.44916853197065904,0.03538620777468211,0.0025537795730390936,0.28870276908965037,0.31451040346833653,0.963916597707066,exact-sign-median,1.1673135438691675,1.3756494650682298,Descriptive pooled summary: environment replicas are independent clusters; algorithm replicas are averaged within each environment cluster.
bounded-symbolic-construct-validation.v1-calibration,calibration,07dabc814e26f8ace0ae6cf86ab10cfd6558bc9f32d2f48a751c5694bf35381c,eac4823bf31745572c74e75b5f98978ed84471f5e602e2ce1076e0e43fcf366e,RED-C,novelty,902c5213f3213a557bbb2bd9df3b741a8c3efd100c2335cecaacc657ee51121f,fded4a0f778fc9e4cf5c1b74df82effac115dfbd5829c7b80e1a579fd7d8aa24,12,novelty.persistent_trivia_novelty,192,576,3,0.0,0.0,0.0,0.0,0.0,0.0,0.0,0.0,0.963916597707066,exact-sign-median,1.1673135438691675,1.3756494650682298,Descriptive pooled summary: environment replicas are independent clusters; algorithm replicas are averaged within each environment cluster.
bounded-symbolic-construct-validation.v1-calibration,calibration,07dabc814e26f8ace0ae6cf86ab10cfd6558bc9f32d2f48a751c5694bf35381c,eac4823bf31745572c74e75b5f98978ed84471f5e602e2ce1076e0e43fcf366e,RED-C,novelty,902c5213f3213a557bbb2bd9df3b741a8c3efd100c2335cecaacc657ee51121f,fded4a0f778fc9e4cf5c1b74df82effac115dfbd5829c7b80e1a579fd7d8aa24,12,public_reward,192,576,3,0.0,0.0,0.0,0.0,0.0,0.0,0.0,0.0,0.963916597707066,exact-sign-median,1.1673135438691675,1.3756494650682298,Descriptive pooled summary: environment replicas are independent clusters; algorithm replicas are averaged within each environment cluster.
bounded-symbolic-construct-validation.v1-calibration,calibration,07dabc814e26f8ace0ae6cf86ab10cfd6558bc9f32d2f48a751c5694bf35381c,eac4823bf31745572c74e75b5f98978ed84471f5e602e2ce1076e0e43fcf366e,RED-C,novelty,902c5213f3213a557bbb2bd9df3b741a8c3efd100c2335cecaacc657ee51121f,fded4a0f778fc9e4cf5c1b74df82effac115dfbd5829c7b80e1a579fd7d8aa24,12,relevant_information_nats,192,576,3,1.3862931919263473,1.3862943611170362,1.386099838331041,1.38629436111989,1.407093023112225e-05,1.0154819195858592e-06,1.3862943611116834,1.3862943611197125,0.963916597707066,exact-sign-median,1.1673135438691675,1.3756494650682298,Descriptive pooled summary: environment replicas are independent clusters; algorithm replicas are averaged within each environment cluster.
bounded-symbolic-construct-validation.v1-calibration,calibration,07dabc814e26f8ace0ae6cf86ab10cfd6558bc9f32d2f48a751c5694bf35381c,eac4823bf31745572c74e75b5f98978ed84471f5e602e2ce1076e0e43fcf366e,RED-C,novelty,902c5213f3213a557bbb2bd9df3b741a8c3efd100c2335cecaacc657ee51121f,fded4a0f778fc9e4cf5c1b74df82effac115dfbd5829c7b80e1a579fd7d8aa24,12,support.abstentions,192,576,3,0.001736111111111111,0.0,0.0,0.3333333333333333,0.024056261216234404,0.001736111111111111,0.0,0.0,0.963916597707066,exact-sign-median,1.1673135438691675,1.3756494650682298,Descriptive pooled summary: environment replicas are independent clusters; algorithm replicas are averaged within each environment cluster.
bounded-symbolic-construct-validation.v1-calibration,calibration,07dabc814e26f8ace0ae6cf86ab10cfd6558bc9f32d2f48a751c5694bf35381c,eac4823bf31745572c74e75b5f98978ed84471f5e602e2ce1076e0e43fcf366e,RED-C,novelty,902c5213f3213a557bbb2bd9df3b741a8c3efd100c2335cecaacc657ee51121f,fded4a0f778fc9e4cf5c1b74df82effac115dfbd5829c7b80e1a579fd7d8aa24,12,support.correct_deployments,192,576,3,2.9930555555555554,3.0,2.3333333333333335,3.0,0.05866790944793978,0.004233991664070078,3.0,3.0,0.963916597707066,exact-sign-median,1.1673135438691675,1.3756494650682298,Descriptive pooled summary: environment replicas are independent clusters; algorithm replicas are averaged within each environment cluster.
bounded-symbolic-construct-validation.v1-calibration,calibration,07dabc814e26f8ace0ae6cf86ab10cfd6558bc9f32d2f48a751c5694bf35381c,eac4823bf31745572c74e75b5f98978ed84471f5e602e2ce1076e0e43fcf366e,RED-C,novelty,902c5213f3213a557bbb2bd9df3b741a8c3efd100c2335cecaacc657ee51121f,fded4a0f778fc9e4cf5c1b74df82effac115dfbd5829c7b80e1a579fd7d8aa24,12,support.deployment_support,192,576,3,2.998263888888889,3.0,2.6666666666666665,3.0,0.024056261216234418,0.001736111111111112,3.0,3.0,0.963916597707066,exact-sign-median,1.1673135438691675,1.3756494650682298,Descriptive pooled summary: environment replicas are independent clusters; algorithm replicas are averaged within each environment cluster.
bounded-symbolic-construct-validation.v1-calibration,calibration,07dabc814e26f8ace0ae6cf86ab10cfd6558bc9f32d2f48a751c5694bf35381c,eac4823bf31745572c74e75b5f98978ed84471f5e602e2ce1076e0e43fcf366e,RED-C,novelty,902c5213f3213a557bbb2bd9df3b741a8c3efd100c2335cecaacc657ee51121f,fded4a0f778fc9e4cf5c1b74df82effac115dfbd5829c7b80e1a579fd7d8aa24,12,support.incorrect_deployments,192,576,3,0.005208333333333333,0.0,0.0,0.3333333333333333,0.041447942496253956,0.002991247594696044,0.0,0.0,0.963916597707066,exact-sign-median,1.1673135438691675,1.3756494650682298,Descriptive pooled summary: environment replicas are independent clusters; algorithm replicas are averaged within each environment cluster.
bounded-symbolic-construct-validation.v1-calibration,calibration,07dabc814e26f8ace0ae6cf86ab10cfd6558bc9f32d2f48a751c5694bf35381c,eac4823bf31745572c74e75b5f98978ed84471f5e602e2ce1076e0e43fcf366e,RED-C,novelty,902c5213f3213a557bbb2bd9df3b741a8c3efd100c2335cecaacc657ee51121f,fded4a0f778fc9e4cf5c1b74df82effac115dfbd5829c7b80e1a579fd7d8aa24,12,support.mastered_independent_rules,192,576,3,0.0,0.0,0.0,0.0,0.0,0.0,0.0,0.0,0.963916597707066,exact-sign-median,1.1673135438691675,1.3756494650682298,Descriptive pooled summary: environment replicas are independent clusters; algorithm replicas are averaged within each environment cluster.
bounded-symbolic-construct-validation.v1-calibration,calibration,07dabc814e26f8ace0ae6cf86ab10cfd6558bc9f32d2f48a751c5694bf35381c,eac4823bf31745572c74e75b5f98978ed84471f5e602e2ce1076e0e43fcf366e,RED-C,novelty,902c5213f3213a557bbb2bd9df3b741a8c3efd100c2335cecaacc657ee51121f,fded4a0f778fc9e4cf5c1b74df82effac115dfbd5829c7b80e1a579fd7d8aa24,12,total_information_nats,192,576,3,1.3862931919263473,1.3862943611170362,1.386099838331041,1.38629436111989,1.4070930231123761e-05,1.0154819195859683e-06,1.3862943611116834,1.3862943611197125,0.963916597707066,exact-sign-median,1.1673135438691675,1.3756494650682298,Descriptive pooled summary: environment replicas are independent clusters; algorithm replicas are averaged within each environment cluster.
bounded-symbolic-construct-validation.v1-calibration,calibration,07dabc814e26f8ace0ae6cf86ab10cfd6558bc9f32d2f48a751c5694bf35381c,eac4823bf31745572c74e75b5f98978ed84471f5e602e2ce1076e0e43fcf366e,IND,scheduled,9fa14e505d51ff85869dd15e3db54734ef9335f66aa7d8ec9efeec23fac3ce89,212aac92a1da8532e5972f40437fe5263d519fb358a0ec6fa63c804d134831ac,12,compute.deployment_evaluations,192,576,3,1.0,1.0,1.0,1.0,0.0,0.0,1.0,1.0,0.963916597707066,exact-sign-median,3.501940922711103,4.049392723971171,Descriptive pooled summary: environment replicas are independent clusters; algorithm replicas are averaged within each environment cluster.
bounded-symbolic-construct-validation.v1-calibration,calibration,07dabc814e26f8ace0ae6cf86ab10cfd6558bc9f32d2f48a751c5694bf35381c,eac4823bf31745572c74e75b5f98978ed84471f5e602e2ce1076e0e43fcf366e,IND,scheduled,9fa14e505d51ff85869dd15e3db54734ef9335f66aa7d8ec9efeec23fac3ce89,212aac92a1da8532e5972f40437fe5263d519fb358a0ec6fa63c804d134831ac,12,compute.environment_steps,192,576,3,12.0,12.0,12.0,12.0,0.0,0.0,12.0,12.0,0.963916597707066,exact-sign-median,3.501940922711103,4.049392723971171,Descriptive pooled summary: environment replicas are independent clusters; algorithm replicas are averaged within each environment cluster.
bounded-symbolic-construct-validation.v1-calibration,calibration,07dabc814e26f8ace0ae6cf86ab10cfd6558bc9f32d2f48a751c5694bf35381c,eac4823bf31745572c74e75b5f98978ed84471f5e602e2ce1076e0e43fcf366e,IND,scheduled,9fa14e505d51ff85869dd15e3db54734ef9335f66aa7d8ec9efeec23fac3ce89,212aac92a1da8532e5972f40437fe5263d519fb358a0ec6fa63c804d134831ac,12,compute.frontier_solver_calls,192,576,3,13.0,13.0,13.0,13.0,0.0,0.0,13.0,13.0,0.963916597707066,exact-sign-median,3.501940922711103,4.049392723971171,Descriptive pooled summary: environment replicas are independent clusters; algorithm replicas are averaged within each environment cluster.
bounded-symbolic-construct-validation.v1-calibration,calibration,07dabc814e26f8ace0ae6cf86ab10cfd6558bc9f32d2f48a751c5694bf35381c,eac4823bf31745572c74e75b5f98978ed84471f5e602e2ce1076e0e43fcf366e,IND,scheduled,9fa14e505d51ff85869dd15e3db54734ef9335f66aa7d8ec9efeec23fac3ce89,212aac92a1da8532e5972f40437fe5263d519fb358a0ec6fa63c804d134831ac,12,compute.posterior_updates,192,576,3,12.0,12.0,12.0,12.0,0.0,0.0,12.0,12.0,0.963916597707066,exact-sign-median,3.501940922711103,4.049392723971171,Descriptive pooled summary: environment replicas are independent clusters; algorithm replicas are averaged within each environment cluster.
bounded-symbolic-construct-validation.v1-calibration,calibration,07dabc814e26f8ace0ae6cf86ab10cfd6558bc9f32d2f48a751c5694bf35381c,eac4823bf31745572c74e75b5f98978ed84471f5e602e2ce1076e0e43fcf366e,IND,scheduled,9fa14e505d51ff85869dd15e3db54734ef9335f66aa7d8ec9efeec23fac3ce89,212aac92a1da8532e5972f40437fe5263d519fb358a0ec6fa63c804d134831ac,12,compute.queries,192,576,3,12.0,12.0,12.0,12.0,0.0,0.0,12.0,12.0,0.963916597707066,exact-sign-median,3.501940922711103,4.049392723971171,Descriptive pooled summary: environment replicas are independent clusters; algorithm replicas are averaged within each environment cluster.
bounded-symbolic-construct-validation.v1-calibration,calibration,07dabc814e26f8ace0ae6cf86ab10cfd6558bc9f32d2f48a751c5694bf35381c,eac4823bf31745572c74e75b5f98978ed84471f5e602e2ce1076e0e43fcf366e,IND,scheduled,9fa14e505d51ff85869dd15e3db54734ef9335f66aa7d8ec9efeec23fac3ce89,212aac92a1da8532e5972f40437fe5263d519fb358a0ec6fa63c804d134831ac,12,distractor_information_nats,192,576,3,0.0,0.0,0.0,0.0,0.0,0.0,0.0,0.0,0.963916597707066,exact-sign-median,3.501940922711103,4.049392723971171,Descriptive pooled summary: environment replicas are independent clusters; algorithm replicas are averaged within each environment cluster.
bounded-symbolic-construct-validation.v1-calibration,calibration,07dabc814e26f8ace0ae6cf86ab10cfd6558bc9f32d2f48a751c5694bf35381c,eac4823bf31745572c74e75b5f98978ed84471f5e602e2ce1076e0e43fcf366e,IND,scheduled,9fa14e505d51ff85869dd15e3db54734ef9335f66aa7d8ec9efeec23fac3ce89,212aac92a1da8532e5972f40437fe5263d519fb358a0ec6fa63c804d134831ac,12,expected_reward,192,576,3,2.9583333333333335,3.0,1.0,3.0,0.24714777853100314,0.017836354558061585,3.0,3.0,0.963916597707066,exact-sign-median,3.501940922711103,4.049392723971171,Descriptive pooled summary: environment replicas are independent clusters; algorithm replicas are averaged within each environment cluster.
bounded-symbolic-construct-validation.v1-calibration,calibration,07dabc814e26f8ace0ae6cf86ab10cfd6558bc9f32d2f48a751c5694bf35381c,eac4823bf31745572c74e75b5f98978ed84471f5e602e2ce1076e0e43fcf366e,IND,scheduled,9fa14e505d51ff85869dd15e3db54734ef9335f66aa7d8ec9efeec23fac3ce89,212aac92a1da8532e5972f40437fe5263d519fb358a0ec6fa63c804d134831ac,12,hidden_expected_reward,192,576,3,2.9583333333333335,3.0,1.0,3.0,0.24714777853100314,0.017836354558061585,3.0,3.0,0.963916597707066,exact-sign-median,3.501940922711103,4.049392723971171,Descriptive pooled summary: environment replicas are independent clusters; algorithm replicas are averaged within each environment cluster.
bounded-symbolic-construct-validation.v1-calibration,calibration,07dabc814e26f8ace0ae6cf86ab10cfd6558bc9f32d2f48a751c5694bf35381c,eac4823bf31745572c74e75b5f98978ed84471f5e602e2ce1076e0e43fcf366e,IND,scheduled,9fa14e505d51ff85869dd15e3db54734ef9335f66aa7d8ec9efeec23fac3ce89,212aac92a1da8532e5972f40437fe5263d519fb358a0ec6fa63c804d134831ac,12,information.approximation_residual_nats,192,576,3,0.0,0.0,0.0,0.0,0.0,0.0,0.0,0.0,0.963916597707066,exact-sign-median,3.501940922711103,4.049392723971171,Descriptive pooled summary: environment replicas are independent clusters; algorithm replicas are averaged within each environment cluster.
bounded-symbolic-construct-validation.v1-calibration,calibration,07dabc814e26f8ace0ae6cf86ab10cfd6558bc9f32d2f48a751c5694bf35381c,eac4823bf31745572c74e75b5f98978ed84471f5e602e2ce1076e0e43fcf366e,IND,scheduled,9fa14e505d51ff85869dd15e3db54734ef9335f66aa7d8ec9efeec23fac3ce89,212aac92a1da8532e5972f40437fe5263d519fb358a0ec6fa63c804d134831ac,12,information.dynamic_state_nats,192,576,3,0.0,0.0,0.0,0.0,0.0,0.0,0.0,0.0,0.963916597707066,exact-sign-median,3.501940922711103,4.049392723971171,Descriptive pooled summary: environment replicas are independent clusters; algorithm replicas are averaged within each environment cluster.
bounded-symbolic-construct-validation.v1-calibration,calibration,07dabc814e26f8ace0ae6cf86ab10cfd6558bc9f32d2f48a751c5694bf35381c,eac4823bf31745572c74e75b5f98978ed84471f5e602e2ce1076e0e43fcf366e,IND,scheduled,9fa14e505d51ff85869dd15e3db54734ef9335f66aa7d8ec9efeec23fac3ce89,212aac92a1da8532e5972f40437fe5263d519fb358a0ec6fa63c804d134831ac,12,information.persistent_distractor_nats,192,576,3,0.0,0.0,0.0,0.0,0.0,0.0,0.0,0.0,0.963916597707066,exact-sign-median,3.501940922711103,4.049392723971171,Descriptive pooled summary: environment replicas are independent clusters; algorithm replicas are averaged within each environment cluster.
bounded-symbolic-construct-validation.v1-calibration,calibration,07dabc814e26f8ace0ae6cf86ab10cfd6558bc9f32d2f48a751c5694bf35381c,eac4823bf31745572c74e75b5f98978ed84471f5e602e2ce1076e0e43fcf366e,IND,scheduled,9fa14e505d51ff85869dd15e3db54734ef9335f66aa7d8ec9efeec23fac3ce89,212aac92a1da8532e5972f40437fe5263d519fb358a0ec6fa63c804d134831ac,12,information.reward_relevant_nats,192,576,3,4.1088424145927,4.156537342945196,2.7703230468008435,4.158642888433059,0.15396586148648045,0.011111528946904016,4.14721871410821,4.156537342945196,0.963916597707066,exact-sign-median,3.501940922711103,4.049392723971171,Descriptive pooled summary: environment replicas are independent clusters; algorithm replicas are averaged within each environment cluster.
bounded-symbolic-construct-validation.v1-calibration,calibration,07dabc814e26f8ace0ae6cf86ab10cfd6558bc9f32d2f48a751c5694bf35381c,eac4823bf31745572c74e75b5f98978ed84471f5e602e2ce1076e0e43fcf366e,IND,scheduled,9fa14e505d51ff85869dd15e3db54734ef9335f66aa7d8ec9efeec23fac3ce89,212aac92a1da8532e5972f40437fe5263d519fb358a0ec6fa63c804d134831ac,12,information.shared_core_nats,192,576,3,0.0,0.0,0.0,0.0,0.0,0.0,0.0,0.0,0.963916597707066,exact-sign-median,3.501940922711103,4.049392723971171,Descriptive pooled summary: environment replicas are independent clusters; algorithm replicas are averaged within each environment cluster.
bounded-symbolic-construct-validation.v1-calibration,calibration,07dabc814e26f8ace0ae6cf86ab10cfd6558bc9f32d2f48a751c5694bf35381c,eac4823bf31745572c74e75b5f98978ed84471f5e602e2ce1076e0e43fcf366e,IND,scheduled,9fa14e505d51ff85869dd15e3db54734ef9335f66aa7d8ec9efeec23fac3ce89,212aac92a1da8532e5972f40437fe5263d519fb358a0ec6fa63c804d134831ac,12,information.total_acquired_nats,192,576,3,4.1088424145927,4.156537342945196,2.7703230468008435,4.158642888433059,0.15396586148648042,0.011111528946904014,4.147218714108211,4.156537342945196,0.963916597707066,exact-sign-median,3.501940922711103,4.049392723971171,Descriptive pooled summary: environment replicas are independent clusters; algorithm replicas are averaged within each environment cluster.
bounded-symbolic-construct-validation.v1-calibration,calibration,07dabc814e26f8ace0ae6cf86ab10cfd6558bc9f32d2f48a751c5694bf35381c,eac4823bf31745572c74e75b5f98978ed84471f5e602e2ce1076e0e43fcf366e,IND,scheduled,9fa14e505d51ff85869dd15e3db54734ef9335f66aa7d8ec9efeec23fac3ce89,212aac92a1da8532e5972f40437fe5263d519fb358a0ec6fa63c804d134831ac,12,novelty.aleatoric_observation_novelty,192,576,3,0.0,0.0,0.0,0.0,0.0,0.0,0.0,0.0,0.963916597707066,exact-sign-median,3.501940922711103,4.049392723971171,Descriptive pooled summary: environment replicas are independent clusters; algorithm replicas are averaged within each environment cluster.
bounded-symbolic-construct-validation.v1-calibration,calibration,07dabc814e26f8ace0ae6cf86ab10cfd6558bc9f32d2f48a751c5694bf35381c,eac4823bf31745572c74e75b5f98978ed84471f5e602e2ce1076e0e43fcf366e,IND,scheduled,9fa14e505d51ff85869dd15e3db54734ef9335f66aa7d8ec9efeec23fac3ce89,212aac92a1da8532e5972f40437fe5263d519fb358a0ec6fa63c804d134831ac,12,novelty.behavioral_novelty,192,576,3,0.9930555555555555,1.0,0.6666666666666666,1.0,0.04773317993742029,0.0034448455357683062,1.0,1.0,0.963916597707066,exact-sign-median,3.501940922711103,4.049392723971171,Descriptive pooled summary: environment replicas are independent clusters; algorithm replicas are averaged within each environment cluster.
bounded-symbolic-construct-validation.v1-calibration,calibration,07dabc814e26f8ace0ae6cf86ab10cfd6558bc9f32d2f48a751c5694bf35381c,eac4823bf31745572c74e75b5f98978ed84471f5e602e2ce1076e0e43fcf366e,IND,scheduled,9fa14e505d51ff85869dd15e3db54734ef9335f66aa7d8ec9efeec23fac3ce89,212aac92a1da8532e5972f40437fe5263d519fb358a0ec6fa63c804d134831ac,12,novelty.compression_improvement,192,576,3,4.1088424145927,4.156537342945196,2.7703230468008435,4.158642888433059,0.15396586148648042,0.011111528946904014,4.147218714108211,4.156537342945196,0.963916597707066,exact-sign-median,3.501940922711103,4.049392723971171,Descriptive pooled summary: environment replicas are independent clusters; algorithm replicas are averaged within each environment cluster.
bounded-symbolic-construct-validation.v1-calibration,calibration,07dabc814e26f8ace0ae6cf86ab10cfd6558bc9f32d2f48a751c5694bf35381c,eac4823bf31745572c74e75b5f98978ed84471f5e602e2ce1076e0e43fcf366e,IND,scheduled,9fa14e505d51ff85869dd15e3db54734ef9335f66aa7d8ec9efeec23fac3ce89,212aac92a1da8532e5972f40437fe5263d519fb358a0ec6fa63c804d134831ac,12,novelty.count_novelty,192,576,3,0.25,0.25,0.25,0.25,0.0,0.0,0.25,0.25,0.963916597707066,exact-sign-median,3.501940922711103,4.049392723971171,Descriptive pooled summary: environment replicas are independent clusters; algorithm replicas are averaged within each environment cluster.
bounded-symbolic-construct-validation.v1-calibration,calibration,07dabc814e26f8ace0ae6cf86ab10cfd6558bc9f32d2f48a751c5694bf35381c,eac4823bf31745572c74e75b5f98978ed84471f5e602e2ce1076e0e43fcf366e,IND,scheduled,9fa14e505d51ff85869dd15e3db54734ef9335f66aa7d8ec9efeec23fac3ce89,212aac92a1da8532e5972f40437fe5263d519fb358a0ec6fa63c804d134831ac,12,novelty.latent_visitation_novelty,192,576,3,1.0,1.0,1.0,1.0,0.0,0.0,1.0,1.0,0.963916597707066,exact-sign-median,3.501940922711103,4.049392723971171,Descriptive pooled summary: environment replicas are independent clusters; algorithm replicas are averaged within each environment cluster.
bounded-symbolic-construct-validation.v1-calibration,calibration,07dabc814e26f8ace0ae6cf86ab10cfd6558bc9f32d2f48a751c5694bf35381c,eac4823bf31745572c74e75b5f98978ed84471f5e602e2ce1076e0e43fcf366e,IND,scheduled,9fa14e505d51ff85869dd15e3db54734ef9335f66aa7d8ec9efeec23fac3ce89,212aac92a1da8532e5972f40437fe5263d519fb358a0ec6fa63c804d134831ac,12,novelty.observation_prediction_error,192,576,3,0.31328691666193426,0.287935022512848,0.2850876631974459,0.4960156357735835,0.03638625832121186,0.002625952004569366,0.28783977638772584,0.324944577324494,0.963916597707066,exact-sign-median,3.501940922711103,4.049392723971171,Descriptive pooled summary: environment replicas are independent clusters; algorithm replicas are averaged within each environment cluster.
bounded-symbolic-construct-validation.v1-calibration,calibration,07dabc814e26f8ace0ae6cf86ab10cfd6558bc9f32d2f48a751c5694bf35381c,eac4823bf31745572c74e75b5f98978ed84471f5e602e2ce1076e0e43fcf366e,IND,scheduled,9fa14e505d51ff85869dd15e3db54734ef9335f66aa7d8ec9efeec23fac3ce89,212aac92a1da8532e5972f40437fe5263d519fb358a0ec6fa63c804d134831ac,12,novelty.persistent_trivia_novelty,192,576,3,0.0,0.0,0.0,0.0,0.0,0.0,0.0,0.0,0.963916597707066,exact-sign-median,3.501940922711103,4.049392723971171,Descriptive pooled summary: environment replicas are independent clusters; algorithm replicas are averaged within each environment cluster.
bounded-symbolic-construct-validation.v1-calibration,calibration,07dabc814e26f8ace0ae6cf86ab10cfd6558bc9f32d2f48a751c5694bf35381c,eac4823bf31745572c74e75b5f98978ed84471f5e602e2ce1076e0e43fcf366e,IND,scheduled,9fa14e505d51ff85869dd15e3db54734ef9335f66aa7d8ec9efeec23fac3ce89,212aac92a1da8532e5972f40437fe5263d519fb358a0ec6fa63c804d134831ac,12,public_reward,192,576,3,0.0,0.0,0.0,0.0,0.0,0.0,0.0,0.0,0.963916597707066,exact-sign-median,3.501940922711103,4.049392723971171,Descriptive pooled summary: environment replicas are independent clusters; algorithm replicas are averaged within each environment cluster.
bounded-symbolic-construct-validation.v1-calibration,calibration,07dabc814e26f8ace0ae6cf86ab10cfd6558bc9f32d2f48a751c5694bf35381c,eac4823bf31745572c74e75b5f98978ed84471f5e602e2ce1076e0e43fcf366e,IND,scheduled,9fa14e505d51ff85869dd15e3db54734ef9335f66aa7d8ec9efeec23fac3ce89,212aac92a1da8532e5972f40437fe5263d519fb358a0ec6fa63c804d134831ac,12,relevant_information_nats,192,576,3,4.1088424145927,4.156537342945196,2.7703230468008435,4.158642888433059,0.15396586148648045,0.011111528946904016,4.14721871410821,4.156537342945196,0.963916597707066,exact-sign-median,3.501940922711103,4.049392723971171,Descriptive pooled summary: environment replicas are independent clusters; algorithm replicas are averaged within each environment cluster.
bounded-symbolic-construct-validation.v1-calibration,calibration,07dabc814e26f8ace0ae6cf86ab10cfd6558bc9f32d2f48a751c5694bf35381c,eac4823bf31745572c74e75b5f98978ed84471f5e602e2ce1076e0e43fcf366e,IND,scheduled,9fa14e505d51ff85869dd15e3db54734ef9335f66aa7d8ec9efeec23fac3ce89,212aac92a1da8532e5972f40437fe5263d519fb358a0ec6fa63c804d134831ac,12,support.abstentions,192,576,3,0.020833333333333332,0.0,0.0,1.0,0.14319953981226086,0.010334536607304918,0.0,0.0,0.963916597707066,exact-sign-median,3.501940922711103,4.049392723971171,Descriptive pooled summary: environment replicas are independent clusters; algorithm replicas are averaged within each environment cluster.
bounded-symbolic-construct-validation.v1-calibration,calibration,07dabc814e26f8ace0ae6cf86ab10cfd6558bc9f32d2f48a751c5694bf35381c,eac4823bf31745572c74e75b5f98978ed84471f5e602e2ce1076e0e43fcf366e,IND,scheduled,9fa14e505d51ff85869dd15e3db54734ef9335f66aa7d8ec9efeec23fac3ce89,212aac92a1da8532e5972f40437fe5263d519fb358a0ec6fa63c804d134831ac,12,support.correct_deployments,192,576,3,2.96875,3.0,2.0,3.0,0.17444751982408596,0.012589665316237326,3.0,3.0,0.963916597707066,exact-sign-median,3.501940922711103,4.049392723971171,Descriptive pooled summary: environment replicas are independent clusters; algorithm replicas are averaged within each environment cluster.
bounded-symbolic-construct-validation.v1-calibration,calibration,07dabc814e26f8ace0ae6cf86ab10cfd6558bc9f32d2f48a751c5694bf35381c,eac4823bf31745572c74e75b5f98978ed84471f5e602e2ce1076e0e43fcf366e,IND,scheduled,9fa14e505d51ff85869dd15e3db54734ef9335f66aa7d8ec9efeec23fac3ce89,212aac92a1da8532e5972f40437fe5263d519fb358a0ec6fa63c804d134831ac,12,support.deployment_support,192,576,3,2.9791666666666665,3.0,2.0,3.0,0.14319953981226086,0.010334536607304918,3.0,3.0,0.963916597707066,exact-sign-median,3.501940922711103,4.049392723971171,Descriptive pooled summary: environment replicas are independent clusters; algorithm replicas are averaged within each environment cluster.
bounded-symbolic-construct-validation.v1-calibration,calibration,07dabc814e26f8ace0ae6cf86ab10cfd6558bc9f32d2f48a751c5694bf35381c,eac4823bf31745572c74e75b5f98978ed84471f5e602e2ce1076e0e43fcf366e,IND,scheduled,9fa14e505d51ff85869dd15e3db54734ef9335f66aa7d8ec9efeec23fac3ce89,212aac92a1da8532e5972f40437fe5263d519fb358a0ec6fa63c804d134831ac,12,support.incorrect_deployments,192,576,3,0.010416666666666666,0.0,0.0,1.0,0.10179454378723674,0.007346388407199535,0.0,0.0,0.963916597707066,exact-sign-median,3.501940922711103,4.049392723971171,Descriptive pooled summary: environment replicas are independent clusters; algorithm replicas are averaged within each environment cluster.
bounded-symbolic-construct-validation.v1-calibration,calibration,07dabc814e26f8ace0ae6cf86ab10cfd6558bc9f32d2f48a751c5694bf35381c,eac4823bf31745572c74e75b5f98978ed84471f5e602e2ce1076e0e43fcf366e,IND,scheduled,9fa14e505d51ff85869dd15e3db54734ef9335f66aa7d8ec9efeec23fac3ce89,212aac92a1da8532e5972f40437fe5263d519fb358a0ec6fa63c804d134831ac,12,support.mastered_independent_rules,192,576,3,2.96875,3.0,2.0,3.0,0.17444751982408596,0.012589665316237326,3.0,3.0,0.963916597707066,exact-sign-median,3.501940922711103,4.049392723971171,Descriptive pooled summary: environment replicas are independent clusters; algorithm replicas are averaged within each environment cluster.
bounded-symbolic-construct-validation.v1-calibration,calibration,07dabc814e26f8ace0ae6cf86ab10cfd6558bc9f32d2f48a751c5694bf35381c,eac4823bf31745572c74e75b5f98978ed84471f5e602e2ce1076e0e43fcf366e,IND,scheduled,9fa14e505d51ff85869dd15e3db54734ef9335f66aa7d8ec9efeec23fac3ce89,212aac92a1da8532e5972f40437fe5263d519fb358a0ec6fa63c804d134831ac,12,total_information_nats,192,576,3,4.1088424145927,4.156537342945196,2.7703230468008435,4.158642888433059,0.15396586148648042,0.011111528946904014,4.147218714108211,4.156537342945196,0.963916597707066,exact-sign-median,3.501940922711103,4.049392723971171,Descriptive pooled summary: environment replicas are independent clusters; algorithm replicas are averaged within each environment cluster.
bounded-symbolic-construct-validation.v1-calibration,calibration,07dabc814e26f8ace0ae6cf86ab10cfd6558bc9f32d2f48a751c5694bf35381c,eac4823bf31745572c74e75b5f98978ed84471f5e602e2ce1076e0e43fcf366e,IND,reward,9fa14e505d51ff85869dd15e3db54734ef9335f66aa7d8ec9efeec23fac3ce89,57ca2562042148839b133aec8c82c555375df8c666bac3d5b85a10d89f557416,12,compute.deployment_evaluations,192,576,3,1.0,1.0,1.0,1.0,0.0,0.0,1.0,1.0,0.963916597707066,exact-sign-median,3.501940922711103,4.0722032155104415,Descriptive pooled summary: environment replicas are independent clusters; algorithm replicas are averaged within each environment cluster.
bounded-symbolic-construct-validation.v1-calibration,calibration,07dabc814e26f8ace0ae6cf86ab10cfd6558bc9f32d2f48a751c5694bf35381c,eac4823bf31745572c74e75b5f98978ed84471f5e602e2ce1076e0e43fcf366e,IND,reward,9fa14e505d51ff85869dd15e3db54734ef9335f66aa7d8ec9efeec23fac3ce89,57ca2562042148839b133aec8c82c555375df8c666bac3d5b85a10d89f557416,12,compute.environment_steps,192,576,3,12.0,12.0,12.0,12.0,0.0,0.0,12.0,12.0,0.963916597707066,exact-sign-median,3.501940922711103,4.0722032155104415,Descriptive pooled summary: environment replicas are independent clusters; algorithm replicas are averaged within each environment cluster.
bounded-symbolic-construct-validation.v1-calibration,calibration,07dabc814e26f8ace0ae6cf86ab10cfd6558bc9f32d2f48a751c5694bf35381c,eac4823bf31745572c74e75b5f98978ed84471f5e602e2ce1076e0e43fcf366e,IND,reward,9fa14e505d51ff85869dd15e3db54734ef9335f66aa7d8ec9efeec23fac3ce89,57ca2562042148839b133aec8c82c555375df8c666bac3d5b85a10d89f557416,12,compute.frontier_solver_calls,192,576,3,13.0,13.0,13.0,13.0,0.0,0.0,13.0,13.0,0.963916597707066,exact-sign-median,3.501940922711103,4.0722032155104415,Descriptive pooled summary: environment replicas are independent clusters; algorithm replicas are averaged within each environment cluster.
bounded-symbolic-construct-validation.v1-calibration,calibration,07dabc814e26f8ace0ae6cf86ab10cfd6558bc9f32d2f48a751c5694bf35381c,eac4823bf31745572c74e75b5f98978ed84471f5e602e2ce1076e0e43fcf366e,IND,reward,9fa14e505d51ff85869dd15e3db54734ef9335f66aa7d8ec9efeec23fac3ce89,57ca2562042148839b133aec8c82c555375df8c666bac3d5b85a10d89f557416,12,compute.posterior_updates,192,576,3,7.484375,7.0,6.0,12.0,1.7601328227751323,0.1270266448798398,6.0,7.333333333333333,0.963916597707066,exact-sign-median,3.501940922711103,4.0722032155104415,Descriptive pooled summary: environment replicas are independent clusters; algorithm replicas are averaged within each environment cluster.
bounded-symbolic-construct-validation.v1-calibration,calibration,07dabc814e26f8ace0ae6cf86ab10cfd6558bc9f32d2f48a751c5694bf35381c,eac4823bf31745572c74e75b5f98978ed84471f5e602e2ce1076e0e43fcf366e,IND,reward,9fa14e505d51ff85869dd15e3db54734ef9335f66aa7d8ec9efeec23fac3ce89,57ca2562042148839b133aec8c82c555375df8c666bac3d5b85a10d89f557416,12,compute.queries,192,576,3,7.484375,7.0,6.0,12.0,1.7601328227751323,0.1270266448798398,6.0,7.333333333333333,0.963916597707066,exact-sign-median,3.501940922711103,4.0722032155104415,Descriptive pooled summary: environment replicas are independent clusters; algorithm replicas are averaged within each environment cluster.
bounded-symbolic-construct-validation.v1-calibration,calibration,07dabc814e26f8ace0ae6cf86ab10cfd6558bc9f32d2f48a751c5694bf35381c,eac4823bf31745572c74e75b5f98978ed84471f5e602e2ce1076e0e43fcf366e,IND,reward,9fa14e505d51ff85869dd15e3db54734ef9335f66aa7d8ec9efeec23fac3ce89,57ca2562042148839b133aec8c82c555375df8c666bac3d5b85a10d89f557416,12,distractor_information_nats,192,576,3,0.0,0.0,0.0,0.0,0.0,0.0,0.0,0.0,0.963916597707066,exact-sign-median,3.501940922711103,4.0722032155104415,Descriptive pooled summary: environment replicas are independent clusters; algorithm replicas are averaged within each environment cluster.
bounded-symbolic-construct-validation.v1-calibration,calibration,07dabc814e26f8ace0ae6cf86ab10cfd6558bc9f32d2f48a751c5694bf35381c,eac4823bf31745572c74e75b5f98978ed84471f5e602e2ce1076e0e43fcf366e,IND,reward,9fa14e505d51ff85869dd15e3db54734ef9335f66aa7d8ec9efeec23fac3ce89,57ca2562042148839b133aec8c82c555375df8c666bac3d5b85a10d89f557416,12,expected_reward,192,576,3,2.967013888888889,3.0,1.6666666666666667,3.0,0.17906711860333843,0.012923056141081012,3.0,3.0,0.963916597707066,exact-sign-median,3.501940922711103,4.0722032155104415,Descriptive pooled summary: environment replicas are independent clusters; algorithm replicas are averaged within each environment cluster.
bounded-symbolic-construct-validation.v1-calibration,calibration,07dabc814e26f8ace0ae6cf86ab10cfd6558bc9f32d2f48a751c5694bf35381c,eac4823bf31745572c74e75b5f98978ed84471f5e602e2ce1076e0e43fcf366e,IND,reward,9fa14e505d51ff85869dd15e3db54734ef9335f66aa7d8ec9efeec23fac3ce89,57ca2562042148839b133aec8c82c555375df8c666bac3d5b85a10d89f557416,12,hidden_expected_reward,192,576,3,2.967013888888889,3.0,1.6666666666666667,3.0,0.17906711860333843,0.012923056141081012,3.0,3.0,0.963916597707066,exact-sign-median,3.501940922711103,4.0722032155104415,Descriptive pooled summary: environment replicas are independent clusters; algorithm replicas are averaged within each environment cluster.
bounded-symbolic-construct-validation.v1-calibration,calibration,07dabc814e26f8ace0ae6cf86ab10cfd6558bc9f32d2f48a751c5694bf35381c,eac4823bf31745572c74e75b5f98978ed84471f5e602e2ce1076e0e43fcf366e,IND,reward,9fa14e505d51ff85869dd15e3db54734ef9335f66aa7d8ec9efeec23fac3ce89,57ca2562042148839b133aec8c82c555375df8c666bac3d5b85a10d89f557416,12,information.approximation_residual_nats,192,576,3,0.0,0.0,0.0,0.0,0.0,0.0,0.0,0.0,0.963916597707066,exact-sign-median,3.501940922711103,4.0722032155104415,Descriptive pooled summary: environment replicas are independent clusters; algorithm replicas are averaged within each environment cluster.
bounded-symbolic-construct-validation.v1-calibration,calibration,07dabc814e26f8ace0ae6cf86ab10cfd6558bc9f32d2f48a751c5694bf35381c,eac4823bf31745572c74e75b5f98978ed84471f5e602e2ce1076e0e43fcf366e,IND,reward,9fa14e505d51ff85869dd15e3db54734ef9335f66aa7d8ec9efeec23fac3ce89,57ca2562042148839b133aec8c82c555375df8c666bac3d5b85a10d89f557416,12,information.dynamic_state_nats,192,576,3,0.0,0.0,0.0,0.0,0.0,0.0,0.0,0.0,0.963916597707066,exact-sign-median,3.501940922711103,4.0722032155104415,Descriptive pooled summary: environment replicas are independent clusters; algorithm replicas are averaged within each environment cluster.
bounded-symbolic-construct-validation.v1-calibration,calibration,07dabc814e26f8ace0ae6cf86ab10cfd6558bc9f32d2f48a751c5694bf35381c,eac4823bf31745572c74e75b5f98978ed84471f5e602e2ce1076e0e43fcf366e,IND,reward,9fa14e505d51ff85869dd15e3db54734ef9335f66aa7d8ec9efeec23fac3ce89,57ca2562042148839b133aec8c82c555375df8c666bac3d5b85a10d89f557416,12,information.persistent_distractor_nats,192,576,3,0.0,0.0,0.0,0.0,0.0,0.0,0.0,0.0,0.963916597707066,exact-sign-median,3.501940922711103,4.0722032155104415,Descriptive pooled summary: environment replicas are independent clusters; algorithm replicas are averaged within each environment cluster.
bounded-symbolic-construct-validation.v1-calibration,calibration,07dabc814e26f8ace0ae6cf86ab10cfd6558bc9f32d2f48a751c5694bf35381c,eac4823bf31745572c74e75b5f98978ed84471f5e602e2ce1076e0e43fcf366e,IND,reward,9fa14e505d51ff85869dd15e3db54734ef9335f66aa7d8ec9efeec23fac3ce89,57ca2562042148839b133aec8c82c555375df8c666bac3d5b85a10d89f557416,12,information.reward_relevant_nats,192,576,3,4.0734313401771125,4.072056768309204,3.7000678047674014,4.115124143556708,0.030440532881743605,0.0021968562316937905,4.06551756866554,4.078595967952867,0.963916597707066,exact-sign-median,3.501940922711103,4.0722032155104415,Descriptive pooled summary: environment replicas are independent clusters; algorithm replicas are averaged within each environment cluster.
bounded-symbolic-construct-validation.v1-calibration,calibration,07dabc814e26f8ace0ae6cf86ab10cfd6558bc9f32d2f48a751c5694bf35381c,eac4823bf31745572c74e75b5f98978ed84471f5e602e2ce1076e0e43fcf366e,IND,reward,9fa14e505d51ff85869dd15e3db54734ef9335f66aa7d8ec9efeec23fac3ce89,57ca2562042148839b133aec8c82c555375df8c666bac3d5b85a10d89f557416,12,information.shared_core_nats,192,576,3,0.0,0.0,0.0,0.0,0.0,0.0,0.0,0.0,0.963916597707066,exact-sign-median,3.501940922711103,4.0722032155104415,Descriptive pooled summary: environment replicas are independent clusters; algorithm replicas are averaged within each environment cluster.
bounded-symbolic-construct-validation.v1-calibration,calibration,07dabc814e26f8ace0ae6cf86ab10cfd6558bc9f32d2f48a751c5694bf35381c,eac4823bf31745572c74e75b5f98978ed84471f5e602e2ce1076e0e43fcf366e,IND,reward,9fa14e505d51ff85869dd15e3db54734ef9335f66aa7d8ec9efeec23fac3ce89,57ca2562042148839b133aec8c82c555375df8c666bac3d5b85a10d89f557416,12,information.total_acquired_nats,192,576,3,4.0734313401771125,4.072056768309204,3.7000678047674014,4.115124143556708,0.03044053288174374,0.0021968562316938005,4.065517568665539,4.078595967952867,0.963916597707066,exact-sign-median,3.501940922711103,4.0722032155104415,Descriptive pooled summary: environment replicas are independent clusters; algorithm replicas are averaged within each environment cluster.
bounded-symbolic-construct-validation.v1-calibration,calibration,07dabc814e26f8ace0ae6cf86ab10cfd6558bc9f32d2f48a751c5694bf35381c,eac4823bf31745572c74e75b5f98978ed84471f5e602e2ce1076e0e43fcf366e,IND,reward,9fa14e505d51ff85869dd15e3db54734ef9335f66aa7d8ec9efeec23fac3ce89,57ca2562042148839b133aec8c82c555375df8c666bac3d5b85a10d89f557416,12,novelty.aleatoric_observation_novelty,192,576,3,0.0,0.0,0.0,0.0,0.0,0.0,0.0,0.0,0.963916597707066,exact-sign-median,3.501940922711103,4.0722032155104415,Descriptive pooled summary: environment replicas are independent clusters; algorithm replicas are averaged within each environment cluster.
bounded-symbolic-construct-validation.v1-calibration,calibration,07dabc814e26f8ace0ae6cf86ab10cfd6558bc9f32d2f48a751c5694bf35381c,eac4823bf31745572c74e75b5f98978ed84471f5e602e2ce1076e0e43fcf366e,IND,reward,9fa14e505d51ff85869dd15e3db54734ef9335f66aa7d8ec9efeec23fac3ce89,57ca2562042148839b133aec8c82c555375df8c666bac3d5b85a10d89f557416,12,novelty.behavioral_novelty,192,576,3,0.9994212962962963,1.0,0.8888888888888888,1.0,0.008018753738744807,0.0005787037037037041,1.0,1.0,0.963916597707066,exact-sign-median,3.501940922711103,4.0722032155104415,Descriptive pooled summary: environment replicas are independent clusters; algorithm replicas are averaged within each environment cluster.
bounded-symbolic-construct-validation.v1-calibration,calibration,07dabc814e26f8ace0ae6cf86ab10cfd6558bc9f32d2f48a751c5694bf35381c,eac4823bf31745572c74e75b5f98978ed84471f5e602e2ce1076e0e43fcf366e,IND,reward,9fa14e505d51ff85869dd15e3db54734ef9335f66aa7d8ec9efeec23fac3ce89,57ca2562042148839b133aec8c82c555375df8c666bac3d5b85a10d89f557416,12,novelty.compression_improvement,192,576,3,4.0734313401771125,4.072056768309204,3.7000678047674014,4.115124143556708,0.03044053288174374,0.0021968562316938005,4.065517568665539,4.078595967952867,0.963916597707066,exact-sign-median,3.501940922711103,4.0722032155104415,Descriptive pooled summary: environment replicas are independent clusters; algorithm replicas are averaged within each environment cluster.
bounded-symbolic-construct-validation.v1-calibration,calibration,07dabc814e26f8ace0ae6cf86ab10cfd6558bc9f32d2f48a751c5694bf35381c,eac4823bf31745572c74e75b5f98978ed84471f5e602e2ce1076e0e43fcf366e,IND,reward,9fa14e505d51ff85869dd15e3db54734ef9335f66aa7d8ec9efeec23fac3ce89,57ca2562042148839b133aec8c82c555375df8c666bac3d5b85a10d89f557416,12,novelty.count_novelty,192,576,3,0.4236545138888889,0.4458333333333333,0.25,0.5,0.08291348830043177,0.005983765598713146,0.4166666666666667,0.5,0.963916597707066,exact-sign-median,3.501940922711103,4.0722032155104415,Descriptive pooled summary: environment replicas are independent clusters; algorithm replicas are averaged within each environment cluster.
bounded-symbolic-construct-validation.v1-calibration,calibration,07dabc814e26f8ace0ae6cf86ab10cfd6558bc9f32d2f48a751c5694bf35381c,eac4823bf31745572c74e75b5f98978ed84471f5e602e2ce1076e0e43fcf366e,IND,reward,9fa14e505d51ff85869dd15e3db54734ef9335f66aa7d8ec9efeec23fac3ce89,57ca2562042148839b133aec8c82c555375df8c666bac3d5b85a10d89f557416,12,novelty.latent_visitation_novelty,192,576,3,1.0,1.0,1.0,1.0,0.0,0.0,1.0,1.0,0.963916597707066,exact-sign-median,3.501940922711103,4.0722032155104415,Descriptive pooled summary: environment replicas are independent clusters; algorithm replicas are averaged within each environment cluster.
bounded-symbolic-construct-validation.v1-calibration,calibration,07dabc814e26f8ace0ae6cf86ab10cfd6558bc9f32d2f48a751c5694bf35381c,eac4823bf31745572c74e75b5f98978ed84471f5e602e2ce1076e0e43fcf366e,IND,reward,9fa14e505d51ff85869dd15e3db54734ef9335f66aa7d8ec9efeec23fac3ce89,57ca2562042148839b133aec8c82c555375df8c666bac3d5b85a10d89f557416,12,novelty.observation_prediction_error,192,576,3,0.4477002814307744,0.4577208453742096,0.3533889490773537,0.46833333333333343,0.02546072455252294,0.0018374695217702544,0.44710835741508564,0.46833333333333343,0.963916597707066,exact-sign-median,3.501940922711103,4.0722032155104415,Descriptive pooled summary: environment replicas are independent clusters; algorithm replicas are averaged within each environment cluster.
bounded-symbolic-construct-validation.v1-calibration,calibration,07dabc814e26f8ace0ae6cf86ab10cfd6558bc9f32d2f48a751c5694bf35381c,eac4823bf31745572c74e75b5f98978ed84471f5e602e2ce1076e0e43fcf366e,IND,reward,9fa14e505d51ff85869dd15e3db54734ef9335f66aa7d8ec9efeec23fac3ce89,57ca2562042148839b133aec8c82c555375df8c666bac3d5b85a10d89f557416,12,novelty.persistent_trivia_novelty,192,576,3,0.0,0.0,0.0,0.0,0.0,0.0,0.0,0.0,0.963916597707066,exact-sign-median,3.501940922711103,4.0722032155104415,Descriptive pooled summary: environment replicas are independent clusters; algorithm replicas are averaged within each environment cluster.
bounded-symbolic-construct-validation.v1-calibration,calibration,07dabc814e26f8ace0ae6cf86ab10cfd6558bc9f32d2f48a751c5694bf35381c,eac4823bf31745572c74e75b5f98978ed84471f5e602e2ce1076e0e43fcf366e,IND,reward,9fa14e505d51ff85869dd15e3db54734ef9335f66aa7d8ec9efeec23fac3ce89,57ca2562042148839b133aec8c82c555375df8c666bac3d5b85a10d89f557416,12,public_reward,192,576,3,0.0,0.0,0.0,0.0,0.0,0.0,0.0,0.0,0.963916597707066,exact-sign-median,3.501940922711103,4.0722032155104415,Descriptive pooled summary: environment replicas are independent clusters; algorithm replicas are averaged within each environment cluster.
bounded-symbolic-construct-validation.v1-calibration,calibration,07dabc814e26f8ace0ae6cf86ab10cfd6558bc9f32d2f48a751c5694bf35381c,eac4823bf31745572c74e75b5f98978ed84471f5e602e2ce1076e0e43fcf366e,IND,reward,9fa14e505d51ff85869dd15e3db54734ef9335f66aa7d8ec9efeec23fac3ce89,57ca2562042148839b133aec8c82c555375df8c666bac3d5b85a10d89f557416,12,relevant_information_nats,192,576,3,4.0734313401771125,4.072056768309204,3.7000678047674014,4.115124143556708,0.030440532881743605,0.0021968562316937905,4.06551756866554,4.078595967952867,0.963916597707066,exact-sign-median,3.501940922711103,4.0722032155104415,Descriptive pooled summary: environment replicas are independent clusters; algorithm replicas are averaged within each environment cluster.
bounded-symbolic-construct-validation.v1-calibration,calibration,07dabc814e26f8ace0ae6cf86ab10cfd6558bc9f32d2f48a751c5694bf35381c,eac4823bf31745572c74e75b5f98978ed84471f5e602e2ce1076e0e43fcf366e,IND,reward,9fa14e505d51ff85869dd15e3db54734ef9335f66aa7d8ec9efeec23fac3ce89,57ca2562042148839b133aec8c82c555375df8c666bac3d5b85a10d89f557416,12,support.abstentions,192,576,3,0.001736111111111111,0.0,0.0,0.3333333333333333,0.024056261216234404,0.001736111111111111,0.0,0.0,0.963916597707066,exact-sign-median,3.501940922711103,4.0722032155104415,Descriptive pooled summary: environment replicas are independent clusters; algorithm replicas are averaged within each environment cluster.
bounded-symbolic-construct-validation.v1-calibration,calibration,07dabc814e26f8ace0ae6cf86ab10cfd6558bc9f32d2f48a751c5694bf35381c,eac4823bf31745572c74e75b5f98978ed84471f5e602e2ce1076e0e43fcf366e,IND,reward,9fa14e505d51ff85869dd15e3db54734ef9335f66aa7d8ec9efeec23fac3ce89,57ca2562042148839b133aec8c82c555375df8c666bac3d5b85a10d89f557416,12,support.correct_deployments,192,576,3,2.982638888888889,3.0,2.3333333333333335,3.0,0.0948933655432378,0.0068483387675872375,3.0,3.0,0.963916597707066,exact-sign-median,3.501940922711103,4.0722032155104415,Descriptive pooled summary: environment replicas are independent clusters; algorithm replicas are averaged within each environment cluster.
bounded-symbolic-construct-validation.v1-calibration,calibration,07dabc814e26f8ace0ae6cf86ab10cfd6558bc9f32d2f48a751c5694bf35381c,eac4823bf31745572c74e75b5f98978ed84471f5e602e2ce1076e0e43fcf366e,IND,reward,9fa14e505d51ff85869dd15e3db54734ef9335f66aa7d8ec9efeec23fac3ce89,57ca2562042148839b133aec8c82c555375df8c666bac3d5b85a10d89f557416,12,support.deployment_support,192,576,3,2.998263888888889,3.0,2.6666666666666665,3.0,0.024056261216234418,0.001736111111111112,3.0,3.0,0.963916597707066,exact-sign-median,3.501940922711103,4.0722032155104415,Descriptive pooled summary: environment replicas are independent clusters; algorithm replicas are averaged within each environment cluster.
bounded-symbolic-construct-validation.v1-calibration,calibration,07dabc814e26f8ace0ae6cf86ab10cfd6558bc9f32d2f48a751c5694bf35381c,eac4823bf31745572c74e75b5f98978ed84471f5e602e2ce1076e0e43fcf366e,IND,reward,9fa14e505d51ff85869dd15e3db54734ef9335f66aa7d8ec9efeec23fac3ce89,57ca2562042148839b133aec8c82c555375df8c666bac3d5b85a10d89f557416,12,support.incorrect_deployments,192,576,3,0.015625,0.0,0.0,0.6666666666666666,0.08554015145053424,0.0061733286833109136,0.0,0.0,0.963916597707066,exact-sign-median,3.501940922711103,4.0722032155104415,Descriptive pooled summary: environment replicas are independent clusters; algorithm replicas are averaged within each environment cluster.
bounded-symbolic-construct-validation.v1-calibration,calibration,07dabc814e26f8ace0ae6cf86ab10cfd6558bc9f32d2f48a751c5694bf35381c,eac4823bf31745572c74e75b5f98978ed84471f5e602e2ce1076e0e43fcf366e,IND,reward,9fa14e505d51ff85869dd15e3db54734ef9335f66aa7d8ec9efeec23fac3ce89,57ca2562042148839b133aec8c82c555375df8c666bac3d5b85a10d89f557416,12,support.mastered_independent_rules,192,576,3,2.982638888888889,3.0,2.3333333333333335,3.0,0.0948933655432378,0.0068483387675872375,3.0,3.0,0.963916597707066,exact-sign-median,3.501940922711103,4.0722032155104415,Descriptive pooled summary: environment replicas are independent clusters; algorithm replicas are averaged within each environment cluster.
bounded-symbolic-construct-validation.v1-calibration,calibration,07dabc814e26f8ace0ae6cf86ab10cfd6558bc9f32d2f48a751c5694bf35381c,eac4823bf31745572c74e75b5f98978ed84471f5e602e2ce1076e0e43fcf366e,IND,reward,9fa14e505d51ff85869dd15e3db54734ef9335f66aa7d8ec9efeec23fac3ce89,57ca2562042148839b133aec8c82c555375df8c666bac3d5b85a10d89f557416,12,total_information_nats,192,576,3,4.0734313401771125,4.072056768309204,3.7000678047674014,4.115124143556708,0.03044053288174374,0.0021968562316938005,4.065517568665539,4.078595967952867,0.963916597707066,exact-sign-median,3.501940922711103,4.0722032155104415,Descriptive pooled summary: environment replicas are independent clusters; algorithm replicas are averaged within each environment cluster.
bounded-symbolic-construct-validation.v1-calibration,calibration,07dabc814e26f8ace0ae6cf86ab10cfd6558bc9f32d2f48a751c5694bf35381c,eac4823bf31745572c74e75b5f98978ed84471f5e602e2ce1076e0e43fcf366e,IND,relevant-information,9fa14e505d51ff85869dd15e3db54734ef9335f66aa7d8ec9efeec23fac3ce89,861f07a9aadf16023896b000a1054fb2060a2afb3cffe8500f5257b21f78c8d9,12,compute.deployment_evaluations,192,576,3,1.0,1.0,1.0,1.0,0.0,0.0,1.0,1.0,0.963916597707066,exact-sign-median,3.501940922711103,4.131510493512547,Descriptive pooled summary: environment replicas are independent clusters; algorithm replicas are averaged within each environment cluster.
bounded-symbolic-construct-validation.v1-calibration,calibration,07dabc814e26f8ace0ae6cf86ab10cfd6558bc9f32d2f48a751c5694bf35381c,eac4823bf31745572c74e75b5f98978ed84471f5e602e2ce1076e0e43fcf366e,IND,relevant-information,9fa14e505d51ff85869dd15e3db54734ef9335f66aa7d8ec9efeec23fac3ce89,861f07a9aadf16023896b000a1054fb2060a2afb3cffe8500f5257b21f78c8d9,12,compute.environment_steps,192,576,3,12.0,12.0,12.0,12.0,0.0,0.0,12.0,12.0,0.963916597707066,exact-sign-median,3.501940922711103,4.131510493512547,Descriptive pooled summary: environment replicas are independent clusters; algorithm replicas are averaged within each environment cluster.
bounded-symbolic-construct-validation.v1-calibration,calibration,07dabc814e26f8ace0ae6cf86ab10cfd6558bc9f32d2f48a751c5694bf35381c,eac4823bf31745572c74e75b5f98978ed84471f5e602e2ce1076e0e43fcf366e,IND,relevant-information,9fa14e505d51ff85869dd15e3db54734ef9335f66aa7d8ec9efeec23fac3ce89,861f07a9aadf16023896b000a1054fb2060a2afb3cffe8500f5257b21f78c8d9,12,compute.frontier_solver_calls,192,576,3,13.0,13.0,13.0,13.0,0.0,0.0,13.0,13.0,0.963916597707066,exact-sign-median,3.501940922711103,4.131510493512547,Descriptive pooled summary: environment replicas are independent clusters; algorithm replicas are averaged within each environment cluster.
bounded-symbolic-construct-validation.v1-calibration,calibration,07dabc814e26f8ace0ae6cf86ab10cfd6558bc9f32d2f48a751c5694bf35381c,eac4823bf31745572c74e75b5f98978ed84471f5e602e2ce1076e0e43fcf366e,IND,relevant-information,9fa14e505d51ff85869dd15e3db54734ef9335f66aa7d8ec9efeec23fac3ce89,861f07a9aadf16023896b000a1054fb2060a2afb3cffe8500f5257b21f78c8d9,12,compute.posterior_updates,192,576,3,12.0,12.0,12.0,12.0,0.0,0.0,12.0,12.0,0.963916597707066,exact-sign-median,3.501940922711103,4.131510493512547,Descriptive pooled summary: environment replicas are independent clusters; algorithm replicas are averaged within each environment cluster.
bounded-symbolic-construct-validation.v1-calibration,calibration,07dabc814e26f8ace0ae6cf86ab10cfd6558bc9f32d2f48a751c5694bf35381c,eac4823bf31745572c74e75b5f98978ed84471f5e602e2ce1076e0e43fcf366e,IND,relevant-information,9fa14e505d51ff85869dd15e3db54734ef9335f66aa7d8ec9efeec23fac3ce89,861f07a9aadf16023896b000a1054fb2060a2afb3cffe8500f5257b21f78c8d9,12,compute.queries,192,576,3,12.0,12.0,12.0,12.0,0.0,0.0,12.0,12.0,0.963916597707066,exact-sign-median,3.501940922711103,4.131510493512547,Descriptive pooled summary: environment replicas are independent clusters; algorithm replicas are averaged within each environment cluster.
bounded-symbolic-construct-validation.v1-calibration,calibration,07dabc814e26f8ace0ae6cf86ab10cfd6558bc9f32d2f48a751c5694bf35381c,eac4823bf31745572c74e75b5f98978ed84471f5e602e2ce1076e0e43fcf366e,IND,relevant-information,9fa14e505d51ff85869dd15e3db54734ef9335f66aa7d8ec9efeec23fac3ce89,861f07a9aadf16023896b000a1054fb2060a2afb3cffe8500f5257b21f78c8d9,12,distractor_information_nats,192,576,3,0.0,0.0,0.0,0.0,0.0,0.0,0.0,0.0,0.963916597707066,exact-sign-median,3.501940922711103,4.131510493512547,Descriptive pooled summary: environment replicas are independent clusters; algorithm replicas are averaged within each environment cluster.
bounded-symbolic-construct-validation.v1-calibration,calibration,07dabc814e26f8ace0ae6cf86ab10cfd6558bc9f32d2f48a751c5694bf35381c,eac4823bf31745572c74e75b5f98978ed84471f5e602e2ce1076e0e43fcf366e,IND,relevant-information,9fa14e505d51ff85869dd15e3db54734ef9335f66aa7d8ec9efeec23fac3ce89,861f07a9aadf16023896b000a1054fb2060a2afb3cffe8500f5257b21f78c8d9,12,expected_reward,192,576,3,2.9895833333333335,3.0,2.3333333333333335,3.0,0.0828958849925079,0.005982495189392087,3.0,3.0,0.963916597707066,exact-sign-median,3.501940922711103,4.131510493512547,Descriptive pooled summary: environment replicas are independent clusters; algorithm replicas are averaged within each environment cluster.
bounded-symbolic-construct-validation.v1-calibration,calibration,07dabc814e26f8ace0ae6cf86ab10cfd6558bc9f32d2f48a751c5694bf35381c,eac4823bf31745572c74e75b5f98978ed84471f5e602e2ce1076e0e43fcf366e,IND,relevant-information,9fa14e505d51ff85869dd15e3db54734ef9335f66aa7d8ec9efeec23fac3ce89,861f07a9aadf16023896b000a1054fb2060a2afb3cffe8500f5257b21f78c8d9,12,hidden_expected_reward,192,576,3,2.9895833333333335,3.0,2.3333333333333335,3.0,0.0828958849925079,0.005982495189392087,3.0,3.0,0.963916597707066,exact-sign-median,3.501940922711103,4.131510493512547,Descriptive pooled summary: environment replicas are independent clusters; algorithm replicas are averaged within each environment cluster.
bounded-symbolic-construct-validation.v1-calibration,calibration,07dabc814e26f8ace0ae6cf86ab10cfd6558bc9f32d2f48a751c5694bf35381c,eac4823bf31745572c74e75b5f98978ed84471f5e602e2ce1076e0e43fcf366e,IND,relevant-information,9fa14e505d51ff85869dd15e3db54734ef9335f66aa7d8ec9efeec23fac3ce89,861f07a9aadf16023896b000a1054fb2060a2afb3cffe8500f5257b21f78c8d9,12,information.approximation_residual_nats,192,576,3,0.0,0.0,0.0,0.0,0.0,0.0,0.0,0.0,0.963916597707066,exact-sign-median,3.501940922711103,4.131510493512547,Descriptive pooled summary: environment replicas are independent clusters; algorithm replicas are averaged within each environment cluster.
bounded-symbolic-construct-validation.v1-calibration,calibration,07dabc814e26f8ace0ae6cf86ab10cfd6558bc9f32d2f48a751c5694bf35381c,eac4823bf31745572c74e75b5f98978ed84471f5e602e2ce1076e0e43fcf366e,IND,relevant-information,9fa14e505d51ff85869dd15e3db54734ef9335f66aa7d8ec9efeec23fac3ce89,861f07a9aadf16023896b000a1054fb2060a2afb3cffe8500f5257b21f78c8d9,12,information.dynamic_state_nats,192,576,3,0.0,0.0,0.0,0.0,0.0,0.0,0.0,0.0,0.963916597707066,exact-sign-median,3.501940922711103,4.131510493512547,Descriptive pooled summary: environment replicas are independent clusters; algorithm replicas are averaged within each environment cluster.
bounded-symbolic-construct-validation.v1-calibration,calibration,07dabc814e26f8ace0ae6cf86ab10cfd6558bc9f32d2f48a751c5694bf35381c,eac4823bf31745572c74e75b5f98978ed84471f5e602e2ce1076e0e43fcf366e,IND,relevant-information,9fa14e505d51ff85869dd15e3db54734ef9335f66aa7d8ec9efeec23fac3ce89,861f07a9aadf16023896b000a1054fb2060a2afb3cffe8500f5257b21f78c8d9,12,information.persistent_distractor_nats,192,576,3,0.0,0.0,0.0,0.0,0.0,0.0,0.0,0.0,0.963916597707066,exact-sign-median,3.501940922711103,4.131510493512547,Descriptive pooled summary: environment replicas are independent clusters; algorithm replicas are averaged within each environment cluster.
bounded-symbolic-construct-validation.v1-calibration,calibration,07dabc814e26f8ace0ae6cf86ab10cfd6558bc9f32d2f48a751c5694bf35381c,eac4823bf31745572c74e75b5f98978ed84471f5e602e2ce1076e0e43fcf366e,IND,relevant-information,9fa14e505d51ff85869dd15e3db54734ef9335f66aa7d8ec9efeec23fac3ce89,861f07a9aadf16023896b000a1054fb2060a2afb3cffe8500f5257b21f78c8d9,12,information.reward_relevant_nats,192,576,3,4.143092927686408,4.154282414198354,3.952253936475076,4.158642888433059,0.03284815889393606,0.0023706116724746982,4.152729284836914,4.156537342945196,0.963916597707066,exact-sign-median,3.501940922711103,4.131510493512547,Descriptive pooled summary: environment replicas are independent clusters; algorithm replicas are averaged within each environment cluster.
bounded-symbolic-construct-validation.v1-calibration,calibration,07dabc814e26f8ace0ae6cf86ab10cfd6558bc9f32d2f48a751c5694bf35381c,eac4823bf31745572c74e75b5f98978ed84471f5e602e2ce1076e0e43fcf366e,IND,relevant-information,9fa14e505d51ff85869dd15e3db54734ef9335f66aa7d8ec9efeec23fac3ce89,861f07a9aadf16023896b000a1054fb2060a2afb3cffe8500f5257b21f78c8d9,12,information.shared_core_nats,192,576,3,0.0,0.0,0.0,0.0,0.0,0.0,0.0,0.0,0.963916597707066,exact-sign-median,3.501940922711103,4.131510493512547,Descriptive pooled summary: environment replicas are independent clusters; algorithm replicas are averaged within each environment cluster.
bounded-symbolic-construct-validation.v1-calibration,calibration,07dabc814e26f8ace0ae6cf86ab10cfd6558bc9f32d2f48a751c5694bf35381c,eac4823bf31745572c74e75b5f98978ed84471f5e602e2ce1076e0e43fcf366e,IND,relevant-information,9fa14e505d51ff85869dd15e3db54734ef9335f66aa7d8ec9efeec23fac3ce89,861f07a9aadf16023896b000a1054fb2060a2afb3cffe8500f5257b21f78c8d9,12,information.total_acquired_nats,192,576,3,4.143092927686408,4.154282414198354,3.9522539364750764,4.158642888433059,0.03284815889393598,0.0023706116724746926,4.152729284836913,4.156537342945196,0.963916597707066,exact-sign-median,3.501940922711103,4.131510493512547,Descriptive pooled summary: environment replicas are independent clusters; algorithm replicas are averaged within each environment cluster.
bounded-symbolic-construct-validation.v1-calibration,calibration,07dabc814e26f8ace0ae6cf86ab10cfd6558bc9f32d2f48a751c5694bf35381c,eac4823bf31745572c74e75b5f98978ed84471f5e602e2ce1076e0e43fcf366e,IND,relevant-information,9fa14e505d51ff85869dd15e3db54734ef9335f66aa7d8ec9efeec23fac3ce89,861f07a9aadf16023896b000a1054fb2060a2afb3cffe8500f5257b21f78c8d9,12,novelty.aleatoric_observation_novelty,192,576,3,0.0,0.0,0.0,0.0,0.0,0.0,0.0,0.0,0.963916597707066,exact-sign-median,3.501940922711103,4.131510493512547,Descriptive pooled summary: environment replicas are independent clusters; algorithm replicas are averaged within each environment cluster.
bounded-symbolic-construct-validation.v1-calibration,calibration,07dabc814e26f8ace0ae6cf86ab10cfd6558bc9f32d2f48a751c5694bf35381c,eac4823bf31745572c74e75b5f98978ed84471f5e602e2ce1076e0e43fcf366e,IND,relevant-information,9fa14e505d51ff85869dd15e3db54734ef9335f66aa7d8ec9efeec23fac3ce89,861f07a9aadf16023896b000a1054fb2060a2afb3cffe8500f5257b21f78c8d9,12,novelty.behavioral_novelty,192,576,3,1.0,1.0,1.0,1.0,0.0,0.0,1.0,1.0,0.963916597707066,exact-sign-median,3.501940922711103,4.131510493512547,Descriptive pooled summary: environment replicas are independent clusters; algorithm replicas are averaged within each environment cluster.
bounded-symbolic-construct-validation.v1-calibration,calibration,07dabc814e26f8ace0ae6cf86ab10cfd6558bc9f32d2f48a751c5694bf35381c,eac4823bf31745572c74e75b5f98978ed84471f5e602e2ce1076e0e43fcf366e,IND,relevant-information,9fa14e505d51ff85869dd15e3db54734ef9335f66aa7d8ec9efeec23fac3ce89,861f07a9aadf16023896b000a1054fb2060a2afb3cffe8500f5257b21f78c8d9,12,novelty.compression_improvement,192,576,3,4.143092927686408,4.154282414198354,3.9522539364750764,4.158642888433059,0.03284815889393598,0.0023706116724746926,4.152729284836913,4.156537342945196,0.963916597707066,exact-sign-median,3.501940922711103,4.131510493512547,Descriptive pooled summary: environment replicas are independent clusters; algorithm replicas are averaged within each environment cluster.
bounded-symbolic-construct-validation.v1-calibration,calibration,07dabc814e26f8ace0ae6cf86ab10cfd6558bc9f32d2f48a751c5694bf35381c,eac4823bf31745572c74e75b5f98978ed84471f5e602e2ce1076e0e43fcf366e,IND,relevant-information,9fa14e505d51ff85869dd15e3db54734ef9335f66aa7d8ec9efeec23fac3ce89,861f07a9aadf16023896b000a1054fb2060a2afb3cffe8500f5257b21f78c8d9,12,novelty.count_novelty,192,576,3,0.25,0.25,0.25,0.25,0.0,0.0,0.25,0.25,0.963916597707066,exact-sign-median,3.501940922711103,4.131510493512547,Descriptive pooled summary: environment replicas are independent clusters; algorithm replicas are averaged within each environment cluster.
bounded-symbolic-construct-validation.v1-calibration,calibration,07dabc814e26f8ace0ae6cf86ab10cfd6558bc9f32d2f48a751c5694bf35381c,eac4823bf31745572c74e75b5f98978ed84471f5e602e2ce1076e0e43fcf366e,IND,relevant-information,9fa14e505d51ff85869dd15e3db54734ef9335f66aa7d8ec9efeec23fac3ce89,861f07a9aadf16023896b000a1054fb2060a2afb3cffe8500f5257b21f78c8d9,12,novelty.latent_visitation_novelty,192,576,3,1.0,1.0,1.0,1.0,0.0,0.0,1.0,1.0,0.963916597707066,exact-sign-median,3.501940922711103,4.131510493512547,Descriptive pooled summary: environment replicas are independent clusters; algorithm replicas are averaged within each environment cluster.
bounded-symbolic-construct-validation.v1-calibration,calibration,07dabc814e26f8ace0ae6cf86ab10cfd6558bc9f32d2f48a751c5694bf35381c,eac4823bf31745572c74e75b5f98978ed84471f5e602e2ce1076e0e43fcf366e,IND,relevant-information,9fa14e505d51ff85869dd15e3db54734ef9335f66aa7d8ec9efeec23fac3ce89,861f07a9aadf16023896b000a1054fb2060a2afb3cffe8500f5257b21f78c8d9,12,novelty.observation_prediction_error,192,576,3,0.3153437284100919,0.3117224366988927,0.2850876631974459,0.44916853197065904,0.03510291334081501,0.0025333345583324566,0.28870276908965037,0.31451040346833653,0.963916597707066,exact-sign-median,3.501940922711103,4.131510493512547,Descriptive pooled summary: environment replicas are independent clusters; algorithm replicas are averaged within each environment cluster.
bounded-symbolic-construct-validation.v1-calibration,calibration,07dabc814e26f8ace0ae6cf86ab10cfd6558bc9f32d2f48a751c5694bf35381c,eac4823bf31745572c74e75b5f98978ed84471f5e602e2ce1076e0e43fcf366e,IND,relevant-information,9fa14e505d51ff85869dd15e3db54734ef9335f66aa7d8ec9efeec23fac3ce89,861f07a9aadf16023896b000a1054fb2060a2afb3cffe8500f5257b21f78c8d9,12,novelty.persistent_trivia_novelty,192,576,3,0.0,0.0,0.0,0.0,0.0,0.0,0.0,0.0,0.963916597707066,exact-sign-median,3.501940922711103,4.131510493512547,Descriptive pooled summary: environment replicas are independent clusters; algorithm replicas are averaged within each environment cluster.
bounded-symbolic-construct-validation.v1-calibration,calibration,07dabc814e26f8ace0ae6cf86ab10cfd6558bc9f32d2f48a751c5694bf35381c,eac4823bf31745572c74e75b5f98978ed84471f5e602e2ce1076e0e43fcf366e,IND,relevant-information,9fa14e505d51ff85869dd15e3db54734ef9335f66aa7d8ec9efeec23fac3ce89,861f07a9aadf16023896b000a1054fb2060a2afb3cffe8500f5257b21f78c8d9,12,public_reward,192,576,3,0.0,0.0,0.0,0.0,0.0,0.0,0.0,0.0,0.963916597707066,exact-sign-median,3.501940922711103,4.131510493512547,Descriptive pooled summary: environment replicas are independent clusters; algorithm replicas are averaged within each environment cluster.
bounded-symbolic-construct-validation.v1-calibration,calibration,07dabc814e26f8ace0ae6cf86ab10cfd6558bc9f32d2f48a751c5694bf35381c,eac4823bf31745572c74e75b5f98978ed84471f5e602e2ce1076e0e43fcf366e,IND,relevant-information,9fa14e505d51ff85869dd15e3db54734ef9335f66aa7d8ec9efeec23fac3ce89,861f07a9aadf16023896b000a1054fb2060a2afb3cffe8500f5257b21f78c8d9,12,relevant_information_nats,192,576,3,4.143092927686408,4.154282414198354,3.952253936475076,4.158642888433059,0.03284815889393606,0.0023706116724746982,4.152729284836914,4.156537342945196,0.963916597707066,exact-sign-median,3.501940922711103,4.131510493512547,Descriptive pooled summary: environment replicas are independent clusters; algorithm replicas are averaged within each environment cluster.
bounded-symbolic-construct-validation.v1-calibration,calibration,07dabc814e26f8ace0ae6cf86ab10cfd6558bc9f32d2f48a751c5694bf35381c,eac4823bf31745572c74e75b5f98978ed84471f5e602e2ce1076e0e43fcf366e,IND,relevant-information,9fa14e505d51ff85869dd15e3db54734ef9335f66aa7d8ec9efeec23fac3ce89,861f07a9aadf16023896b000a1054fb2060a2afb3cffe8500f5257b21f78c8d9,12,support.abstentions,192,576,3,0.0,0.0,0.0,0.0,0.0,0.0,0.0,0.0,0.963916597707066,exact-sign-median,3.501940922711103,4.131510493512547,Descriptive pooled summary: environment replicas are independent clusters; algorithm replicas are averaged within each environment cluster.
bounded-symbolic-construct-validation.v1-calibration,calibration,07dabc814e26f8ace0ae6cf86ab10cfd6558bc9f32d2f48a751c5694bf35381c,eac4823bf31745572c74e75b5f98978ed84471f5e602e2ce1076e0e43fcf366e,IND,relevant-information,9fa14e505d51ff85869dd15e3db54734ef9335f66aa7d8ec9efeec23fac3ce89,861f07a9aadf16023896b000a1054fb2060a2afb3cffe8500f5257b21f78c8d9,12,support.correct_deployments,192,576,3,2.9947916666666665,3.0,2.6666666666666665,3.0,0.04144794249625398,0.0029912475946960457,3.0,3.0,0.963916597707066,exact-sign-median,3.501940922711103,4.131510493512547,Descriptive pooled summary: environment replicas are independent clusters; algorithm replicas are averaged within each environment cluster.
bounded-symbolic-construct-validation.v1-calibration,calibration,07dabc814e26f8ace0ae6cf86ab10cfd6558bc9f32d2f48a751c5694bf35381c,eac4823bf31745572c74e75b5f98978ed84471f5e602e2ce1076e0e43fcf366e,IND,relevant-information,9fa14e505d51ff85869dd15e3db54734ef9335f66aa7d8ec9efeec23fac3ce89,861f07a9aadf16023896b000a1054fb2060a2afb3cffe8500f5257b21f78c8d9,12,support.deployment_support,192,576,3,3.0,3.0,3.0,3.0,0.0,0.0,3.0,3.0,0.963916597707066,exact-sign-median,3.501940922711103,4.131510493512547,Descriptive pooled summary: environment replicas are independent clusters; algorithm replicas are averaged within each environment cluster.
bounded-symbolic-construct-validation.v1-calibration,calibration,07dabc814e26f8ace0ae6cf86ab10cfd6558bc9f32d2f48a751c5694bf35381c,eac4823bf31745572c74e75b5f98978ed84471f5e602e2ce1076e0e43fcf366e,IND,relevant-information,9fa14e505d51ff85869dd15e3db54734ef9335f66aa7d8ec9efeec23fac3ce89,861f07a9aadf16023896b000a1054fb2060a2afb3cffe8500f5257b21f78c8d9,12,support.incorrect_deployments,192,576,3,0.005208333333333333,0.0,0.0,0.3333333333333333,0.041447942496253956,0.002991247594696044,0.0,0.0,0.963916597707066,exact-sign-median,3.501940922711103,4.131510493512547,Descriptive pooled summary: environment replicas are independent clusters; algorithm replicas are averaged within each environment cluster.
bounded-symbolic-construct-validation.v1-calibration,calibration,07dabc814e26f8ace0ae6cf86ab10cfd6558bc9f32d2f48a751c5694bf35381c,eac4823bf31745572c74e75b5f98978ed84471f5e602e2ce1076e0e43fcf366e,IND,relevant-information,9fa14e505d51ff85869dd15e3db54734ef9335f66aa7d8ec9efeec23fac3ce89,861f07a9aadf16023896b000a1054fb2060a2afb3cffe8500f5257b21f78c8d9,12,support.mastered_independent_rules,192,576,3,2.9947916666666665,3.0,2.6666666666666665,3.0,0.04144794249625398,0.0029912475946960457,3.0,3.0,0.963916597707066,exact-sign-median,3.501940922711103,4.131510493512547,Descriptive pooled summary: environment replicas are independent clusters; algorithm replicas are averaged within each environment cluster.
bounded-symbolic-construct-validation.v1-calibration,calibration,07dabc814e26f8ace0ae6cf86ab10cfd6558bc9f32d2f48a751c5694bf35381c,eac4823bf31745572c74e75b5f98978ed84471f5e602e2ce1076e0e43fcf366e,IND,relevant-information,9fa14e505d51ff85869dd15e3db54734ef9335f66aa7d8ec9efeec23fac3ce89,861f07a9aadf16023896b000a1054fb2060a2afb3cffe8500f5257b21f78c8d9,12,total_information_nats,192,576,3,4.143092927686408,4.154282414198354,3.9522539364750764,4.158642888433059,0.03284815889393598,0.0023706116724746926,4.152729284836913,4.156537342945196,0.963916597707066,exact-sign-median,3.501940922711103,4.131510493512547,Descriptive pooled summary: environment replicas are independent clusters; algorithm replicas are averaged within each environment cluster.
bounded-symbolic-construct-validation.v1-calibration,calibration,07dabc814e26f8ace0ae6cf86ab10cfd6558bc9f32d2f48a751c5694bf35381c,eac4823bf31745572c74e75b5f98978ed84471f5e602e2ce1076e0e43fcf366e,IND,fixed,9fa14e505d51ff85869dd15e3db54734ef9335f66aa7d8ec9efeec23fac3ce89,8fea8f21b4f9563a2c4e51f291faf1ad5543d2d729678c3d4ad0bbaba7b4198a,12,compute.deployment_evaluations,192,576,3,1.0,1.0,1.0,1.0,0.0,0.0,1.0,1.0,0.963916597707066,exact-sign-median,1.098612278751065,1.09861228866811,Descriptive pooled summary: environment replicas are independent clusters; algorithm replicas are averaged within each environment cluster.
bounded-symbolic-construct-validation.v1-calibration,calibration,07dabc814e26f8ace0ae6cf86ab10cfd6558bc9f32d2f48a751c5694bf35381c,eac4823bf31745572c74e75b5f98978ed84471f5e602e2ce1076e0e43fcf366e,IND,fixed,9fa14e505d51ff85869dd15e3db54734ef9335f66aa7d8ec9efeec23fac3ce89,8fea8f21b4f9563a2c4e51f291faf1ad5543d2d729678c3d4ad0bbaba7b4198a,12,compute.environment_steps,192,576,3,12.0,12.0,12.0,12.0,0.0,0.0,12.0,12.0,0.963916597707066,exact-sign-median,1.098612278751065,1.09861228866811,Descriptive pooled summary: environment replicas are independent clusters; algorithm replicas are averaged within each environment cluster.
bounded-symbolic-construct-validation.v1-calibration,calibration,07dabc814e26f8ace0ae6cf86ab10cfd6558bc9f32d2f48a751c5694bf35381c,eac4823bf31745572c74e75b5f98978ed84471f5e602e2ce1076e0e43fcf366e,IND,fixed,9fa14e505d51ff85869dd15e3db54734ef9335f66aa7d8ec9efeec23fac3ce89,8fea8f21b4f9563a2c4e51f291faf1ad5543d2d729678c3d4ad0bbaba7b4198a,12,compute.frontier_solver_calls,192,576,3,13.0,13.0,13.0,13.0,0.0,0.0,13.0,13.0,0.963916597707066,exact-sign-median,1.098612278751065,1.09861228866811,Descriptive pooled summary: environment replicas are independent clusters; algorithm replicas are averaged within each environment cluster.
bounded-symbolic-construct-validation.v1-calibration,calibration,07dabc814e26f8ace0ae6cf86ab10cfd6558bc9f32d2f48a751c5694bf35381c,eac4823bf31745572c74e75b5f98978ed84471f5e602e2ce1076e0e43fcf366e,IND,fixed,9fa14e505d51ff85869dd15e3db54734ef9335f66aa7d8ec9efeec23fac3ce89,8fea8f21b4f9563a2c4e51f291faf1ad5543d2d729678c3d4ad0bbaba7b4198a,12,compute.posterior_updates,192,576,3,12.0,12.0,12.0,12.0,0.0,0.0,12.0,12.0,0.963916597707066,exact-sign-median,1.098612278751065,1.09861228866811,Descriptive pooled summary: environment replicas are independent clusters; algorithm replicas are averaged within each environment cluster.
bounded-symbolic-construct-validation.v1-calibration,calibration,07dabc814e26f8ace0ae6cf86ab10cfd6558bc9f32d2f48a751c5694bf35381c,eac4823bf31745572c74e75b5f98978ed84471f5e602e2ce1076e0e43fcf366e,IND,fixed,9fa14e505d51ff85869dd15e3db54734ef9335f66aa7d8ec9efeec23fac3ce89,8fea8f21b4f9563a2c4e51f291faf1ad5543d2d729678c3d4ad0bbaba7b4198a,12,compute.queries,192,576,3,12.0,12.0,12.0,12.0,0.0,0.0,12.0,12.0,0.963916597707066,exact-sign-median,1.098612278751065,1.09861228866811,Descriptive pooled summary: environment replicas are independent clusters; algorithm replicas are averaged within each environment cluster.
bounded-symbolic-construct-validation.v1-calibration,calibration,07dabc814e26f8ace0ae6cf86ab10cfd6558bc9f32d2f48a751c5694bf35381c,eac4823bf31745572c74e75b5f98978ed84471f5e602e2ce1076e0e43fcf366e,IND,fixed,9fa14e505d51ff85869dd15e3db54734ef9335f66aa7d8ec9efeec23fac3ce89,8fea8f21b4f9563a2c4e51f291faf1ad5543d2d729678c3d4ad0bbaba7b4198a,12,distractor_information_nats,192,576,3,0.0,0.0,0.0,0.0,0.0,0.0,0.0,0.0,0.963916597707066,exact-sign-median,1.098612278751065,1.09861228866811,Descriptive pooled summary: environment replicas are independent clusters; algorithm replicas are averaged within each environment cluster.
bounded-symbolic-construct-validation.v1-calibration,calibration,07dabc814e26f8ace0ae6cf86ab10cfd6558bc9f32d2f48a751c5694bf35381c,eac4823bf31745572c74e75b5f98978ed84471f5e602e2ce1076e0e43fcf366e,IND,fixed,9fa14e505d51ff85869dd15e3db54734ef9335f66aa7d8ec9efeec23fac3ce89,8fea8f21b4f9563a2c4e51f291faf1ad5543d2d729678c3d4ad0bbaba7b4198a,12,expected_reward,192,576,3,1.0,1.0,1.0,1.0,0.0,0.0,1.0,1.0,0.963916597707066,exact-sign-median,1.098612278751065,1.09861228866811,Descriptive pooled summary: environment replicas are independent clusters; algorithm replicas are averaged within each environment cluster.
bounded-symbolic-construct-validation.v1-calibration,calibration,07dabc814e26f8ace0ae6cf86ab10cfd6558bc9f32d2f48a751c5694bf35381c,eac4823bf31745572c74e75b5f98978ed84471f5e602e2ce1076e0e43fcf366e,IND,fixed,9fa14e505d51ff85869dd15e3db54734ef9335f66aa7d8ec9efeec23fac3ce89,8fea8f21b4f9563a2c4e51f291faf1ad5543d2d729678c3d4ad0bbaba7b4198a,12,hidden_expected_reward,192,576,3,1.0,1.0,1.0,1.0,0.0,0.0,1.0,1.0,0.963916597707066,exact-sign-median,1.098612278751065,1.09861228866811,Descriptive pooled summary: environment replicas are independent clusters; algorithm replicas are averaged within each environment cluster.
bounded-symbolic-construct-validation.v1-calibration,calibration,07dabc814e26f8ace0ae6cf86ab10cfd6558bc9f32d2f48a751c5694bf35381c,eac4823bf31745572c74e75b5f98978ed84471f5e602e2ce1076e0e43fcf366e,IND,fixed,9fa14e505d51ff85869dd15e3db54734ef9335f66aa7d8ec9efeec23fac3ce89,8fea8f21b4f9563a2c4e51f291faf1ad5543d2d729678c3d4ad0bbaba7b4198a,12,information.approximation_residual_nats,192,576,3,0.0,0.0,0.0,0.0,0.0,0.0,0.0,0.0,0.963916597707066,exact-sign-median,1.098612278751065,1.09861228866811,Descriptive pooled summary: environment replicas are independent clusters; algorithm replicas are averaged within each environment cluster.
bounded-symbolic-construct-validation.v1-calibration,calibration,07dabc814e26f8ace0ae6cf86ab10cfd6558bc9f32d2f48a751c5694bf35381c,eac4823bf31745572c74e75b5f98978ed84471f5e602e2ce1076e0e43fcf366e,IND,fixed,9fa14e505d51ff85869dd15e3db54734ef9335f66aa7d8ec9efeec23fac3ce89,8fea8f21b4f9563a2c4e51f291faf1ad5543d2d729678c3d4ad0bbaba7b4198a,12,information.dynamic_state_nats,192,576,3,0.0,0.0,0.0,0.0,0.0,0.0,0.0,0.0,0.963916597707066,exact-sign-median,1.098612278751065,1.09861228866811,Descriptive pooled summary: environment replicas are independent clusters; algorithm replicas are averaged within each environment cluster.
bounded-symbolic-construct-validation.v1-calibration,calibration,07dabc814e26f8ace0ae6cf86ab10cfd6558bc9f32d2f48a751c5694bf35381c,eac4823bf31745572c74e75b5f98978ed84471f5e602e2ce1076e0e43fcf366e,IND,fixed,9fa14e505d51ff85869dd15e3db54734ef9335f66aa7d8ec9efeec23fac3ce89,8fea8f21b4f9563a2c4e51f291faf1ad5543d2d729678c3d4ad0bbaba7b4198a,12,information.persistent_distractor_nats,192,576,3,0.0,0.0,0.0,0.0,0.0,0.0,0.0,0.0,0.963916597707066,exact-sign-median,1.098612278751065,1.09861228866811,Descriptive pooled summary: environment replicas are independent clusters; algorithm replicas are averaged within each environment cluster.
bounded-symbolic-construct-validation.v1-calibration,calibration,07dabc814e26f8ace0ae6cf86ab10cfd6558bc9f32d2f48a751c5694bf35381c,eac4823bf31745572c74e75b5f98978ed84471f5e602e2ce1076e0e43fcf366e,IND,fixed,9fa14e505d51ff85869dd15e3db54734ef9335f66aa7d8ec9efeec23fac3ce89,8fea8f21b4f9563a2c4e51f291faf1ad5543d2d729678c3d4ad0bbaba7b4198a,12,information.reward_relevant_nats,192,576,3,1.3862940563580428,1.3862943611197125,1.3862664522463646,1.38629436111989,2.781617046009456e-06,2.0074591878700138e-07,1.3862943611197123,1.3862943611197125,0.963916597707066,exact-sign-median,1.098612278751065,1.09861228866811,Descriptive pooled summary: environment replicas are independent clusters; algorithm replicas are averaged within each environment cluster.
bounded-symbolic-construct-validation.v1-calibration,calibration,07dabc814e26f8ace0ae6cf86ab10cfd6558bc9f32d2f48a751c5694bf35381c,eac4823bf31745572c74e75b5f98978ed84471f5e602e2ce1076e0e43fcf366e,IND,fixed,9fa14e505d51ff85869dd15e3db54734ef9335f66aa7d8ec9efeec23fac3ce89,8fea8f21b4f9563a2c4e51f291faf1ad5543d2d729678c3d4ad0bbaba7b4198a,12,information.shared_core_nats,192,576,3,0.0,0.0,0.0,0.0,0.0,0.0,0.0,0.0,0.963916597707066,exact-sign-median,1.098612278751065,1.09861228866811,Descriptive pooled summary: environment replicas are independent clusters; algorithm replicas are averaged within each environment cluster.
bounded-symbolic-construct-validation.v1-calibration,calibration,07dabc814e26f8ace0ae6cf86ab10cfd6558bc9f32d2f48a751c5694bf35381c,eac4823bf31745572c74e75b5f98978ed84471f5e602e2ce1076e0e43fcf366e,IND,fixed,9fa14e505d51ff85869dd15e3db54734ef9335f66aa7d8ec9efeec23fac3ce89,8fea8f21b4f9563a2c4e51f291faf1ad5543d2d729678c3d4ad0bbaba7b4198a,12,information.total_acquired_nats,192,576,3,1.3862940563580428,1.3862943611197125,1.3862664522463646,1.38629436111989,2.7816170460132772e-06,2.0074591878727717e-07,1.3862943611197125,1.3862943611197125,0.963916597707066,exact-sign-median,1.098612278751065,1.09861228866811,Descriptive pooled summary: environment replicas are independent clusters; algorithm replicas are averaged within each environment cluster.
bounded-symbolic-construct-validation.v1-calibration,calibration,07dabc814e26f8ace0ae6cf86ab10cfd6558bc9f32d2f48a751c5694bf35381c,eac4823bf31745572c74e75b5f98978ed84471f5e602e2ce1076e0e43fcf366e,IND,fixed,9fa14e505d51ff85869dd15e3db54734ef9335f66aa7d8ec9efeec23fac3ce89,8fea8f21b4f9563a2c4e51f291faf1ad5543d2d729678c3d4ad0bbaba7b4198a,12,novelty.aleatoric_observation_novelty,192,576,3,0.0,0.0,0.0,0.0,0.0,0.0,0.0,0.0,0.963916597707066,exact-sign-median,1.098612278751065,1.09861228866811,Descriptive pooled summary: environment replicas are independent clusters; algorithm replicas are averaged within each environment cluster.
bounded-symbolic-construct-validation.v1-calibration,calibration,07dabc814e26f8ace0ae6cf86ab10cfd6558bc9f32d2f48a751c5694bf35381c,eac4823bf31745572c74e75b5f98978ed84471f5e602e2ce1076e0e43fcf366e,IND,fixed,9fa14e505d51ff85869dd15e3db54734ef9335f66aa7d8ec9efeec23fac3ce89,8fea8f21b4f9563a2c4e51f291faf1ad5543d2d729678c3d4ad0bbaba7b4198a,12,novelty.behavioral_novelty,192,576,3,0.3333333333333333,0.3333333333333333,0.3333333333333333,0.3333333333333333,0.0,0.0,0.3333333333333333,0.3333333333333333,0.963916597707066,exact-sign-median,1.098612278751065,1.09861228866811,Descriptive pooled summary: environment replicas are independent clusters; algorithm replicas are averaged within each environment cluster.
bounded-symbolic-construct-validation.v1-calibration,calibration,07dabc814e26f8ace0ae6cf86ab10cfd6558bc9f32d2f48a751c5694bf35381c,eac4823bf31745572c74e75b5f98978ed84471f5e602e2ce1076e0e43fcf366e,IND,fixed,9fa14e505d51ff85869dd15e3db54734ef9335f66aa7d8ec9efeec23fac3ce89,8fea8f21b4f9563a2c4e51f291faf1ad5543d2d729678c3d4ad0bbaba7b4198a,12,novelty.compression_improvement,192,576,3,1.3862940563580428,1.3862943611197125,1.3862664522463646,1.38629436111989,2.7816170460132772e-06,2.0074591878727717e-07,1.3862943611197125,1.3862943611197125,0.963916597707066,exact-sign-median,1.098612278751065,1.09861228866811,Descriptive pooled summary: environment replicas are independent clusters; algorithm replicas are averaged within each environment cluster.
bounded-symbolic-construct-validation.v1-calibration,calibration,07dabc814e26f8ace0ae6cf86ab10cfd6558bc9f32d2f48a751c5694bf35381c,eac4823bf31745572c74e75b5f98978ed84471f5e602e2ce1076e0e43fcf366e,IND,fixed,9fa14e505d51ff85869dd15e3db54734ef9335f66aa7d8ec9efeec23fac3ce89,8fea8f21b4f9563a2c4e51f291faf1ad5543d2d729678c3d4ad0bbaba7b4198a,12,novelty.count_novelty,192,576,3,0.08333333333333333,0.08333333333333333,0.08333333333333333,0.08333333333333333,0.0,0.0,0.08333333333333333,0.08333333333333333,0.963916597707066,exact-sign-median,1.098612278751065,1.09861228866811,Descriptive pooled summary: environment replicas are independent clusters; algorithm replicas are averaged within each environment cluster.
bounded-symbolic-construct-validation.v1-calibration,calibration,07dabc814e26f8ace0ae6cf86ab10cfd6558bc9f32d2f48a751c5694bf35381c,eac4823bf31745572c74e75b5f98978ed84471f5e602e2ce1076e0e43fcf366e,IND,fixed,9fa14e505d51ff85869dd15e3db54734ef9335f66aa7d8ec9efeec23fac3ce89,8fea8f21b4f9563a2c4e51f291faf1ad5543d2d729678c3d4ad0bbaba7b4198a,12,novelty.latent_visitation_novelty,192,576,3,0.3333333333333333,0.3333333333333333,0.3333333333333333,0.3333333333333333,0.0,0.0,0.3333333333333333,0.3333333333333333,0.963916597707066,exact-sign-median,1.098612278751065,1.09861228866811,Descriptive pooled summary: environment replicas are independent clusters; algorithm replicas are averaged within each environment cluster.
bounded-symbolic-construct-validation.v1-calibration,calibration,07dabc814e26f8ace0ae6cf86ab10cfd6558bc9f32d2f48a751c5694bf35381c,eac4823bf31745572c74e75b5f98978ed84471f5e602e2ce1076e0e43fcf366e,IND,fixed,9fa14e505d51ff85869dd15e3db54734ef9335f66aa7d8ec9efeec23fac3ce89,8fea8f21b4f9563a2c4e51f291faf1ad5543d2d729678c3d4ad0bbaba7b4198a,12,novelty.observation_prediction_error,192,576,3,0.1680676407650715,0.16169631131450346,0.16169631110737256,0.24619239954603392,0.015159136605678372,0.0010940164499963398,0.16169631110765628,0.1616963167068303,0.963916597707066,exact-sign-median,1.098612278751065,1.09861228866811,Descriptive pooled summary: environment replicas are independent clusters; algorithm replicas are averaged within each environment cluster.
bounded-symbolic-construct-validation.v1-calibration,calibration,07dabc814e26f8ace0ae6cf86ab10cfd6558bc9f32d2f48a751c5694bf35381c,eac4823bf31745572c74e75b5f98978ed84471f5e602e2ce1076e0e43fcf366e,IND,fixed,9fa14e505d51ff85869dd15e3db54734ef9335f66aa7d8ec9efeec23fac3ce89,8fea8f21b4f9563a2c4e51f291faf1ad5543d2d729678c3d4ad0bbaba7b4198a,12,novelty.persistent_trivia_novelty,192,576,3,0.0,0.0,0.0,0.0,0.0,0.0,0.0,0.0,0.963916597707066,exact-sign-median,1.098612278751065,1.09861228866811,Descriptive pooled summary: environment replicas are independent clusters; algorithm replicas are averaged within each environment cluster.
bounded-symbolic-construct-validation.v1-calibration,calibration,07dabc814e26f8ace0ae6cf86ab10cfd6558bc9f32d2f48a751c5694bf35381c,eac4823bf31745572c74e75b5f98978ed84471f5e602e2ce1076e0e43fcf366e,IND,fixed,9fa14e505d51ff85869dd15e3db54734ef9335f66aa7d8ec9efeec23fac3ce89,8fea8f21b4f9563a2c4e51f291faf1ad5543d2d729678c3d4ad0bbaba7b4198a,12,public_reward,192,576,3,0.0,0.0,0.0,0.0,0.0,0.0,0.0,0.0,0.963916597707066,exact-sign-median,1.098612278751065,1.09861228866811,Descriptive pooled summary: environment replicas are independent clusters; algorithm replicas are averaged within each environment cluster.
bounded-symbolic-construct-validation.v1-calibration,calibration,07dabc814e26f8ace0ae6cf86ab10cfd6558bc9f32d2f48a751c5694bf35381c,eac4823bf31745572c74e75b5f98978ed84471f5e602e2ce1076e0e43fcf366e,IND,fixed,9fa14e505d51ff85869dd15e3db54734ef9335f66aa7d8ec9efeec23fac3ce89,8fea8f21b4f9563a2c4e51f291faf1ad5543d2d729678c3d4ad0bbaba7b4198a,12,relevant_information_nats,192,576,3,1.3862940563580428,1.3862943611197125,1.3862664522463646,1.38629436111989,2.781617046009456e-06,2.0074591878700138e-07,1.3862943611197123,1.3862943611197125,0.963916597707066,exact-sign-median,1.098612278751065,1.09861228866811,Descriptive pooled summary: environment replicas are independent clusters; algorithm replicas are averaged within each environment cluster.
bounded-symbolic-construct-validation.v1-calibration,calibration,07dabc814e26f8ace0ae6cf86ab10cfd6558bc9f32d2f48a751c5694bf35381c,eac4823bf31745572c74e75b5f98978ed84471f5e602e2ce1076e0e43fcf366e,IND,fixed,9fa14e505d51ff85869dd15e3db54734ef9335f66aa7d8ec9efeec23fac3ce89,8fea8f21b4f9563a2c4e51f291faf1ad5543d2d729678c3d4ad0bbaba7b4198a,12,support.abstentions,192,576,3,2.0,2.0,2.0,2.0,0.0,0.0,2.0,2.0,0.963916597707066,exact-sign-median,1.098612278751065,1.09861228866811,Descriptive pooled summary: environment replicas are independent clusters; algorithm replicas are averaged within each environment cluster.
bounded-symbolic-construct-validation.v1-calibration,calibration,07dabc814e26f8ace0ae6cf86ab10cfd6558bc9f32d2f48a751c5694bf35381c,eac4823bf31745572c74e75b5f98978ed84471f5e602e2ce1076e0e43fcf366e,IND,fixed,9fa14e505d51ff85869dd15e3db54734ef9335f66aa7d8ec9efeec23fac3ce89,8fea8f21b4f9563a2c4e51f291faf1ad5543d2d729678c3d4ad0bbaba7b4198a,12,support.correct_deployments,192,576,3,1.0,1.0,1.0,1.0,0.0,0.0,1.0,1.0,0.963916597707066,exact-sign-median,1.098612278751065,1.09861228866811,Descriptive pooled summary: environment replicas are independent clusters; algorithm replicas are averaged within each environment cluster.
bounded-symbolic-construct-validation.v1-calibration,calibration,07dabc814e26f8ace0ae6cf86ab10cfd6558bc9f32d2f48a751c5694bf35381c,eac4823bf31745572c74e75b5f98978ed84471f5e602e2ce1076e0e43fcf366e,IND,fixed,9fa14e505d51ff85869dd15e3db54734ef9335f66aa7d8ec9efeec23fac3ce89,8fea8f21b4f9563a2c4e51f291faf1ad5543d2d729678c3d4ad0bbaba7b4198a,12,support.deployment_support,192,576,3,1.0,1.0,1.0,1.0,0.0,0.0,1.0,1.0,0.963916597707066,exact-sign-median,1.098612278751065,1.09861228866811,Descriptive pooled summary: environment replicas are independent clusters; algorithm replicas are averaged within each environment cluster.
bounded-symbolic-construct-validation.v1-calibration,calibration,07dabc814e26f8ace0ae6cf86ab10cfd6558bc9f32d2f48a751c5694bf35381c,eac4823bf31745572c74e75b5f98978ed84471f5e602e2ce1076e0e43fcf366e,IND,fixed,9fa14e505d51ff85869dd15e3db54734ef9335f66aa7d8ec9efeec23fac3ce89,8fea8f21b4f9563a2c4e51f291faf1ad5543d2d729678c3d4ad0bbaba7b4198a,12,support.incorrect_deployments,192,576,3,0.0,0.0,0.0,0.0,0.0,0.0,0.0,0.0,0.963916597707066,exact-sign-median,1.098612278751065,1.09861228866811,Descriptive pooled summary: environment replicas are independent clusters; algorithm replicas are averaged within each environment cluster.
bounded-symbolic-construct-validation.v1-calibration,calibration,07dabc814e26f8ace0ae6cf86ab10cfd6558bc9f32d2f48a751c5694bf35381c,eac4823bf31745572c74e75b5f98978ed84471f5e602e2ce1076e0e43fcf366e,IND,fixed,9fa14e505d51ff85869dd15e3db54734ef9335f66aa7d8ec9efeec23fac3ce89,8fea8f21b4f9563a2c4e51f291faf1ad5543d2d729678c3d4ad0bbaba7b4198a,12,support.mastered_independent_rules,192,576,3,1.0,1.0,1.0,1.0,0.0,0.0,1.0,1.0,0.963916597707066,exact-sign-median,1.098612278751065,1.09861228866811,Descriptive pooled summary: environment replicas are independent clusters; algorithm replicas are averaged within each environment cluster.
bounded-symbolic-construct-validation.v1-calibration,calibration,07dabc814e26f8ace0ae6cf86ab10cfd6558bc9f32d2f48a751c5694bf35381c,eac4823bf31745572c74e75b5f98978ed84471f5e602e2ce1076e0e43fcf366e,IND,fixed,9fa14e505d51ff85869dd15e3db54734ef9335f66aa7d8ec9efeec23fac3ce89,8fea8f21b4f9563a2c4e51f291faf1ad5543d2d729678c3d4ad0bbaba7b4198a,12,total_information_nats,192,576,3,1.3862940563580428,1.3862943611197125,1.3862664522463646,1.38629436111989,2.7816170460132772e-06,2.0074591878727717e-07,1.3862943611197125,1.3862943611197125,0.963916597707066,exact-sign-median,1.098612278751065,1.09861228866811,Descriptive pooled summary: environment replicas are independent clusters; algorithm replicas are averaged within each environment cluster.
bounded-symbolic-construct-validation.v1-calibration,calibration,07dabc814e26f8ace0ae6cf86ab10cfd6558bc9f32d2f48a751c5694bf35381c,eac4823bf31745572c74e75b5f98978ed84471f5e602e2ce1076e0e43fcf366e,IND,total-information,9fa14e505d51ff85869dd15e3db54734ef9335f66aa7d8ec9efeec23fac3ce89,ddef671b142d3c50802d1df4f8b5c18e676ca9a40bdc91386b8488899c8bef75,12,compute.deployment_evaluations,192,576,3,1.0,1.0,1.0,1.0,0.0,0.0,1.0,1.0,0.963916597707066,exact-sign-median,3.501940922711103,4.131510493512547,Descriptive pooled summary: environment replicas are independent clusters; algorithm replicas are averaged within each environment cluster.
bounded-symbolic-construct-validation.v1-calibration,calibration,07dabc814e26f8ace0ae6cf86ab10cfd6558bc9f32d2f48a751c5694bf35381c,eac4823bf31745572c74e75b5f98978ed84471f5e602e2ce1076e0e43fcf366e,IND,total-information,9fa14e505d51ff85869dd15e3db54734ef9335f66aa7d8ec9efeec23fac3ce89,ddef671b142d3c50802d1df4f8b5c18e676ca9a40bdc91386b8488899c8bef75,12,compute.environment_steps,192,576,3,12.0,12.0,12.0,12.0,0.0,0.0,12.0,12.0,0.963916597707066,exact-sign-median,3.501940922711103,4.131510493512547,Descriptive pooled summary: environment replicas are independent clusters; algorithm replicas are averaged within each environment cluster.
bounded-symbolic-construct-validation.v1-calibration,calibration,07dabc814e26f8ace0ae6cf86ab10cfd6558bc9f32d2f48a751c5694bf35381c,eac4823bf31745572c74e75b5f98978ed84471f5e602e2ce1076e0e43fcf366e,IND,total-information,9fa14e505d51ff85869dd15e3db54734ef9335f66aa7d8ec9efeec23fac3ce89,ddef671b142d3c50802d1df4f8b5c18e676ca9a40bdc91386b8488899c8bef75,12,compute.frontier_solver_calls,192,576,3,13.0,13.0,13.0,13.0,0.0,0.0,13.0,13.0,0.963916597707066,exact-sign-median,3.501940922711103,4.131510493512547,Descriptive pooled summary: environment replicas are independent clusters; algorithm replicas are averaged within each environment cluster.
bounded-symbolic-construct-validation.v1-calibration,calibration,07dabc814e26f8ace0ae6cf86ab10cfd6558bc9f32d2f48a751c5694bf35381c,eac4823bf31745572c74e75b5f98978ed84471f5e602e2ce1076e0e43fcf366e,IND,total-information,9fa14e505d51ff85869dd15e3db54734ef9335f66aa7d8ec9efeec23fac3ce89,ddef671b142d3c50802d1df4f8b5c18e676ca9a40bdc91386b8488899c8bef75,12,compute.posterior_updates,192,576,3,12.0,12.0,12.0,12.0,0.0,0.0,12.0,12.0,0.963916597707066,exact-sign-median,3.501940922711103,4.131510493512547,Descriptive pooled summary: environment replicas are independent clusters; algorithm replicas are averaged within each environment cluster.
bounded-symbolic-construct-validation.v1-calibration,calibration,07dabc814e26f8ace0ae6cf86ab10cfd6558bc9f32d2f48a751c5694bf35381c,eac4823bf31745572c74e75b5f98978ed84471f5e602e2ce1076e0e43fcf366e,IND,total-information,9fa14e505d51ff85869dd15e3db54734ef9335f66aa7d8ec9efeec23fac3ce89,ddef671b142d3c50802d1df4f8b5c18e676ca9a40bdc91386b8488899c8bef75,12,compute.queries,192,576,3,12.0,12.0,12.0,12.0,0.0,0.0,12.0,12.0,0.963916597707066,exact-sign-median,3.501940922711103,4.131510493512547,Descriptive pooled summary: environment replicas are independent clusters; algorithm replicas are averaged within each environment cluster.
bounded-symbolic-construct-validation.v1-calibration,calibration,07dabc814e26f8ace0ae6cf86ab10cfd6558bc9f32d2f48a751c5694bf35381c,eac4823bf31745572c74e75b5f98978ed84471f5e602e2ce1076e0e43fcf366e,IND,total-information,9fa14e505d51ff85869dd15e3db54734ef9335f66aa7d8ec9efeec23fac3ce89,ddef671b142d3c50802d1df4f8b5c18e676ca9a40bdc91386b8488899c8bef75,12,distractor_information_nats,192,576,3,0.0,0.0,0.0,0.0,0.0,0.0,0.0,0.0,0.963916597707066,exact-sign-median,3.501940922711103,4.131510493512547,Descriptive pooled summary: environment replicas are independent clusters; algorithm replicas are averaged within each environment cluster.
bounded-symbolic-construct-validation.v1-calibration,calibration,07dabc814e26f8ace0ae6cf86ab10cfd6558bc9f32d2f48a751c5694bf35381c,eac4823bf31745572c74e75b5f98978ed84471f5e602e2ce1076e0e43fcf366e,IND,total-information,9fa14e505d51ff85869dd15e3db54734ef9335f66aa7d8ec9efeec23fac3ce89,ddef671b142d3c50802d1df4f8b5c18e676ca9a40bdc91386b8488899c8bef75,12,expected_reward,192,576,3,2.9895833333333335,3.0,2.3333333333333335,3.0,0.0828958849925079,0.005982495189392087,3.0,3.0,0.963916597707066,exact-sign-median,3.501940922711103,4.131510493512547,Descriptive pooled summary: environment replicas are independent clusters; algorithm replicas are averaged within each environment cluster.
bounded-symbolic-construct-validation.v1-calibration,calibration,07dabc814e26f8ace0ae6cf86ab10cfd6558bc9f32d2f48a751c5694bf35381c,eac4823bf31745572c74e75b5f98978ed84471f5e602e2ce1076e0e43fcf366e,IND,total-information,9fa14e505d51ff85869dd15e3db54734ef9335f66aa7d8ec9efeec23fac3ce89,ddef671b142d3c50802d1df4f8b5c18e676ca9a40bdc91386b8488899c8bef75,12,hidden_expected_reward,192,576,3,2.9895833333333335,3.0,2.3333333333333335,3.0,0.0828958849925079,0.005982495189392087,3.0,3.0,0.963916597707066,exact-sign-median,3.501940922711103,4.131510493512547,Descriptive pooled summary: environment replicas are independent clusters; algorithm replicas are averaged within each environment cluster.
bounded-symbolic-construct-validation.v1-calibration,calibration,07dabc814e26f8ace0ae6cf86ab10cfd6558bc9f32d2f48a751c5694bf35381c,eac4823bf31745572c74e75b5f98978ed84471f5e602e2ce1076e0e43fcf366e,IND,total-information,9fa14e505d51ff85869dd15e3db54734ef9335f66aa7d8ec9efeec23fac3ce89,ddef671b142d3c50802d1df4f8b5c18e676ca9a40bdc91386b8488899c8bef75,12,information.approximation_residual_nats,192,576,3,0.0,0.0,0.0,0.0,0.0,0.0,0.0,0.0,0.963916597707066,exact-sign-median,3.501940922711103,4.131510493512547,Descriptive pooled summary: environment replicas are independent clusters; algorithm replicas are averaged within each environment cluster.
bounded-symbolic-construct-validation.v1-calibration,calibration,07dabc814e26f8ace0ae6cf86ab10cfd6558bc9f32d2f48a751c5694bf35381c,eac4823bf31745572c74e75b5f98978ed84471f5e602e2ce1076e0e43fcf366e,IND,total-information,9fa14e505d51ff85869dd15e3db54734ef9335f66aa7d8ec9efeec23fac3ce89,ddef671b142d3c50802d1df4f8b5c18e676ca9a40bdc91386b8488899c8bef75,12,information.dynamic_state_nats,192,576,3,0.0,0.0,0.0,0.0,0.0,0.0,0.0,0.0,0.963916597707066,exact-sign-median,3.501940922711103,4.131510493512547,Descriptive pooled summary: environment replicas are independent clusters; algorithm replicas are averaged within each environment cluster.
bounded-symbolic-construct-validation.v1-calibration,calibration,07dabc814e26f8ace0ae6cf86ab10cfd6558bc9f32d2f48a751c5694bf35381c,eac4823bf31745572c74e75b5f98978ed84471f5e602e2ce1076e0e43fcf366e,IND,total-information,9fa14e505d51ff85869dd15e3db54734ef9335f66aa7d8ec9efeec23fac3ce89,ddef671b142d3c50802d1df4f8b5c18e676ca9a40bdc91386b8488899c8bef75,12,information.persistent_distractor_nats,192,576,3,0.0,0.0,0.0,0.0,0.0,0.0,0.0,0.0,0.963916597707066,exact-sign-median,3.501940922711103,4.131510493512547,Descriptive pooled summary: environment replicas are independent clusters; algorithm replicas are averaged within each environment cluster.
bounded-symbolic-construct-validation.v1-calibration,calibration,07dabc814e26f8ace0ae6cf86ab10cfd6558bc9f32d2f48a751c5694bf35381c,eac4823bf31745572c74e75b5f98978ed84471f5e602e2ce1076e0e43fcf366e,IND,total-information,9fa14e505d51ff85869dd15e3db54734ef9335f66aa7d8ec9efeec23fac3ce89,ddef671b142d3c50802d1df4f8b5c18e676ca9a40bdc91386b8488899c8bef75,12,information.reward_relevant_nats,192,576,3,4.143092927686408,4.154282414198354,3.952253936475076,4.158642888433059,0.03284815889393606,0.0023706116724746982,4.152729284836914,4.156537342945196,0.963916597707066,exact-sign-median,3.501940922711103,4.131510493512547,Descriptive pooled summary: environment replicas are independent clusters; algorithm replicas are averaged within each environment cluster.
bounded-symbolic-construct-validation.v1-calibration,calibration,07dabc814e26f8ace0ae6cf86ab10cfd6558bc9f32d2f48a751c5694bf35381c,eac4823bf31745572c74e75b5f98978ed84471f5e602e2ce1076e0e43fcf366e,IND,total-information,9fa14e505d51ff85869dd15e3db54734ef9335f66aa7d8ec9efeec23fac3ce89,ddef671b142d3c50802d1df4f8b5c18e676ca9a40bdc91386b8488899c8bef75,12,information.shared_core_nats,192,576,3,0.0,0.0,0.0,0.0,0.0,0.0,0.0,0.0,0.963916597707066,exact-sign-median,3.501940922711103,4.131510493512547,Descriptive pooled summary: environment replicas are independent clusters; algorithm replicas are averaged within each environment cluster.
bounded-symbolic-construct-validation.v1-calibration,calibration,07dabc814e26f8ace0ae6cf86ab10cfd6558bc9f32d2f48a751c5694bf35381c,eac4823bf31745572c74e75b5f98978ed84471f5e602e2ce1076e0e43fcf366e,IND,total-information,9fa14e505d51ff85869dd15e3db54734ef9335f66aa7d8ec9efeec23fac3ce89,ddef671b142d3c50802d1df4f8b5c18e676ca9a40bdc91386b8488899c8bef75,12,information.total_acquired_nats,192,576,3,4.143092927686408,4.154282414198354,3.9522539364750764,4.158642888433059,0.03284815889393598,0.0023706116724746926,4.152729284836913,4.156537342945196,0.963916597707066,exact-sign-median,3.501940922711103,4.131510493512547,Descriptive pooled summary: environment replicas are independent clusters; algorithm replicas are averaged within each environment cluster.
bounded-symbolic-construct-validation.v1-calibration,calibration,07dabc814e26f8ace0ae6cf86ab10cfd6558bc9f32d2f48a751c5694bf35381c,eac4823bf31745572c74e75b5f98978ed84471f5e602e2ce1076e0e43fcf366e,IND,total-information,9fa14e505d51ff85869dd15e3db54734ef9335f66aa7d8ec9efeec23fac3ce89,ddef671b142d3c50802d1df4f8b5c18e676ca9a40bdc91386b8488899c8bef75,12,novelty.aleatoric_observation_novelty,192,576,3,0.0,0.0,0.0,0.0,0.0,0.0,0.0,0.0,0.963916597707066,exact-sign-median,3.501940922711103,4.131510493512547,Descriptive pooled summary: environment replicas are independent clusters; algorithm replicas are averaged within each environment cluster.
bounded-symbolic-construct-validation.v1-calibration,calibration,07dabc814e26f8ace0ae6cf86ab10cfd6558bc9f32d2f48a751c5694bf35381c,eac4823bf31745572c74e75b5f98978ed84471f5e602e2ce1076e0e43fcf366e,IND,total-information,9fa14e505d51ff85869dd15e3db54734ef9335f66aa7d8ec9efeec23fac3ce89,ddef671b142d3c50802d1df4f8b5c18e676ca9a40bdc91386b8488899c8bef75,12,novelty.behavioral_novelty,192,576,3,1.0,1.0,1.0,1.0,0.0,0.0,1.0,1.0,0.963916597707066,exact-sign-median,3.501940922711103,4.131510493512547,Descriptive pooled summary: environment replicas are independent clusters; algorithm replicas are averaged within each environment cluster.
bounded-symbolic-construct-validation.v1-calibration,calibration,07dabc814e26f8ace0ae6cf86ab10cfd6558bc9f32d2f48a751c5694bf35381c,eac4823bf31745572c74e75b5f98978ed84471f5e602e2ce1076e0e43fcf366e,IND,total-information,9fa14e505d51ff85869dd15e3db54734ef9335f66aa7d8ec9efeec23fac3ce89,ddef671b142d3c50802d1df4f8b5c18e676ca9a40bdc91386b8488899c8bef75,12,novelty.compression_improvement,192,576,3,4.143092927686408,4.154282414198354,3.9522539364750764,4.158642888433059,0.03284815889393598,0.0023706116724746926,4.152729284836913,4.156537342945196,0.963916597707066,exact-sign-median,3.501940922711103,4.131510493512547,Descriptive pooled summary: environment replicas are independent clusters; algorithm replicas are averaged within each environment cluster.
bounded-symbolic-construct-validation.v1-calibration,calibration,07dabc814e26f8ace0ae6cf86ab10cfd6558bc9f32d2f48a751c5694bf35381c,eac4823bf31745572c74e75b5f98978ed84471f5e602e2ce1076e0e43fcf366e,IND,total-information,9fa14e505d51ff85869dd15e3db54734ef9335f66aa7d8ec9efeec23fac3ce89,ddef671b142d3c50802d1df4f8b5c18e676ca9a40bdc91386b8488899c8bef75,12,novelty.count_novelty,192,576,3,0.25,0.25,0.25,0.25,0.0,0.0,0.25,0.25,0.963916597707066,exact-sign-median,3.501940922711103,4.131510493512547,Descriptive pooled summary: environment replicas are independent clusters; algorithm replicas are averaged within each environment cluster.
bounded-symbolic-construct-validation.v1-calibration,calibration,07dabc814e26f8ace0ae6cf86ab10cfd6558bc9f32d2f48a751c5694bf35381c,eac4823bf31745572c74e75b5f98978ed84471f5e602e2ce1076e0e43fcf366e,IND,total-information,9fa14e505d51ff85869dd15e3db54734ef9335f66aa7d8ec9efeec23fac3ce89,ddef671b142d3c50802d1df4f8b5c18e676ca9a40bdc91386b8488899c8bef75,12,novelty.latent_visitation_novelty,192,576,3,1.0,1.0,1.0,1.0,0.0,0.0,1.0,1.0,0.963916597707066,exact-sign-median,3.501940922711103,4.131510493512547,Descriptive pooled summary: environment replicas are independent clusters; algorithm replicas are averaged within each environment cluster.
bounded-symbolic-construct-validation.v1-calibration,calibration,07dabc814e26f8ace0ae6cf86ab10cfd6558bc9f32d2f48a751c5694bf35381c,eac4823bf31745572c74e75b5f98978ed84471f5e602e2ce1076e0e43fcf366e,IND,total-information,9fa14e505d51ff85869dd15e3db54734ef9335f66aa7d8ec9efeec23fac3ce89,ddef671b142d3c50802d1df4f8b5c18e676ca9a40bdc91386b8488899c8bef75,12,novelty.observation_prediction_error,192,576,3,0.3153437284100919,0.3117224366988927,0.2850876631974459,0.44916853197065904,0.03510291334081501,0.0025333345583324566,0.28870276908965037,0.31451040346833653,0.963916597707066,exact-sign-median,3.501940922711103,4.131510493512547,Descriptive pooled summary: environment replicas are independent clusters; algorithm replicas are averaged within each environment cluster.
bounded-symbolic-construct-validation.v1-calibration,calibration,07dabc814e26f8ace0ae6cf86ab10cfd6558bc9f32d2f48a751c5694bf35381c,eac4823bf31745572c74e75b5f98978ed84471f5e602e2ce1076e0e43fcf366e,IND,total-information,9fa14e505d51ff85869dd15e3db54734ef9335f66aa7d8ec9efeec23fac3ce89,ddef671b142d3c50802d1df4f8b5c18e676ca9a40bdc91386b8488899c8bef75,12,novelty.persistent_trivia_novelty,192,576,3,0.0,0.0,0.0,0.0,0.0,0.0,0.0,0.0,0.963916597707066,exact-sign-median,3.501940922711103,4.131510493512547,Descriptive pooled summary: environment replicas are independent clusters; algorithm replicas are averaged within each environment cluster.
bounded-symbolic-construct-validation.v1-calibration,calibration,07dabc814e26f8ace0ae6cf86ab10cfd6558bc9f32d2f48a751c5694bf35381c,eac4823bf31745572c74e75b5f98978ed84471f5e602e2ce1076e0e43fcf366e,IND,total-information,9fa14e505d51ff85869dd15e3db54734ef9335f66aa7d8ec9efeec23fac3ce89,ddef671b142d3c50802d1df4f8b5c18e676ca9a40bdc91386b8488899c8bef75,12,public_reward,192,576,3,0.0,0.0,0.0,0.0,0.0,0.0,0.0,0.0,0.963916597707066,exact-sign-median,3.501940922711103,4.131510493512547,Descriptive pooled summary: environment replicas are independent clusters; algorithm replicas are averaged within each environment cluster.
bounded-symbolic-construct-validation.v1-calibration,calibration,07dabc814e26f8ace0ae6cf86ab10cfd6558bc9f32d2f48a751c5694bf35381c,eac4823bf31745572c74e75b5f98978ed84471f5e602e2ce1076e0e43fcf366e,IND,total-information,9fa14e505d51ff85869dd15e3db54734ef9335f66aa7d8ec9efeec23fac3ce89,ddef671b142d3c50802d1df4f8b5c18e676ca9a40bdc91386b8488899c8bef75,12,relevant_information_nats,192,576,3,4.143092927686408,4.154282414198354,3.952253936475076,4.158642888433059,0.03284815889393606,0.0023706116724746982,4.152729284836914,4.156537342945196,0.963916597707066,exact-sign-median,3.501940922711103,4.131510493512547,Descriptive pooled summary: environment replicas are independent clusters; algorithm replicas are averaged within each environment cluster.
bounded-symbolic-construct-validation.v1-calibration,calibration,07dabc814e26f8ace0ae6cf86ab10cfd6558bc9f32d2f48a751c5694bf35381c,eac4823bf31745572c74e75b5f98978ed84471f5e602e2ce1076e0e43fcf366e,IND,total-information,9fa14e505d51ff85869dd15e3db54734ef9335f66aa7d8ec9efeec23fac3ce89,ddef671b142d3c50802d1df4f8b5c18e676ca9a40bdc91386b8488899c8bef75,12,support.abstentions,192,576,3,0.0,0.0,0.0,0.0,0.0,0.0,0.0,0.0,0.963916597707066,exact-sign-median,3.501940922711103,4.131510493512547,Descriptive pooled summary: environment replicas are independent clusters; algorithm replicas are averaged within each environment cluster.
bounded-symbolic-construct-validation.v1-calibration,calibration,07dabc814e26f8ace0ae6cf86ab10cfd6558bc9f32d2f48a751c5694bf35381c,eac4823bf31745572c74e75b5f98978ed84471f5e602e2ce1076e0e43fcf366e,IND,total-information,9fa14e505d51ff85869dd15e3db54734ef9335f66aa7d8ec9efeec23fac3ce89,ddef671b142d3c50802d1df4f8b5c18e676ca9a40bdc91386b8488899c8bef75,12,support.correct_deployments,192,576,3,2.9947916666666665,3.0,2.6666666666666665,3.0,0.04144794249625398,0.0029912475946960457,3.0,3.0,0.963916597707066,exact-sign-median,3.501940922711103,4.131510493512547,Descriptive pooled summary: environment replicas are independent clusters; algorithm replicas are averaged within each environment cluster.
bounded-symbolic-construct-validation.v1-calibration,calibration,07dabc814e26f8ace0ae6cf86ab10cfd6558bc9f32d2f48a751c5694bf35381c,eac4823bf31745572c74e75b5f98978ed84471f5e602e2ce1076e0e43fcf366e,IND,total-information,9fa14e505d51ff85869dd15e3db54734ef9335f66aa7d8ec9efeec23fac3ce89,ddef671b142d3c50802d1df4f8b5c18e676ca9a40bdc91386b8488899c8bef75,12,support.deployment_support,192,576,3,3.0,3.0,3.0,3.0,0.0,0.0,3.0,3.0,0.963916597707066,exact-sign-median,3.501940922711103,4.131510493512547,Descriptive pooled summary: environment replicas are independent clusters; algorithm replicas are averaged within each environment cluster.
bounded-symbolic-construct-validation.v1-calibration,calibration,07dabc814e26f8ace0ae6cf86ab10cfd6558bc9f32d2f48a751c5694bf35381c,eac4823bf31745572c74e75b5f98978ed84471f5e602e2ce1076e0e43fcf366e,IND,total-information,9fa14e505d51ff85869dd15e3db54734ef9335f66aa7d8ec9efeec23fac3ce89,ddef671b142d3c50802d1df4f8b5c18e676ca9a40bdc91386b8488899c8bef75,12,support.incorrect_deployments,192,576,3,0.005208333333333333,0.0,0.0,0.3333333333333333,0.041447942496253956,0.002991247594696044,0.0,0.0,0.963916597707066,exact-sign-median,3.501940922711103,4.131510493512547,Descriptive pooled summary: environment replicas are independent clusters; algorithm replicas are averaged within each environment cluster.
bounded-symbolic-construct-validation.v1-calibration,calibration,07dabc814e26f8ace0ae6cf86ab10cfd6558bc9f32d2f48a751c5694bf35381c,eac4823bf31745572c74e75b5f98978ed84471f5e602e2ce1076e0e43fcf366e,IND,total-information,9fa14e505d51ff85869dd15e3db54734ef9335f66aa7d8ec9efeec23fac3ce89,ddef671b142d3c50802d1df4f8b5c18e676ca9a40bdc91386b8488899c8bef75,12,support.mastered_independent_rules,192,576,3,2.9947916666666665,3.0,2.6666666666666665,3.0,0.04144794249625398,0.0029912475946960457,3.0,3.0,0.963916597707066,exact-sign-median,3.501940922711103,4.131510493512547,Descriptive pooled summary: environment replicas are independent clusters; algorithm replicas are averaged within each environment cluster.
bounded-symbolic-construct-validation.v1-calibration,calibration,07dabc814e26f8ace0ae6cf86ab10cfd6558bc9f32d2f48a751c5694bf35381c,eac4823bf31745572c74e75b5f98978ed84471f5e602e2ce1076e0e43fcf366e,IND,total-information,9fa14e505d51ff85869dd15e3db54734ef9335f66aa7d8ec9efeec23fac3ce89,ddef671b142d3c50802d1df4f8b5c18e676ca9a40bdc91386b8488899c8bef75,12,total_information_nats,192,576,3,4.143092927686408,4.154282414198354,3.9522539364750764,4.158642888433059,0.03284815889393598,0.0023706116724746926,4.152729284836913,4.156537342945196,0.963916597707066,exact-sign-median,3.501940922711103,4.131510493512547,Descriptive pooled summary: environment replicas are independent clusters; algorithm replicas are averaged within each environment cluster.
bounded-symbolic-construct-validation.v1-calibration,calibration,07dabc814e26f8ace0ae6cf86ab10cfd6558bc9f32d2f48a751c5694bf35381c,eac4823bf31745572c74e75b5f98978ed84471f5e602e2ce1076e0e43fcf366e,IND,novelty,9fa14e505d51ff85869dd15e3db54734ef9335f66aa7d8ec9efeec23fac3ce89,fded4a0f778fc9e4cf5c1b74df82effac115dfbd5829c7b80e1a579fd7d8aa24,12,compute.deployment_evaluations,192,576,3,1.0,1.0,1.0,1.0,0.0,0.0,1.0,1.0,0.963916597707066,exact-sign-median,3.501940922711103,4.126948395204691,Descriptive pooled summary: environment replicas are independent clusters; algorithm replicas are averaged within each environment cluster.
bounded-symbolic-construct-validation.v1-calibration,calibration,07dabc814e26f8ace0ae6cf86ab10cfd6558bc9f32d2f48a751c5694bf35381c,eac4823bf31745572c74e75b5f98978ed84471f5e602e2ce1076e0e43fcf366e,IND,novelty,9fa14e505d51ff85869dd15e3db54734ef9335f66aa7d8ec9efeec23fac3ce89,fded4a0f778fc9e4cf5c1b74df82effac115dfbd5829c7b80e1a579fd7d8aa24,12,compute.environment_steps,192,576,3,12.0,12.0,12.0,12.0,0.0,0.0,12.0,12.0,0.963916597707066,exact-sign-median,3.501940922711103,4.126948395204691,Descriptive pooled summary: environment replicas are independent clusters; algorithm replicas are averaged within each environment cluster.
bounded-symbolic-construct-validation.v1-calibration,calibration,07dabc814e26f8ace0ae6cf86ab10cfd6558bc9f32d2f48a751c5694bf35381c,eac4823bf31745572c74e75b5f98978ed84471f5e602e2ce1076e0e43fcf366e,IND,novelty,9fa14e505d51ff85869dd15e3db54734ef9335f66aa7d8ec9efeec23fac3ce89,fded4a0f778fc9e4cf5c1b74df82effac115dfbd5829c7b80e1a579fd7d8aa24,12,compute.frontier_solver_calls,192,576,3,13.0,13.0,13.0,13.0,0.0,0.0,13.0,13.0,0.963916597707066,exact-sign-median,3.501940922711103,4.126948395204691,Descriptive pooled summary: environment replicas are independent clusters; algorithm replicas are averaged within each environment cluster.
bounded-symbolic-construct-validation.v1-calibration,calibration,07dabc814e26f8ace0ae6cf86ab10cfd6558bc9f32d2f48a751c5694bf35381c,eac4823bf31745572c74e75b5f98978ed84471f5e602e2ce1076e0e43fcf366e,IND,novelty,9fa14e505d51ff85869dd15e3db54734ef9335f66aa7d8ec9efeec23fac3ce89,fded4a0f778fc9e4cf5c1b74df82effac115dfbd5829c7b80e1a579fd7d8aa24,12,compute.posterior_updates,192,576,3,12.0,12.0,12.0,12.0,0.0,0.0,12.0,12.0,0.963916597707066,exact-sign-median,3.501940922711103,4.126948395204691,Descriptive pooled summary: environment replicas are independent clusters; algorithm replicas are averaged within each environment cluster.
bounded-symbolic-construct-validation.v1-calibration,calibration,07dabc814e26f8ace0ae6cf86ab10cfd6558bc9f32d2f48a751c5694bf35381c,eac4823bf31745572c74e75b5f98978ed84471f5e602e2ce1076e0e43fcf366e,IND,novelty,9fa14e505d51ff85869dd15e3db54734ef9335f66aa7d8ec9efeec23fac3ce89,fded4a0f778fc9e4cf5c1b74df82effac115dfbd5829c7b80e1a579fd7d8aa24,12,compute.queries,192,576,3,12.0,12.0,12.0,12.0,0.0,0.0,12.0,12.0,0.963916597707066,exact-sign-median,3.501940922711103,4.126948395204691,Descriptive pooled summary: environment replicas are independent clusters; algorithm replicas are averaged within each environment cluster.
bounded-symbolic-construct-validation.v1-calibration,calibration,07dabc814e26f8ace0ae6cf86ab10cfd6558bc9f32d2f48a751c5694bf35381c,eac4823bf31745572c74e75b5f98978ed84471f5e602e2ce1076e0e43fcf366e,IND,novelty,9fa14e505d51ff85869dd15e3db54734ef9335f66aa7d8ec9efeec23fac3ce89,fded4a0f778fc9e4cf5c1b74df82effac115dfbd5829c7b80e1a579fd7d8aa24,12,distractor_information_nats,192,576,3,0.0,0.0,0.0,0.0,0.0,0.0,0.0,0.0,0.963916597707066,exact-sign-median,3.501940922711103,4.126948395204691,Descriptive pooled summary: environment replicas are independent clusters; algorithm replicas are averaged within each environment cluster.
bounded-symbolic-construct-validation.v1-calibration,calibration,07dabc814e26f8ace0ae6cf86ab10cfd6558bc9f32d2f48a751c5694bf35381c,eac4823bf31745572c74e75b5f98978ed84471f5e602e2ce1076e0e43fcf366e,IND,novelty,9fa14e505d51ff85869dd15e3db54734ef9335f66aa7d8ec9efeec23fac3ce89,fded4a0f778fc9e4cf5c1b74df82effac115dfbd5829c7b80e1a579fd7d8aa24,12,expected_reward,192,576,3,2.987847222222222,3.0,2.0,3.0,0.09869654182708312,0.00712280937399395,3.0,3.0,0.963916597707066,exact-sign-median,3.501940922711103,4.126948395204691,Descriptive pooled summary: environment replicas are independent clusters; algorithm replicas are averaged within each environment cluster.
bounded-symbolic-construct-validation.v1-calibration,calibration,07dabc814e26f8ace0ae6cf86ab10cfd6558bc9f32d2f48a751c5694bf35381c,eac4823bf31745572c74e75b5f98978ed84471f5e602e2ce1076e0e43fcf366e,IND,novelty,9fa14e505d51ff85869dd15e3db54734ef9335f66aa7d8ec9efeec23fac3ce89,fded4a0f778fc9e4cf5c1b74df82effac115dfbd5829c7b80e1a579fd7d8aa24,12,hidden_expected_reward,192,576,3,2.987847222222222,3.0,2.0,3.0,0.09869654182708312,0.00712280937399395,3.0,3.0,0.963916597707066,exact-sign-median,3.501940922711103,4.126948395204691,Descriptive pooled summary: environment replicas are independent clusters; algorithm replicas are averaged within each environment cluster.
bounded-symbolic-construct-validation.v1-calibration,calibration,07dabc814e26f8ace0ae6cf86ab10cfd6558bc9f32d2f48a751c5694bf35381c,eac4823bf31745572c74e75b5f98978ed84471f5e602e2ce1076e0e43fcf366e,IND,novelty,9fa14e505d51ff85869dd15e3db54734ef9335f66aa7d8ec9efeec23fac3ce89,fded4a0f778fc9e4cf5c1b74df82effac115dfbd5829c7b80e1a579fd7d8aa24,12,information.approximation_residual_nats,192,576,3,0.0,0.0,0.0,0.0,0.0,0.0,0.0,0.0,0.963916597707066,exact-sign-median,3.501940922711103,4.126948395204691,Descriptive pooled summary: environment replicas are independent clusters; algorithm replicas are averaged within each environment cluster.
bounded-symbolic-construct-validation.v1-calibration,calibration,07dabc814e26f8ace0ae6cf86ab10cfd6558bc9f32d2f48a751c5694bf35381c,eac4823bf31745572c74e75b5f98978ed84471f5e602e2ce1076e0e43fcf366e,IND,novelty,9fa14e505d51ff85869dd15e3db54734ef9335f66aa7d8ec9efeec23fac3ce89,fded4a0f778fc9e4cf5c1b74df82effac115dfbd5829c7b80e1a579fd7d8aa24,12,information.dynamic_state_nats,192,576,3,0.0,0.0,0.0,0.0,0.0,0.0,0.0,0.0,0.963916597707066,exact-sign-median,3.501940922711103,4.126948395204691,Descriptive pooled summary: environment replicas are independent clusters; algorithm replicas are averaged within each environment cluster.
bounded-symbolic-construct-validation.v1-calibration,calibration,07dabc814e26f8ace0ae6cf86ab10cfd6558bc9f32d2f48a751c5694bf35381c,eac4823bf31745572c74e75b5f98978ed84471f5e602e2ce1076e0e43fcf366e,IND,novelty,9fa14e505d51ff85869dd15e3db54734ef9335f66aa7d8ec9efeec23fac3ce89,fded4a0f778fc9e4cf5c1b74df82effac115dfbd5829c7b80e1a579fd7d8aa24,12,information.persistent_distractor_nats,192,576,3,0.0,0.0,0.0,0.0,0.0,0.0,0.0,0.0,0.963916597707066,exact-sign-median,3.501940922711103,4.126948395204691,Descriptive pooled summary: environment replicas are independent clusters; algorithm replicas are averaged within each environment cluster.
bounded-symbolic-construct-validation.v1-calibration,calibration,07dabc814e26f8ace0ae6cf86ab10cfd6558bc9f32d2f48a751c5694bf35381c,eac4823bf31745572c74e75b5f98978ed84471f5e602e2ce1076e0e43fcf366e,IND,novelty,9fa14e505d51ff85869dd15e3db54734ef9335f66aa7d8ec9efeec23fac3ce89,fded4a0f778fc9e4cf5c1b74df82effac115dfbd5829c7b80e1a579fd7d8aa24,12,information.reward_relevant_nats,192,576,3,4.14077442804233,4.153431133332868,3.789103942214192,4.158642888433059,0.04131618985853097,0.002981739167089068,4.152729284836913,4.155133678693656,0.963916597707066,exact-sign-median,3.501940922711103,4.126948395204691,Descriptive pooled summary: environment replicas are independent clusters; algorithm replicas are averaged within each environment cluster.
bounded-symbolic-construct-validation.v1-calibration,calibration,07dabc814e26f8ace0ae6cf86ab10cfd6558bc9f32d2f48a751c5694bf35381c,eac4823bf31745572c74e75b5f98978ed84471f5e602e2ce1076e0e43fcf366e,IND,novelty,9fa14e505d51ff85869dd15e3db54734ef9335f66aa7d8ec9efeec23fac3ce89,fded4a0f778fc9e4cf5c1b74df82effac115dfbd5829c7b80e1a579fd7d8aa24,12,information.shared_core_nats,192,576,3,0.0,0.0,0.0,0.0,0.0,0.0,0.0,0.0,0.963916597707066,exact-sign-median,3.501940922711103,4.126948395204691,Descriptive pooled summary: environment replicas are independent clusters; algorithm replicas are averaged within each environment cluster.
bounded-symbolic-construct-validation.v1-calibration,calibration,07dabc814e26f8ace0ae6cf86ab10cfd6558bc9f32d2f48a751c5694bf35381c,eac4823bf31745572c74e75b5f98978ed84471f5e602e2ce1076e0e43fcf366e,IND,novelty,9fa14e505d51ff85869dd15e3db54734ef9335f66aa7d8ec9efeec23fac3ce89,fded4a0f778fc9e4cf5c1b74df82effac115dfbd5829c7b80e1a579fd7d8aa24,12,information.total_acquired_nats,192,576,3,4.14077442804233,4.153431133332868,3.7891039422141923,4.158642888433059,0.0413161898585309,0.002981739167089063,4.152729284836913,4.155133678693656,0.963916597707066,exact-sign-median,3.501940922711103,4.126948395204691,Descriptive pooled summary: environment replicas are independent clusters; algorithm replicas are averaged within each environment cluster.
bounded-symbolic-construct-validation.v1-calibration,calibration,07dabc814e26f8ace0ae6cf86ab10cfd6558bc9f32d2f48a751c5694bf35381c,eac4823bf31745572c74e75b5f98978ed84471f5e602e2ce1076e0e43fcf366e,IND,novelty,9fa14e505d51ff85869dd15e3db54734ef9335f66aa7d8ec9efeec23fac3ce89,fded4a0f778fc9e4cf5c1b74df82effac115dfbd5829c7b80e1a579fd7d8aa24,12,novelty.aleatoric_observation_novelty,192,576,3,0.0,0.0,0.0,0.0,0.0,0.0,0.0,0.0,0.963916597707066,exact-sign-median,3.501940922711103,4.126948395204691,Descriptive pooled summary: environment replicas are independent clusters; algorithm replicas are averaged within each environment cluster.
bounded-symbolic-construct-validation.v1-calibration,calibration,07dabc814e26f8ace0ae6cf86ab10cfd6558bc9f32d2f48a751c5694bf35381c,eac4823bf31745572c74e75b5f98978ed84471f5e602e2ce1076e0e43fcf366e,IND,novelty,9fa14e505d51ff85869dd15e3db54734ef9335f66aa7d8ec9efeec23fac3ce89,fded4a0f778fc9e4cf5c1b74df82effac115dfbd5829c7b80e1a579fd7d8aa24,12,novelty.behavioral_novelty,192,576,3,0.9994212962962963,1.0,0.8888888888888888,1.0,0.008018753738744807,0.0005787037037037041,1.0,1.0,0.963916597707066,exact-sign-median,3.501940922711103,4.126948395204691,Descriptive pooled summary: environment replicas are independent clusters; algorithm replicas are averaged within each environment cluster.
bounded-symbolic-construct-validation.v1-calibration,calibration,07dabc814e26f8ace0ae6cf86ab10cfd6558bc9f32d2f48a751c5694bf35381c,eac4823bf31745572c74e75b5f98978ed84471f5e602e2ce1076e0e43fcf366e,IND,novelty,9fa14e505d51ff85869dd15e3db54734ef9335f66aa7d8ec9efeec23fac3ce89,fded4a0f778fc9e4cf5c1b74df82effac115dfbd5829c7b80e1a579fd7d8aa24,12,novelty.compression_improvement,192,576,3,4.14077442804233,4.153431133332868,3.7891039422141923,4.158642888433059,0.0413161898585309,0.002981739167089063,4.152729284836913,4.155133678693656,0.963916597707066,exact-sign-median,3.501940922711103,4.126948395204691,Descriptive pooled summary: environment replicas are independent clusters; algorithm replicas are averaged within each environment cluster.
bounded-symbolic-construct-validation.v1-calibration,calibration,07dabc814e26f8ace0ae6cf86ab10cfd6558bc9f32d2f48a751c5694bf35381c,eac4823bf31745572c74e75b5f98978ed84471f5e602e2ce1076e0e43fcf366e,IND,novelty,9fa14e505d51ff85869dd15e3db54734ef9335f66aa7d8ec9efeec23fac3ce89,fded4a0f778fc9e4cf5c1b74df82effac115dfbd5829c7b80e1a579fd7d8aa24,12,novelty.count_novelty,192,576,3,0.25,0.25,0.25,0.25,0.0,0.0,0.25,0.25,0.963916597707066,exact-sign-median,3.501940922711103,4.126948395204691,Descriptive pooled summary: environment replicas are independent clusters; algorithm replicas are averaged within each environment cluster.
bounded-symbolic-construct-validation.v1-calibration,calibration,07dabc814e26f8ace0ae6cf86ab10cfd6558bc9f32d2f48a751c5694bf35381c,eac4823bf31745572c74e75b5f98978ed84471f5e602e2ce1076e0e43fcf366e,IND,novelty,9fa14e505d51ff85869dd15e3db54734ef9335f66aa7d8ec9efeec23fac3ce89,fded4a0f778fc9e4cf5c1b74df82effac115dfbd5829c7b80e1a579fd7d8aa24,12,novelty.latent_visitation_novelty,192,576,3,1.0,1.0,1.0,1.0,0.0,0.0,1.0,1.0,0.963916597707066,exact-sign-median,3.501940922711103,4.126948395204691,Descriptive pooled summary: environment replicas are independent clusters; algorithm replicas are averaged within each environment cluster.
bounded-symbolic-construct-validation.v1-calibration,calibration,07dabc814e26f8ace0ae6cf86ab10cfd6558bc9f32d2f48a751c5694bf35381c,eac4823bf31745572c74e75b5f98978ed84471f5e602e2ce1076e0e43fcf366e,IND,novelty,9fa14e505d51ff85869dd15e3db54734ef9335f66aa7d8ec9efeec23fac3ce89,fded4a0f778fc9e4cf5c1b74df82effac115dfbd5829c7b80e1a579fd7d8aa24,12,novelty.observation_prediction_error,192,576,3,0.31555188394383044,0.3117224366988927,0.2850876631974459,0.44916853197065904,0.03538620777468211,0.0025537795730390936,0.28870276908965037,0.31451040346833653,0.963916597707066,exact-sign-median,3.501940922711103,4.126948395204691,Descriptive pooled summary: environment replicas are independent clusters; algorithm replicas are averaged within each environment cluster.
bounded-symbolic-construct-validation.v1-calibration,calibration,07dabc814e26f8ace0ae6cf86ab10cfd6558bc9f32d2f48a751c5694bf35381c,eac4823bf31745572c74e75b5f98978ed84471f5e602e2ce1076e0e43fcf366e,IND,novelty,9fa14e505d51ff85869dd15e3db54734ef9335f66aa7d8ec9efeec23fac3ce89,fded4a0f778fc9e4cf5c1b74df82effac115dfbd5829c7b80e1a579fd7d8aa24,12,novelty.persistent_trivia_novelty,192,576,3,0.0,0.0,0.0,0.0,0.0,0.0,0.0,0.0,0.963916597707066,exact-sign-median,3.501940922711103,4.126948395204691,Descriptive pooled summary: environment replicas are independent clusters; algorithm replicas are averaged within each environment cluster.
bounded-symbolic-construct-validation.v1-calibration,calibration,07dabc814e26f8ace0ae6cf86ab10cfd6558bc9f32d2f48a751c5694bf35381c,eac4823bf31745572c74e75b5f98978ed84471f5e602e2ce1076e0e43fcf366e,IND,novelty,9fa14e505d51ff85869dd15e3db54734ef9335f66aa7d8ec9efeec23fac3ce89,fded4a0f778fc9e4cf5c1b74df82effac115dfbd5829c7b80e1a579fd7d8aa24,12,public_reward,192,576,3,0.0,0.0,0.0,0.0,0.0,0.0,0.0,0.0,0.963916597707066,exact-sign-median,3.501940922711103,4.126948395204691,Descriptive pooled summary: environment replicas are independent clusters; algorithm replicas are averaged within each environment cluster.
bounded-symbolic-construct-validation.v1-calibration,calibration,07dabc814e26f8ace0ae6cf86ab10cfd6558bc9f32d2f48a751c5694bf35381c,eac4823bf31745572c74e75b5f98978ed84471f5e602e2ce1076e0e43fcf366e,IND,novelty,9fa14e505d51ff85869dd15e3db54734ef9335f66aa7d8ec9efeec23fac3ce89,fded4a0f778fc9e4cf5c1b74df82effac115dfbd5829c7b80e1a579fd7d8aa24,12,relevant_information_nats,192,576,3,4.14077442804233,4.153431133332868,3.789103942214192,4.158642888433059,0.04131618985853097,0.002981739167089068,4.152729284836913,4.155133678693656,0.963916597707066,exact-sign-median,3.501940922711103,4.126948395204691,Descriptive pooled summary: environment replicas are independent clusters; algorithm replicas are averaged within each environment cluster.
bounded-symbolic-construct-validation.v1-calibration,calibration,07dabc814e26f8ace0ae6cf86ab10cfd6558bc9f32d2f48a751c5694bf35381c,eac4823bf31745572c74e75b5f98978ed84471f5e602e2ce1076e0e43fcf366e,IND,novelty,9fa14e505d51ff85869dd15e3db54734ef9335f66aa7d8ec9efeec23fac3ce89,fded4a0f778fc9e4cf5c1b74df82effac115dfbd5829c7b80e1a579fd7d8aa24,12,support.abstentions,192,576,3,0.001736111111111111,0.0,0.0,0.3333333333333333,0.024056261216234404,0.001736111111111111,0.0,0.0,0.963916597707066,exact-sign-median,3.501940922711103,4.126948395204691,Descriptive pooled summary: environment replicas are independent clusters; algorithm replicas are averaged within each environment cluster.
bounded-symbolic-construct-validation.v1-calibration,calibration,07dabc814e26f8ace0ae6cf86ab10cfd6558bc9f32d2f48a751c5694bf35381c,eac4823bf31745572c74e75b5f98978ed84471f5e602e2ce1076e0e43fcf366e,IND,novelty,9fa14e505d51ff85869dd15e3db54734ef9335f66aa7d8ec9efeec23fac3ce89,fded4a0f778fc9e4cf5c1b74df82effac115dfbd5829c7b80e1a579fd7d8aa24,12,support.correct_deployments,192,576,3,2.9930555555555554,3.0,2.3333333333333335,3.0,0.05866790944793978,0.004233991664070078,3.0,3.0,0.963916597707066,exact-sign-median,3.501940922711103,4.126948395204691,Descriptive pooled summary: environment replicas are independent clusters; algorithm replicas are averaged within each environment cluster.
bounded-symbolic-construct-validation.v1-calibration,calibration,07dabc814e26f8ace0ae6cf86ab10cfd6558bc9f32d2f48a751c5694bf35381c,eac4823bf31745572c74e75b5f98978ed84471f5e602e2ce1076e0e43fcf366e,IND,novelty,9fa14e505d51ff85869dd15e3db54734ef9335f66aa7d8ec9efeec23fac3ce89,fded4a0f778fc9e4cf5c1b74df82effac115dfbd5829c7b80e1a579fd7d8aa24,12,support.deployment_support,192,576,3,2.998263888888889,3.0,2.6666666666666665,3.0,0.024056261216234418,0.001736111111111112,3.0,3.0,0.963916597707066,exact-sign-median,3.501940922711103,4.126948395204691,Descriptive pooled summary: environment replicas are independent clusters; algorithm replicas are averaged within each environment cluster.
bounded-symbolic-construct-validation.v1-calibration,calibration,07dabc814e26f8ace0ae6cf86ab10cfd6558bc9f32d2f48a751c5694bf35381c,eac4823bf31745572c74e75b5f98978ed84471f5e602e2ce1076e0e43fcf366e,IND,novelty,9fa14e505d51ff85869dd15e3db54734ef9335f66aa7d8ec9efeec23fac3ce89,fded4a0f778fc9e4cf5c1b74df82effac115dfbd5829c7b80e1a579fd7d8aa24,12,support.incorrect_deployments,192,576,3,0.005208333333333333,0.0,0.0,0.3333333333333333,0.041447942496253956,0.002991247594696044,0.0,0.0,0.963916597707066,exact-sign-median,3.501940922711103,4.126948395204691,Descriptive pooled summary: environment replicas are independent clusters; algorithm replicas are averaged within each environment cluster.
bounded-symbolic-construct-validation.v1-calibration,calibration,07dabc814e26f8ace0ae6cf86ab10cfd6558bc9f32d2f48a751c5694bf35381c,eac4823bf31745572c74e75b5f98978ed84471f5e602e2ce1076e0e43fcf366e,IND,novelty,9fa14e505d51ff85869dd15e3db54734ef9335f66aa7d8ec9efeec23fac3ce89,fded4a0f778fc9e4cf5c1b74df82effac115dfbd5829c7b80e1a579fd7d8aa24,12,support.mastered_independent_rules,192,576,3,2.9930555555555554,3.0,2.3333333333333335,3.0,0.05866790944793978,0.004233991664070078,3.0,3.0,0.963916597707066,exact-sign-median,3.501940922711103,4.126948395204691,Descriptive pooled summary: environment replicas are independent clusters; algorithm replicas are averaged within each environment cluster.
bounded-symbolic-construct-validation.v1-calibration,calibration,07dabc814e26f8ace0ae6cf86ab10cfd6558bc9f32d2f48a751c5694bf35381c,eac4823bf31745572c74e75b5f98978ed84471f5e602e2ce1076e0e43fcf366e,IND,novelty,9fa14e505d51ff85869dd15e3db54734ef9335f66aa7d8ec9efeec23fac3ce89,fded4a0f778fc9e4cf5c1b74df82effac115dfbd5829c7b80e1a579fd7d8aa24,12,total_information_nats,192,576,3,4.14077442804233,4.153431133332868,3.7891039422141923,4.158642888433059,0.0413161898585309,0.002981739167089063,4.152729284836913,4.155133678693656,0.963916597707066,exact-sign-median,3.501940922711103,4.126948395204691,Descriptive pooled summary: environment replicas are independent clusters; algorithm replicas are averaged within each environment cluster.
bounded-symbolic-construct-validation.v1-calibration,calibration,07dabc814e26f8ace0ae6cf86ab10cfd6558bc9f32d2f48a751c5694bf35381c,eac4823bf31745572c74e75b5f98978ed84471f5e602e2ce1076e0e43fcf366e,MIX,scheduled,a8c929d9e0938e32593534c794dbee9dbfa04af885890b23bf8621a018c75dd1,212aac92a1da8532e5972f40437fe5263d519fb358a0ec6fa63c804d134831ac,12,compute.deployment_evaluations,192,576,3,1.0,1.0,1.0,1.0,0.0,0.0,1.0,1.0,0.963916597707066,exact-sign-median,3.501940922711103,4.049392723971171,Descriptive pooled summary: environment replicas are independent clusters; algorithm replicas are averaged within each environment cluster.
bounded-symbolic-construct-validation.v1-calibration,calibration,07dabc814e26f8ace0ae6cf86ab10cfd6558bc9f32d2f48a751c5694bf35381c,eac4823bf31745572c74e75b5f98978ed84471f5e602e2ce1076e0e43fcf366e,MIX,scheduled,a8c929d9e0938e32593534c794dbee9dbfa04af885890b23bf8621a018c75dd1,212aac92a1da8532e5972f40437fe5263d519fb358a0ec6fa63c804d134831ac,12,compute.environment_steps,192,576,3,12.0,12.0,12.0,12.0,0.0,0.0,12.0,12.0,0.963916597707066,exact-sign-median,3.501940922711103,4.049392723971171,Descriptive pooled summary: environment replicas are independent clusters; algorithm replicas are averaged within each environment cluster.
bounded-symbolic-construct-validation.v1-calibration,calibration,07dabc814e26f8ace0ae6cf86ab10cfd6558bc9f32d2f48a751c5694bf35381c,eac4823bf31745572c74e75b5f98978ed84471f5e602e2ce1076e0e43fcf366e,MIX,scheduled,a8c929d9e0938e32593534c794dbee9dbfa04af885890b23bf8621a018c75dd1,212aac92a1da8532e5972f40437fe5263d519fb358a0ec6fa63c804d134831ac,12,compute.frontier_solver_calls,192,576,3,13.0,13.0,13.0,13.0,0.0,0.0,13.0,13.0,0.963916597707066,exact-sign-median,3.501940922711103,4.049392723971171,Descriptive pooled summary: environment replicas are independent clusters; algorithm replicas are averaged within each environment cluster.
bounded-symbolic-construct-validation.v1-calibration,calibration,07dabc814e26f8ace0ae6cf86ab10cfd6558bc9f32d2f48a751c5694bf35381c,eac4823bf31745572c74e75b5f98978ed84471f5e602e2ce1076e0e43fcf366e,MIX,scheduled,a8c929d9e0938e32593534c794dbee9dbfa04af885890b23bf8621a018c75dd1,212aac92a1da8532e5972f40437fe5263d519fb358a0ec6fa63c804d134831ac,12,compute.posterior_updates,192,576,3,12.0,12.0,12.0,12.0,0.0,0.0,12.0,12.0,0.963916597707066,exact-sign-median,3.501940922711103,4.049392723971171,Descriptive pooled summary: environment replicas are independent clusters; algorithm replicas are averaged within each environment cluster.
bounded-symbolic-construct-validation.v1-calibration,calibration,07dabc814e26f8ace0ae6cf86ab10cfd6558bc9f32d2f48a751c5694bf35381c,eac4823bf31745572c74e75b5f98978ed84471f5e602e2ce1076e0e43fcf366e,MIX,scheduled,a8c929d9e0938e32593534c794dbee9dbfa04af885890b23bf8621a018c75dd1,212aac92a1da8532e5972f40437fe5263d519fb358a0ec6fa63c804d134831ac,12,compute.queries,192,576,3,12.0,12.0,12.0,12.0,0.0,0.0,12.0,12.0,0.963916597707066,exact-sign-median,3.501940922711103,4.049392723971171,Descriptive pooled summary: environment replicas are independent clusters; algorithm replicas are averaged within each environment cluster.
bounded-symbolic-construct-validation.v1-calibration,calibration,07dabc814e26f8ace0ae6cf86ab10cfd6558bc9f32d2f48a751c5694bf35381c,eac4823bf31745572c74e75b5f98978ed84471f5e602e2ce1076e0e43fcf366e,MIX,scheduled,a8c929d9e0938e32593534c794dbee9dbfa04af885890b23bf8621a018c75dd1,212aac92a1da8532e5972f40437fe5263d519fb358a0ec6fa63c804d134831ac,12,distractor_information_nats,192,576,3,0.0,0.0,0.0,0.0,0.0,0.0,0.0,0.0,0.963916597707066,exact-sign-median,3.501940922711103,4.049392723971171,Descriptive pooled summary: environment replicas are independent clusters; algorithm replicas are averaged within each environment cluster.
bounded-symbolic-construct-validation.v1-calibration,calibration,07dabc814e26f8ace0ae6cf86ab10cfd6558bc9f32d2f48a751c5694bf35381c,eac4823bf31745572c74e75b5f98978ed84471f5e602e2ce1076e0e43fcf366e,MIX,scheduled,a8c929d9e0938e32593534c794dbee9dbfa04af885890b23bf8621a018c75dd1,212aac92a1da8532e5972f40437fe5263d519fb358a0ec6fa63c804d134831ac,12,expected_reward,192,576,3,2.9583333333333335,3.0,1.0,3.0,0.24714777853100314,0.017836354558061585,3.0,3.0,0.963916597707066,exact-sign-median,3.501940922711103,4.049392723971171,Descriptive pooled summary: environment replicas are independent clusters; algorithm replicas are averaged within each environment cluster.
bounded-symbolic-construct-validation.v1-calibration,calibration,07dabc814e26f8ace0ae6cf86ab10cfd6558bc9f32d2f48a751c5694bf35381c,eac4823bf31745572c74e75b5f98978ed84471f5e602e2ce1076e0e43fcf366e,MIX,scheduled,a8c929d9e0938e32593534c794dbee9dbfa04af885890b23bf8621a018c75dd1,212aac92a1da8532e5972f40437fe5263d519fb358a0ec6fa63c804d134831ac,12,hidden_expected_reward,192,576,3,2.9583333333333335,3.0,1.0,3.0,0.24714777853100314,0.017836354558061585,3.0,3.0,0.963916597707066,exact-sign-median,3.501940922711103,4.049392723971171,Descriptive pooled summary: environment replicas are independent clusters; algorithm replicas are averaged within each environment cluster.
bounded-symbolic-construct-validation.v1-calibration,calibration,07dabc814e26f8ace0ae6cf86ab10cfd6558bc9f32d2f48a751c5694bf35381c,eac4823bf31745572c74e75b5f98978ed84471f5e602e2ce1076e0e43fcf366e,MIX,scheduled,a8c929d9e0938e32593534c794dbee9dbfa04af885890b23bf8621a018c75dd1,212aac92a1da8532e5972f40437fe5263d519fb358a0ec6fa63c804d134831ac,12,information.approximation_residual_nats,192,576,3,0.0,0.0,0.0,0.0,0.0,0.0,0.0,0.0,0.963916597707066,exact-sign-median,3.501940922711103,4.049392723971171,Descriptive pooled summary: environment replicas are independent clusters; algorithm replicas are averaged within each environment cluster.
bounded-symbolic-construct-validation.v1-calibration,calibration,07dabc814e26f8ace0ae6cf86ab10cfd6558bc9f32d2f48a751c5694bf35381c,eac4823bf31745572c74e75b5f98978ed84471f5e602e2ce1076e0e43fcf366e,MIX,scheduled,a8c929d9e0938e32593534c794dbee9dbfa04af885890b23bf8621a018c75dd1,212aac92a1da8532e5972f40437fe5263d519fb358a0ec6fa63c804d134831ac,12,information.dynamic_state_nats,192,576,3,0.0,0.0,0.0,0.0,0.0,0.0,0.0,0.0,0.963916597707066,exact-sign-median,3.501940922711103,4.049392723971171,Descriptive pooled summary: environment replicas are independent clusters; algorithm replicas are averaged within each environment cluster.
bounded-symbolic-construct-validation.v1-calibration,calibration,07dabc814e26f8ace0ae6cf86ab10cfd6558bc9f32d2f48a751c5694bf35381c,eac4823bf31745572c74e75b5f98978ed84471f5e602e2ce1076e0e43fcf366e,MIX,scheduled,a8c929d9e0938e32593534c794dbee9dbfa04af885890b23bf8621a018c75dd1,212aac92a1da8532e5972f40437fe5263d519fb358a0ec6fa63c804d134831ac,12,information.persistent_distractor_nats,192,576,3,0.0,0.0,0.0,0.0,0.0,0.0,0.0,0.0,0.963916597707066,exact-sign-median,3.501940922711103,4.049392723971171,Descriptive pooled summary: environment replicas are independent clusters; algorithm replicas are averaged within each environment cluster.
bounded-symbolic-construct-validation.v1-calibration,calibration,07dabc814e26f8ace0ae6cf86ab10cfd6558bc9f32d2f48a751c5694bf35381c,eac4823bf31745572c74e75b5f98978ed84471f5e602e2ce1076e0e43fcf366e,MIX,scheduled,a8c929d9e0938e32593534c794dbee9dbfa04af885890b23bf8621a018c75dd1,212aac92a1da8532e5972f40437fe5263d519fb358a0ec6fa63c804d134831ac,12,information.reward_relevant_nats,192,576,3,2.7306728696530906,2.7703230468008435,1.3856878729412447,2.772428592288706,0.14585512727660244,0.010526187124479194,2.7703230468008435,2.770849470003951,0.963916597707066,exact-sign-median,3.501940922711103,4.049392723971171,Descriptive pooled summary: environment replicas are independent clusters; algorithm replicas are averaged within each environment cluster.
bounded-symbolic-construct-validation.v1-calibration,calibration,07dabc814e26f8ace0ae6cf86ab10cfd6558bc9f32d2f48a751c5694bf35381c,eac4823bf31745572c74e75b5f98978ed84471f5e602e2ce1076e0e43fcf366e,MIX,scheduled,a8c929d9e0938e32593534c794dbee9dbfa04af885890b23bf8621a018c75dd1,212aac92a1da8532e5972f40437fe5263d519fb358a0ec6fa63c804d134831ac,12,information.shared_core_nats,192,576,3,1.3780616355453092,1.3856878729412447,1.078142153777832,1.386214296144353,0.030048404202621698,0.00216855678188779,1.3856878729412447,1.386214296144353,0.963916597707066,exact-sign-median,3.501940922711103,4.049392723971171,Descriptive pooled summary: environment replicas are independent clusters; algorithm replicas are averaged within each environment cluster.
bounded-symbolic-construct-validation.v1-calibration,calibration,07dabc814e26f8ace0ae6cf86ab10cfd6558bc9f32d2f48a751c5694bf35381c,eac4823bf31745572c74e75b5f98978ed84471f5e602e2ce1076e0e43fcf366e,MIX,scheduled,a8c929d9e0938e32593534c794dbee9dbfa04af885890b23bf8621a018c75dd1,212aac92a1da8532e5972f40437fe5263d519fb358a0ec6fa63c804d134831ac,12,information.total_acquired_nats,192,576,3,4.1087345051984,4.156537342945196,2.7703230468008435,4.158642888433059,0.15394756685713418,0.011110208645756792,4.147218714108211,4.156537342945196,0.963916597707066,exact-sign-median,3.501940922711103,4.049392723971171,Descriptive pooled summary: environment replicas are independent clusters; algorithm replicas are averaged within each environment cluster.
bounded-symbolic-construct-validation.v1-calibration,calibration,07dabc814e26f8ace0ae6cf86ab10cfd6558bc9f32d2f48a751c5694bf35381c,eac4823bf31745572c74e75b5f98978ed84471f5e602e2ce1076e0e43fcf366e,MIX,scheduled,a8c929d9e0938e32593534c794dbee9dbfa04af885890b23bf8621a018c75dd1,212aac92a1da8532e5972f40437fe5263d519fb358a0ec6fa63c804d134831ac,12,novelty.aleatoric_observation_novelty,192,576,3,0.0,0.0,0.0,0.0,0.0,0.0,0.0,0.0,0.963916597707066,exact-sign-median,3.501940922711103,4.049392723971171,Descriptive pooled summary: environment replicas are independent clusters; algorithm replicas are averaged within each environment cluster.
bounded-symbolic-construct-validation.v1-calibration,calibration,07dabc814e26f8ace0ae6cf86ab10cfd6558bc9f32d2f48a751c5694bf35381c,eac4823bf31745572c74e75b5f98978ed84471f5e602e2ce1076e0e43fcf366e,MIX,scheduled,a8c929d9e0938e32593534c794dbee9dbfa04af885890b23bf8621a018c75dd1,212aac92a1da8532e5972f40437fe5263d519fb358a0ec6fa63c804d134831ac,12,novelty.behavioral_novelty,192,576,3,0.9930555555555555,1.0,0.6666666666666666,1.0,0.04773317993742029,0.0034448455357683062,1.0,1.0,0.963916597707066,exact-sign-median,3.501940922711103,4.049392723971171,Descriptive pooled summary: environment replicas are independent clusters; algorithm replicas are averaged within each environment cluster.
bounded-symbolic-construct-validation.v1-calibration,calibration,07dabc814e26f8ace0ae6cf86ab10cfd6558bc9f32d2f48a751c5694bf35381c,eac4823bf31745572c74e75b5f98978ed84471f5e602e2ce1076e0e43fcf366e,MIX,scheduled,a8c929d9e0938e32593534c794dbee9dbfa04af885890b23bf8621a018c75dd1,212aac92a1da8532e5972f40437fe5263d519fb358a0ec6fa63c804d134831ac,12,novelty.compression_improvement,192,576,3,4.1087345051984,4.156537342945196,2.7703230468008435,4.158642888433059,0.15394756685713418,0.011110208645756792,4.147218714108211,4.156537342945196,0.963916597707066,exact-sign-median,3.501940922711103,4.049392723971171,Descriptive pooled summary: environment replicas are independent clusters; algorithm replicas are averaged within each environment cluster.
bounded-symbolic-construct-validation.v1-calibration,calibration,07dabc814e26f8ace0ae6cf86ab10cfd6558bc9f32d2f48a751c5694bf35381c,eac4823bf31745572c74e75b5f98978ed84471f5e602e2ce1076e0e43fcf366e,MIX,scheduled,a8c929d9e0938e32593534c794dbee9dbfa04af885890b23bf8621a018c75dd1,212aac92a1da8532e5972f40437fe5263d519fb358a0ec6fa63c804d134831ac,12,novelty.count_novelty,192,576,3,0.25,0.25,0.25,0.25,0.0,0.0,0.25,0.25,0.963916597707066,exact-sign-median,3.501940922711103,4.049392723971171,Descriptive pooled summary: environment replicas are independent clusters; algorithm replicas are averaged within each environment cluster.
bounded-symbolic-construct-validation.v1-calibration,calibration,07dabc814e26f8ace0ae6cf86ab10cfd6558bc9f32d2f48a751c5694bf35381c,eac4823bf31745572c74e75b5f98978ed84471f5e602e2ce1076e0e43fcf366e,MIX,scheduled,a8c929d9e0938e32593534c794dbee9dbfa04af885890b23bf8621a018c75dd1,212aac92a1da8532e5972f40437fe5263d519fb358a0ec6fa63c804d134831ac,12,novelty.latent_visitation_novelty,192,576,3,1.0,1.0,1.0,1.0,0.0,0.0,1.0,1.0,0.963916597707066,exact-sign-median,3.501940922711103,4.049392723971171,Descriptive pooled summary: environment replicas are independent clusters; algorithm replicas are averaged within each environment cluster.
bounded-symbolic-construct-validation.v1-calibration,calibration,07dabc814e26f8ace0ae6cf86ab10cfd6558bc9f32d2f48a751c5694bf35381c,eac4823bf31745572c74e75b5f98978ed84471f5e602e2ce1076e0e43fcf366e,MIX,scheduled,a8c929d9e0938e32593534c794dbee9dbfa04af885890b23bf8621a018c75dd1,212aac92a1da8532e5972f40437fe5263d519fb358a0ec6fa63c804d134831ac,12,novelty.observation_prediction_error,192,576,3,0.31328691666193426,0.287935022512848,0.2850876631974459,0.4960156357735835,0.03638625832121186,0.002625952004569366,0.28783977638772584,0.324944577324494,0.963916597707066,exact-sign-median,3.501940922711103,4.049392723971171,Descriptive pooled summary: environment replicas are independent clusters; algorithm replicas are averaged within each environment cluster.
bounded-symbolic-construct-validation.v1-calibration,calibration,07dabc814e26f8ace0ae6cf86ab10cfd6558bc9f32d2f48a751c5694bf35381c,eac4823bf31745572c74e75b5f98978ed84471f5e602e2ce1076e0e43fcf366e,MIX,scheduled,a8c929d9e0938e32593534c794dbee9dbfa04af885890b23bf8621a018c75dd1,212aac92a1da8532e5972f40437fe5263d519fb358a0ec6fa63c804d134831ac,12,novelty.persistent_trivia_novelty,192,576,3,0.0,0.0,0.0,0.0,0.0,0.0,0.0,0.0,0.963916597707066,exact-sign-median,3.501940922711103,4.049392723971171,Descriptive pooled summary: environment replicas are independent clusters; algorithm replicas are averaged within each environment cluster.
bounded-symbolic-construct-validation.v1-calibration,calibration,07dabc814e26f8ace0ae6cf86ab10cfd6558bc9f32d2f48a751c5694bf35381c,eac4823bf31745572c74e75b5f98978ed84471f5e602e2ce1076e0e43fcf366e,MIX,scheduled,a8c929d9e0938e32593534c794dbee9dbfa04af885890b23bf8621a018c75dd1,212aac92a1da8532e5972f40437fe5263d519fb358a0ec6fa63c804d134831ac,12,public_reward,192,576,3,0.0,0.0,0.0,0.0,0.0,0.0,0.0,0.0,0.963916597707066,exact-sign-median,3.501940922711103,4.049392723971171,Descriptive pooled summary: environment replicas are independent clusters; algorithm replicas are averaged within each environment cluster.
bounded-symbolic-construct-validation.v1-calibration,calibration,07dabc814e26f8ace0ae6cf86ab10cfd6558bc9f32d2f48a751c5694bf35381c,eac4823bf31745572c74e75b5f98978ed84471f5e602e2ce1076e0e43fcf366e,MIX,scheduled,a8c929d9e0938e32593534c794dbee9dbfa04af885890b23bf8621a018c75dd1,212aac92a1da8532e5972f40437fe5263d519fb358a0ec6fa63c804d134831ac,12,relevant_information_nats,192,576,3,4.1087345051984,4.156537342945196,2.7703230468008435,4.158642888433059,0.15394756685713418,0.011110208645756792,4.14721871410821,4.156537342945196,0.963916597707066,exact-sign-median,3.501940922711103,4.049392723971171,Descriptive pooled summary: environment replicas are independent clusters; algorithm replicas are averaged within each environment cluster.
bounded-symbolic-construct-validation.v1-calibration,calibration,07dabc814e26f8ace0ae6cf86ab10cfd6558bc9f32d2f48a751c5694bf35381c,eac4823bf31745572c74e75b5f98978ed84471f5e602e2ce1076e0e43fcf366e,MIX,scheduled,a8c929d9e0938e32593534c794dbee9dbfa04af885890b23bf8621a018c75dd1,212aac92a1da8532e5972f40437fe5263d519fb358a0ec6fa63c804d134831ac,12,support.abstentions,192,576,3,0.020833333333333332,0.0,0.0,1.0,0.14319953981226086,0.010334536607304918,0.0,0.0,0.963916597707066,exact-sign-median,3.501940922711103,4.049392723971171,Descriptive pooled summary: environment replicas are independent clusters; algorithm replicas are averaged within each environment cluster.
bounded-symbolic-construct-validation.v1-calibration,calibration,07dabc814e26f8ace0ae6cf86ab10cfd6558bc9f32d2f48a751c5694bf35381c,eac4823bf31745572c74e75b5f98978ed84471f5e602e2ce1076e0e43fcf366e,MIX,scheduled,a8c929d9e0938e32593534c794dbee9dbfa04af885890b23bf8621a018c75dd1,212aac92a1da8532e5972f40437fe5263d519fb358a0ec6fa63c804d134831ac,12,support.correct_deployments,192,576,3,2.96875,3.0,2.0,3.0,0.17444751982408596,0.012589665316237326,3.0,3.0,0.963916597707066,exact-sign-median,3.501940922711103,4.049392723971171,Descriptive pooled summary: environment replicas are independent clusters; algorithm replicas are averaged within each environment cluster.
bounded-symbolic-construct-validation.v1-calibration,calibration,07dabc814e26f8ace0ae6cf86ab10cfd6558bc9f32d2f48a751c5694bf35381c,eac4823bf31745572c74e75b5f98978ed84471f5e602e2ce1076e0e43fcf366e,MIX,scheduled,a8c929d9e0938e32593534c794dbee9dbfa04af885890b23bf8621a018c75dd1,212aac92a1da8532e5972f40437fe5263d519fb358a0ec6fa63c804d134831ac,12,support.deployment_support,192,576,3,2.9791666666666665,3.0,2.0,3.0,0.14319953981226086,0.010334536607304918,3.0,3.0,0.963916597707066,exact-sign-median,3.501940922711103,4.049392723971171,Descriptive pooled summary: environment replicas are independent clusters; algorithm replicas are averaged within each environment cluster.
bounded-symbolic-construct-validation.v1-calibration,calibration,07dabc814e26f8ace0ae6cf86ab10cfd6558bc9f32d2f48a751c5694bf35381c,eac4823bf31745572c74e75b5f98978ed84471f5e602e2ce1076e0e43fcf366e,MIX,scheduled,a8c929d9e0938e32593534c794dbee9dbfa04af885890b23bf8621a018c75dd1,212aac92a1da8532e5972f40437fe5263d519fb358a0ec6fa63c804d134831ac,12,support.incorrect_deployments,192,576,3,0.010416666666666666,0.0,0.0,1.0,0.10179454378723674,0.007346388407199535,0.0,0.0,0.963916597707066,exact-sign-median,3.501940922711103,4.049392723971171,Descriptive pooled summary: environment replicas are independent clusters; algorithm replicas are averaged within each environment cluster.
bounded-symbolic-construct-validation.v1-calibration,calibration,07dabc814e26f8ace0ae6cf86ab10cfd6558bc9f32d2f48a751c5694bf35381c,eac4823bf31745572c74e75b5f98978ed84471f5e602e2ce1076e0e43fcf366e,MIX,scheduled,a8c929d9e0938e32593534c794dbee9dbfa04af885890b23bf8621a018c75dd1,212aac92a1da8532e5972f40437fe5263d519fb358a0ec6fa63c804d134831ac,12,support.mastered_independent_rules,192,576,3,1.96875,2.0,1.0,2.0,0.17444751982408596,0.012589665316237326,2.0,2.0,0.963916597707066,exact-sign-median,3.501940922711103,4.049392723971171,Descriptive pooled summary: environment replicas are independent clusters; algorithm replicas are averaged within each environment cluster.
bounded-symbolic-construct-validation.v1-calibration,calibration,07dabc814e26f8ace0ae6cf86ab10cfd6558bc9f32d2f48a751c5694bf35381c,eac4823bf31745572c74e75b5f98978ed84471f5e602e2ce1076e0e43fcf366e,MIX,scheduled,a8c929d9e0938e32593534c794dbee9dbfa04af885890b23bf8621a018c75dd1,212aac92a1da8532e5972f40437fe5263d519fb358a0ec6fa63c804d134831ac,12,total_information_nats,192,576,3,4.1087345051984,4.156537342945196,2.7703230468008435,4.158642888433059,0.15394756685713418,0.011110208645756792,4.147218714108211,4.156537342945196,0.963916597707066,exact-sign-median,3.501940922711103,4.049392723971171,Descriptive pooled summary: environment replicas are independent clusters; algorithm replicas are averaged within each environment cluster.
bounded-symbolic-construct-validation.v1-calibration,calibration,07dabc814e26f8ace0ae6cf86ab10cfd6558bc9f32d2f48a751c5694bf35381c,eac4823bf31745572c74e75b5f98978ed84471f5e602e2ce1076e0e43fcf366e,MIX,reward,a8c929d9e0938e32593534c794dbee9dbfa04af885890b23bf8621a018c75dd1,57ca2562042148839b133aec8c82c555375df8c666bac3d5b85a10d89f557416,12,compute.deployment_evaluations,192,576,3,1.0,1.0,1.0,1.0,0.0,0.0,1.0,1.0,0.963916597707066,exact-sign-median,3.501940922711103,4.0722032155104415,Descriptive pooled summary: environment replicas are independent clusters; algorithm replicas are averaged within each environment cluster.
bounded-symbolic-construct-validation.v1-calibration,calibration,07dabc814e26f8ace0ae6cf86ab10cfd6558bc9f32d2f48a751c5694bf35381c,eac4823bf31745572c74e75b5f98978ed84471f5e602e2ce1076e0e43fcf366e,MIX,reward,a8c929d9e0938e32593534c794dbee9dbfa04af885890b23bf8621a018c75dd1,57ca2562042148839b133aec8c82c555375df8c666bac3d5b85a10d89f557416,12,compute.environment_steps,192,576,3,12.0,12.0,12.0,12.0,0.0,0.0,12.0,12.0,0.963916597707066,exact-sign-median,3.501940922711103,4.0722032155104415,Descriptive pooled summary: environment replicas are independent clusters; algorithm replicas are averaged within each environment cluster.
bounded-symbolic-construct-validation.v1-calibration,calibration,07dabc814e26f8ace0ae6cf86ab10cfd6558bc9f32d2f48a751c5694bf35381c,eac4823bf31745572c74e75b5f98978ed84471f5e602e2ce1076e0e43fcf366e,MIX,reward,a8c929d9e0938e32593534c794dbee9dbfa04af885890b23bf8621a018c75dd1,57ca2562042148839b133aec8c82c555375df8c666bac3d5b85a10d89f557416,12,compute.frontier_solver_calls,192,576,3,13.0,13.0,13.0,13.0,0.0,0.0,13.0,13.0,0.963916597707066,exact-sign-median,3.501940922711103,4.0722032155104415,Descriptive pooled summary: environment replicas are independent clusters; algorithm replicas are averaged within each environment cluster.
bounded-symbolic-construct-validation.v1-calibration,calibration,07dabc814e26f8ace0ae6cf86ab10cfd6558bc9f32d2f48a751c5694bf35381c,eac4823bf31745572c74e75b5f98978ed84471f5e602e2ce1076e0e43fcf366e,MIX,reward,a8c929d9e0938e32593534c794dbee9dbfa04af885890b23bf8621a018c75dd1,57ca2562042148839b133aec8c82c555375df8c666bac3d5b85a10d89f557416,12,compute.posterior_updates,192,576,3,7.484375,7.0,6.0,12.0,1.7601328227751323,0.1270266448798398,6.0,7.333333333333333,0.963916597707066,exact-sign-median,3.501940922711103,4.0722032155104415,Descriptive pooled summary: environment replicas are independent clusters; algorithm replicas are averaged within each environment cluster.
bounded-symbolic-construct-validation.v1-calibration,calibration,07dabc814e26f8ace0ae6cf86ab10cfd6558bc9f32d2f48a751c5694bf35381c,eac4823bf31745572c74e75b5f98978ed84471f5e602e2ce1076e0e43fcf366e,MIX,reward,a8c929d9e0938e32593534c794dbee9dbfa04af885890b23bf8621a018c75dd1,57ca2562042148839b133aec8c82c555375df8c666bac3d5b85a10d89f557416,12,compute.queries,192,576,3,7.484375,7.0,6.0,12.0,1.7601328227751323,0.1270266448798398,6.0,7.333333333333333,0.963916597707066,exact-sign-median,3.501940922711103,4.0722032155104415,Descriptive pooled summary: environment replicas are independent clusters; algorithm replicas are averaged within each environment cluster.
bounded-symbolic-construct-validation.v1-calibration,calibration,07dabc814e26f8ace0ae6cf86ab10cfd6558bc9f32d2f48a751c5694bf35381c,eac4823bf31745572c74e75b5f98978ed84471f5e602e2ce1076e0e43fcf366e,MIX,reward,a8c929d9e0938e32593534c794dbee9dbfa04af885890b23bf8621a018c75dd1,57ca2562042148839b133aec8c82c555375df8c666bac3d5b85a10d89f557416,12,distractor_information_nats,192,576,3,0.0,0.0,0.0,0.0,0.0,0.0,0.0,0.0,0.963916597707066,exact-sign-median,3.501940922711103,4.0722032155104415,Descriptive pooled summary: environment replicas are independent clusters; algorithm replicas are averaged within each environment cluster.
bounded-symbolic-construct-validation.v1-calibration,calibration,07dabc814e26f8ace0ae6cf86ab10cfd6558bc9f32d2f48a751c5694bf35381c,eac4823bf31745572c74e75b5f98978ed84471f5e602e2ce1076e0e43fcf366e,MIX,reward,a8c929d9e0938e32593534c794dbee9dbfa04af885890b23bf8621a018c75dd1,57ca2562042148839b133aec8c82c555375df8c666bac3d5b85a10d89f557416,12,expected_reward,192,576,3,2.967013888888889,3.0,1.6666666666666667,3.0,0.17906711860333843,0.012923056141081012,3.0,3.0,0.963916597707066,exact-sign-median,3.501940922711103,4.0722032155104415,Descriptive pooled summary: environment replicas are independent clusters; algorithm replicas are averaged within each environment cluster.
bounded-symbolic-construct-validation.v1-calibration,calibration,07dabc814e26f8ace0ae6cf86ab10cfd6558bc9f32d2f48a751c5694bf35381c,eac4823bf31745572c74e75b5f98978ed84471f5e602e2ce1076e0e43fcf366e,MIX,reward,a8c929d9e0938e32593534c794dbee9dbfa04af885890b23bf8621a018c75dd1,57ca2562042148839b133aec8c82c555375df8c666bac3d5b85a10d89f557416,12,hidden_expected_reward,192,576,3,2.967013888888889,3.0,1.6666666666666667,3.0,0.17906711860333843,0.012923056141081012,3.0,3.0,0.963916597707066,exact-sign-median,3.501940922711103,4.0722032155104415,Descriptive pooled summary: environment replicas are independent clusters; algorithm replicas are averaged within each environment cluster.
bounded-symbolic-construct-validation.v1-calibration,calibration,07dabc814e26f8ace0ae6cf86ab10cfd6558bc9f32d2f48a751c5694bf35381c,eac4823bf31745572c74e75b5f98978ed84471f5e602e2ce1076e0e43fcf366e,MIX,reward,a8c929d9e0938e32593534c794dbee9dbfa04af885890b23bf8621a018c75dd1,57ca2562042148839b133aec8c82c555375df8c666bac3d5b85a10d89f557416,12,information.approximation_residual_nats,192,576,3,0.0,0.0,0.0,0.0,0.0,0.0,0.0,0.0,0.963916597707066,exact-sign-median,3.501940922711103,4.0722032155104415,Descriptive pooled summary: environment replicas are independent clusters; algorithm replicas are averaged within each environment cluster.
bounded-symbolic-construct-validation.v1-calibration,calibration,07dabc814e26f8ace0ae6cf86ab10cfd6558bc9f32d2f48a751c5694bf35381c,eac4823bf31745572c74e75b5f98978ed84471f5e602e2ce1076e0e43fcf366e,MIX,reward,a8c929d9e0938e32593534c794dbee9dbfa04af885890b23bf8621a018c75dd1,57ca2562042148839b133aec8c82c555375df8c666bac3d5b85a10d89f557416,12,information.dynamic_state_nats,192,576,3,0.0,0.0,0.0,0.0,0.0,0.0,0.0,0.0,0.963916597707066,exact-sign-median,3.501940922711103,4.0722032155104415,Descriptive pooled summary: environment replicas are independent clusters; algorithm replicas are averaged within each environment cluster.
bounded-symbolic-construct-validation.v1-calibration,calibration,07dabc814e26f8ace0ae6cf86ab10cfd6558bc9f32d2f48a751c5694bf35381c,eac4823bf31745572c74e75b5f98978ed84471f5e602e2ce1076e0e43fcf366e,MIX,reward,a8c929d9e0938e32593534c794dbee9dbfa04af885890b23bf8621a018c75dd1,57ca2562042148839b133aec8c82c555375df8c666bac3d5b85a10d89f557416,12,information.persistent_distractor_nats,192,576,3,0.0,0.0,0.0,0.0,0.0,0.0,0.0,0.0,0.963916597707066,exact-sign-median,3.501940922711103,4.0722032155104415,Descriptive pooled summary: environment replicas are independent clusters; algorithm replicas are averaged within each environment cluster.
bounded-symbolic-construct-validation.v1-calibration,calibration,07dabc814e26f8ace0ae6cf86ab10cfd6558bc9f32d2f48a751c5694bf35381c,eac4823bf31745572c74e75b5f98978ed84471f5e602e2ce1076e0e43fcf366e,MIX,reward,a8c929d9e0938e32593534c794dbee9dbfa04af885890b23bf8621a018c75dd1,57ca2562042148839b133aec8c82c555375df8c666bac3d5b85a10d89f557416,12,information.reward_relevant_nats,192,576,3,2.714661052509499,2.710345045777027,2.4239768308133827,2.7599516206681938,0.023567169810779772,0.0017008139792864154,2.710345045777027,2.710345045777027,0.963916597707066,exact-sign-median,3.501940922711103,4.0722032155104415,Descriptive pooled summary: environment replicas are independent clusters; algorithm replicas are averaged within each environment cluster.
bounded-symbolic-construct-validation.v1-calibration,calibration,07dabc814e26f8ace0ae6cf86ab10cfd6558bc9f32d2f48a751c5694bf35381c,eac4823bf31745572c74e75b5f98978ed84471f5e602e2ce1076e0e43fcf366e,MIX,reward,a8c929d9e0938e32593534c794dbee9dbfa04af885890b23bf8621a018c75dd1,57ca2562042148839b133aec8c82c555375df8c666bac3d5b85a10d89f557416,12,information.shared_core_nats,192,576,3,1.358770287667613,1.3551725228885134,1.2760909739540187,1.3851614988486896,0.010844092768203879,0.000782604984854973,1.3551725228885134,1.3551725228885134,0.963916597707066,exact-sign-median,3.501940922711103,4.0722032155104415,Descriptive pooled summary: environment replicas are independent clusters; algorithm replicas are averaged within each environment cluster.
bounded-symbolic-construct-validation.v1-calibration,calibration,07dabc814e26f8ace0ae6cf86ab10cfd6558bc9f32d2f48a751c5694bf35381c,eac4823bf31745572c74e75b5f98978ed84471f5e602e2ce1076e0e43fcf366e,MIX,reward,a8c929d9e0938e32593534c794dbee9dbfa04af885890b23bf8621a018c75dd1,57ca2562042148839b133aec8c82c555375df8c666bac3d5b85a10d89f557416,12,information.total_acquired_nats,192,576,3,4.0734313401771125,4.072056768309204,3.7000678047674014,4.115124143556708,0.03044053288174374,0.0021968562316938005,4.065517568665539,4.078595967952867,0.963916597707066,exact-sign-median,3.501940922711103,4.0722032155104415,Descriptive pooled summary: environment replicas are independent clusters; algorithm replicas are averaged within each environment cluster.
bounded-symbolic-construct-validation.v1-calibration,calibration,07dabc814e26f8ace0ae6cf86ab10cfd6558bc9f32d2f48a751c5694bf35381c,eac4823bf31745572c74e75b5f98978ed84471f5e602e2ce1076e0e43fcf366e,MIX,reward,a8c929d9e0938e32593534c794dbee9dbfa04af885890b23bf8621a018c75dd1,57ca2562042148839b133aec8c82c555375df8c666bac3d5b85a10d89f557416,12,novelty.aleatoric_observation_novelty,192,576,3,0.0,0.0,0.0,0.0,0.0,0.0,0.0,0.0,0.963916597707066,exact-sign-median,3.501940922711103,4.0722032155104415,Descriptive pooled summary: environment replicas are independent clusters; algorithm replicas are averaged within each environment cluster.
bounded-symbolic-construct-validation.v1-calibration,calibration,07dabc814e26f8ace0ae6cf86ab10cfd6558bc9f32d2f48a751c5694bf35381c,eac4823bf31745572c74e75b5f98978ed84471f5e602e2ce1076e0e43fcf366e,MIX,reward,a8c929d9e0938e32593534c794dbee9dbfa04af885890b23bf8621a018c75dd1,57ca2562042148839b133aec8c82c555375df8c666bac3d5b85a10d89f557416,12,novelty.behavioral_novelty,192,576,3,0.9994212962962963,1.0,0.8888888888888888,1.0,0.008018753738744807,0.0005787037037037041,1.0,1.0,0.963916597707066,exact-sign-median,3.501940922711103,4.0722032155104415,Descriptive pooled summary: environment replicas are independent clusters; algorithm replicas are averaged within each environment cluster.
bounded-symbolic-construct-validation.v1-calibration,calibration,07dabc814e26f8ace0ae6cf86ab10cfd6558bc9f32d2f48a751c5694bf35381c,eac4823bf31745572c74e75b5f98978ed84471f5e602e2ce1076e0e43fcf366e,MIX,reward,a8c929d9e0938e32593534c794dbee9dbfa04af885890b23bf8621a018c75dd1,57ca2562042148839b133aec8c82c555375df8c666bac3d5b85a10d89f557416,12,novelty.compression_improvement,192,576,3,4.0734313401771125,4.072056768309204,3.7000678047674014,4.115124143556708,0.03044053288174374,0.0021968562316938005,4.065517568665539,4.078595967952867,0.963916597707066,exact-sign-median,3.501940922711103,4.0722032155104415,Descriptive pooled summary: environment replicas are independent clusters; algorithm replicas are averaged within each environment cluster.
bounded-symbolic-construct-validation.v1-calibration,calibration,07dabc814e26f8ace0ae6cf86ab10cfd6558bc9f32d2f48a751c5694bf35381c,eac4823bf31745572c74e75b5f98978ed84471f5e602e2ce1076e0e43fcf366e,MIX,reward,a8c929d9e0938e32593534c794dbee9dbfa04af885890b23bf8621a018c75dd1,57ca2562042148839b133aec8c82c555375df8c666bac3d5b85a10d89f557416,12,novelty.count_novelty,192,576,3,0.4236545138888889,0.4458333333333333,0.25,0.5,0.08291348830043177,0.005983765598713146,0.4166666666666667,0.5,0.963916597707066,exact-sign-median,3.501940922711103,4.0722032155104415,Descriptive pooled summary: environment replicas are independent clusters; algorithm replicas are averaged within each environment cluster.
bounded-symbolic-construct-validation.v1-calibration,calibration,07dabc814e26f8ace0ae6cf86ab10cfd6558bc9f32d2f48a751c5694bf35381c,eac4823bf31745572c74e75b5f98978ed84471f5e602e2ce1076e0e43fcf366e,MIX,reward,a8c929d9e0938e32593534c794dbee9dbfa04af885890b23bf8621a018c75dd1,57ca2562042148839b133aec8c82c555375df8c666bac3d5b85a10d89f557416,12,novelty.latent_visitation_novelty,192,576,3,1.0,1.0,1.0,1.0,0.0,0.0,1.0,1.0,0.963916597707066,exact-sign-median,3.501940922711103,4.0722032155104415,Descriptive pooled summary: environment replicas are independent clusters; algorithm replicas are averaged within each environment cluster.
bounded-symbolic-construct-validation.v1-calibration,calibration,07dabc814e26f8ace0ae6cf86ab10cfd6558bc9f32d2f48a751c5694bf35381c,eac4823bf31745572c74e75b5f98978ed84471f5e602e2ce1076e0e43fcf366e,MIX,reward,a8c929d9e0938e32593534c794dbee9dbfa04af885890b23bf8621a018c75dd1,57ca2562042148839b133aec8c82c555375df8c666bac3d5b85a10d89f557416,12,novelty.observation_prediction_error,192,576,3,0.4477002814307744,0.4577208453742096,0.3533889490773537,0.46833333333333343,0.02546072455252294,0.0018374695217702544,0.44710835741508564,0.46833333333333343,0.963916597707066,exact-sign-median,3.501940922711103,4.0722032155104415,Descriptive pooled summary: environment replicas are independent clusters; algorithm replicas are averaged within each environment cluster.
bounded-symbolic-construct-validation.v1-calibration,calibration,07dabc814e26f8ace0ae6cf86ab10cfd6558bc9f32d2f48a751c5694bf35381c,eac4823bf31745572c74e75b5f98978ed84471f5e602e2ce1076e0e43fcf366e,MIX,reward,a8c929d9e0938e32593534c794dbee9dbfa04af885890b23bf8621a018c75dd1,57ca2562042148839b133aec8c82c555375df8c666bac3d5b85a10d89f557416,12,novelty.persistent_trivia_novelty,192,576,3,0.0,0.0,0.0,0.0,0.0,0.0,0.0,0.0,0.963916597707066,exact-sign-median,3.501940922711103,4.0722032155104415,Descriptive pooled summary: environment replicas are independent clusters; algorithm replicas are averaged within each environment cluster.
bounded-symbolic-construct-validation.v1-calibration,calibration,07dabc814e26f8ace0ae6cf86ab10cfd6558bc9f32d2f48a751c5694bf35381c,eac4823bf31745572c74e75b5f98978ed84471f5e602e2ce1076e0e43fcf366e,MIX,reward,a8c929d9e0938e32593534c794dbee9dbfa04af885890b23bf8621a018c75dd1,57ca2562042148839b133aec8c82c555375df8c666bac3d5b85a10d89f557416,12,public_reward,192,576,3,0.0,0.0,0.0,0.0,0.0,0.0,0.0,0.0,0.963916597707066,exact-sign-median,3.501940922711103,4.0722032155104415,Descriptive pooled summary: environment replicas are independent clusters; algorithm replicas are averaged within each environment cluster.
bounded-symbolic-construct-validation.v1-calibration,calibration,07dabc814e26f8ace0ae6cf86ab10cfd6558bc9f32d2f48a751c5694bf35381c,eac4823bf31745572c74e75b5f98978ed84471f5e602e2ce1076e0e43fcf366e,MIX,reward,a8c929d9e0938e32593534c794dbee9dbfa04af885890b23bf8621a018c75dd1,57ca2562042148839b133aec8c82c555375df8c666bac3d5b85a10d89f557416,12,relevant_information_nats,192,576,3,4.0734313401771125,4.072056768309204,3.7000678047674014,4.115124143556707,0.030440532881743625,0.0021968562316937923,4.06551756866554,4.078595967952867,0.963916597707066,exact-sign-median,3.501940922711103,4.0722032155104415,Descriptive pooled summary: environment replicas are independent clusters; algorithm replicas are averaged within each environment cluster.
bounded-symbolic-construct-validation.v1-calibration,calibration,07dabc814e26f8ace0ae6cf86ab10cfd6558bc9f32d2f48a751c5694bf35381c,eac4823bf31745572c74e75b5f98978ed84471f5e602e2ce1076e0e43fcf366e,MIX,reward,a8c929d9e0938e32593534c794dbee9dbfa04af885890b23bf8621a018c75dd1,57ca2562042148839b133aec8c82c555375df8c666bac3d5b85a10d89f557416,12,support.abstentions,192,576,3,0.001736111111111111,0.0,0.0,0.3333333333333333,0.024056261216234404,0.001736111111111111,0.0,0.0,0.963916597707066,exact-sign-median,3.501940922711103,4.0722032155104415,Descriptive pooled summary: environment replicas are independent clusters; algorithm replicas are averaged within each environment cluster.
bounded-symbolic-construct-validation.v1-calibration,calibration,07dabc814e26f8ace0ae6cf86ab10cfd6558bc9f32d2f48a751c5694bf35381c,eac4823bf31745572c74e75b5f98978ed84471f5e602e2ce1076e0e43fcf366e,MIX,reward,a8c929d9e0938e32593534c794dbee9dbfa04af885890b23bf8621a018c75dd1,57ca2562042148839b133aec8c82c555375df8c666bac3d5b85a10d89f557416,12,support.correct_deployments,192,576,3,2.982638888888889,3.0,2.3333333333333335,3.0,0.0948933655432378,0.0068483387675872375,3.0,3.0,0.963916597707066,exact-sign-median,3.501940922711103,4.0722032155104415,Descriptive pooled summary: environment replicas are independent clusters; algorithm replicas are averaged within each environment cluster.
bounded-symbolic-construct-validation.v1-calibration,calibration,07dabc814e26f8ace0ae6cf86ab10cfd6558bc9f32d2f48a751c5694bf35381c,eac4823bf31745572c74e75b5f98978ed84471f5e602e2ce1076e0e43fcf366e,MIX,reward,a8c929d9e0938e32593534c794dbee9dbfa04af885890b23bf8621a018c75dd1,57ca2562042148839b133aec8c82c555375df8c666bac3d5b85a10d89f557416,12,support.deployment_support,192,576,3,2.998263888888889,3.0,2.6666666666666665,3.0,0.024056261216234418,0.001736111111111112,3.0,3.0,0.963916597707066,exact-sign-median,3.501940922711103,4.0722032155104415,Descriptive pooled summary: environment replicas are independent clusters; algorithm replicas are averaged within each environment cluster.
bounded-symbolic-construct-validation.v1-calibration,calibration,07dabc814e26f8ace0ae6cf86ab10cfd6558bc9f32d2f48a751c5694bf35381c,eac4823bf31745572c74e75b5f98978ed84471f5e602e2ce1076e0e43fcf366e,MIX,reward,a8c929d9e0938e32593534c794dbee9dbfa04af885890b23bf8621a018c75dd1,57ca2562042148839b133aec8c82c555375df8c666bac3d5b85a10d89f557416,12,support.incorrect_deployments,192,576,3,0.015625,0.0,0.0,0.6666666666666666,0.08554015145053424,0.0061733286833109136,0.0,0.0,0.963916597707066,exact-sign-median,3.501940922711103,4.0722032155104415,Descriptive pooled summary: environment replicas are independent clusters; algorithm replicas are averaged within each environment cluster.
bounded-symbolic-construct-validation.v1-calibration,calibration,07dabc814e26f8ace0ae6cf86ab10cfd6558bc9f32d2f48a751c5694bf35381c,eac4823bf31745572c74e75b5f98978ed84471f5e602e2ce1076e0e43fcf366e,MIX,reward,a8c929d9e0938e32593534c794dbee9dbfa04af885890b23bf8621a018c75dd1,57ca2562042148839b133aec8c82c555375df8c666bac3d5b85a10d89f557416,12,support.mastered_independent_rules,192,576,3,1.9895833333333333,2.0,1.3333333333333333,2.0,0.07555303181631813,0.005452570407155455,2.0,2.0,0.963916597707066,exact-sign-median,3.501940922711103,4.0722032155104415,Descriptive pooled summary: environment replicas are independent clusters; algorithm replicas are averaged within each environment cluster.
bounded-symbolic-construct-validation.v1-calibration,calibration,07dabc814e26f8ace0ae6cf86ab10cfd6558bc9f32d2f48a751c5694bf35381c,eac4823bf31745572c74e75b5f98978ed84471f5e602e2ce1076e0e43fcf366e,MIX,reward,a8c929d9e0938e32593534c794dbee9dbfa04af885890b23bf8621a018c75dd1,57ca2562042148839b133aec8c82c555375df8c666bac3d5b85a10d89f557416,12,total_information_nats,192,576,3,4.0734313401771125,4.072056768309204,3.7000678047674014,4.115124143556708,0.03044053288174374,0.0021968562316938005,4.065517568665539,4.078595967952867,0.963916597707066,exact-sign-median,3.501940922711103,4.0722032155104415,Descriptive pooled summary: environment replicas are independent clusters; algorithm replicas are averaged within each environment cluster.
bounded-symbolic-construct-validation.v1-calibration,calibration,07dabc814e26f8ace0ae6cf86ab10cfd6558bc9f32d2f48a751c5694bf35381c,eac4823bf31745572c74e75b5f98978ed84471f5e602e2ce1076e0e43fcf366e,MIX,relevant-information,a8c929d9e0938e32593534c794dbee9dbfa04af885890b23bf8621a018c75dd1,861f07a9aadf16023896b000a1054fb2060a2afb3cffe8500f5257b21f78c8d9,12,compute.deployment_evaluations,192,576,3,1.0,1.0,1.0,1.0,0.0,0.0,1.0,1.0,0.963916597707066,exact-sign-median,3.501940922711103,4.131510493512547,Descriptive pooled summary: environment replicas are independent clusters; algorithm replicas are averaged within each environment cluster.
bounded-symbolic-construct-validation.v1-calibration,calibration,07dabc814e26f8ace0ae6cf86ab10cfd6558bc9f32d2f48a751c5694bf35381c,eac4823bf31745572c74e75b5f98978ed84471f5e602e2ce1076e0e43fcf366e,MIX,relevant-information,a8c929d9e0938e32593534c794dbee9dbfa04af885890b23bf8621a018c75dd1,861f07a9aadf16023896b000a1054fb2060a2afb3cffe8500f5257b21f78c8d9,12,compute.environment_steps,192,576,3,12.0,12.0,12.0,12.0,0.0,0.0,12.0,12.0,0.963916597707066,exact-sign-median,3.501940922711103,4.131510493512547,Descriptive pooled summary: environment replicas are independent clusters; algorithm replicas are averaged within each environment cluster.
bounded-symbolic-construct-validation.v1-calibration,calibration,07dabc814e26f8ace0ae6cf86ab10cfd6558bc9f32d2f48a751c5694bf35381c,eac4823bf31745572c74e75b5f98978ed84471f5e602e2ce1076e0e43fcf366e,MIX,relevant-information,a8c929d9e0938e32593534c794dbee9dbfa04af885890b23bf8621a018c75dd1,861f07a9aadf16023896b000a1054fb2060a2afb3cffe8500f5257b21f78c8d9,12,compute.frontier_solver_calls,192,576,3,13.0,13.0,13.0,13.0,0.0,0.0,13.0,13.0,0.963916597707066,exact-sign-median,3.501940922711103,4.131510493512547,Descriptive pooled summary: environment replicas are independent clusters; algorithm replicas are averaged within each environment cluster.
bounded-symbolic-construct-validation.v1-calibration,calibration,07dabc814e26f8ace0ae6cf86ab10cfd6558bc9f32d2f48a751c5694bf35381c,eac4823bf31745572c74e75b5f98978ed84471f5e602e2ce1076e0e43fcf366e,MIX,relevant-information,a8c929d9e0938e32593534c794dbee9dbfa04af885890b23bf8621a018c75dd1,861f07a9aadf16023896b000a1054fb2060a2afb3cffe8500f5257b21f78c8d9,12,compute.posterior_updates,192,576,3,12.0,12.0,12.0,12.0,0.0,0.0,12.0,12.0,0.963916597707066,exact-sign-median,3.501940922711103,4.131510493512547,Descriptive pooled summary: environment replicas are independent clusters; algorithm replicas are averaged within each environment cluster.
bounded-symbolic-construct-validation.v1-calibration,calibration,07dabc814e26f8ace0ae6cf86ab10cfd6558bc9f32d2f48a751c5694bf35381c,eac4823bf31745572c74e75b5f98978ed84471f5e602e2ce1076e0e43fcf366e,MIX,relevant-information,a8c929d9e0938e32593534c794dbee9dbfa04af885890b23bf8621a018c75dd1,861f07a9aadf16023896b000a1054fb2060a2afb3cffe8500f5257b21f78c8d9,12,compute.queries,192,576,3,12.0,12.0,12.0,12.0,0.0,0.0,12.0,12.0,0.963916597707066,exact-sign-median,3.501940922711103,4.131510493512547,Descriptive pooled summary: environment replicas are independent clusters; algorithm replicas are averaged within each environment cluster.
bounded-symbolic-construct-validation.v1-calibration,calibration,07dabc814e26f8ace0ae6cf86ab10cfd6558bc9f32d2f48a751c5694bf35381c,eac4823bf31745572c74e75b5f98978ed84471f5e602e2ce1076e0e43fcf366e,MIX,relevant-information,a8c929d9e0938e32593534c794dbee9dbfa04af885890b23bf8621a018c75dd1,861f07a9aadf16023896b000a1054fb2060a2afb3cffe8500f5257b21f78c8d9,12,distractor_information_nats,192,576,3,0.0,0.0,0.0,0.0,0.0,0.0,0.0,0.0,0.963916597707066,exact-sign-median,3.501940922711103,4.131510493512547,Descriptive pooled summary: environment replicas are independent clusters; algorithm replicas are averaged within each environment cluster.
bounded-symbolic-construct-validation.v1-calibration,calibration,07dabc814e26f8ace0ae6cf86ab10cfd6558bc9f32d2f48a751c5694bf35381c,eac4823bf31745572c74e75b5f98978ed84471f5e602e2ce1076e0e43fcf366e,MIX,relevant-information,a8c929d9e0938e32593534c794dbee9dbfa04af885890b23bf8621a018c75dd1,861f07a9aadf16023896b000a1054fb2060a2afb3cffe8500f5257b21f78c8d9,12,expected_reward,192,576,3,2.9895833333333335,3.0,2.3333333333333335,3.0,0.0828958849925079,0.005982495189392087,3.0,3.0,0.963916597707066,exact-sign-median,3.501940922711103,4.131510493512547,Descriptive pooled summary: environment replicas are independent clusters; algorithm replicas are averaged within each environment cluster.
bounded-symbolic-construct-validation.v1-calibration,calibration,07dabc814e26f8ace0ae6cf86ab10cfd6558bc9f32d2f48a751c5694bf35381c,eac4823bf31745572c74e75b5f98978ed84471f5e602e2ce1076e0e43fcf366e,MIX,relevant-information,a8c929d9e0938e32593534c794dbee9dbfa04af885890b23bf8621a018c75dd1,861f07a9aadf16023896b000a1054fb2060a2afb3cffe8500f5257b21f78c8d9,12,hidden_expected_reward,192,576,3,2.9895833333333335,3.0,2.3333333333333335,3.0,0.0828958849925079,0.005982495189392087,3.0,3.0,0.963916597707066,exact-sign-median,3.501940922711103,4.131510493512547,Descriptive pooled summary: environment replicas are independent clusters; algorithm replicas are averaged within each environment cluster.
bounded-symbolic-construct-validation.v1-calibration,calibration,07dabc814e26f8ace0ae6cf86ab10cfd6558bc9f32d2f48a751c5694bf35381c,eac4823bf31745572c74e75b5f98978ed84471f5e602e2ce1076e0e43fcf366e,MIX,relevant-information,a8c929d9e0938e32593534c794dbee9dbfa04af885890b23bf8621a018c75dd1,861f07a9aadf16023896b000a1054fb2060a2afb3cffe8500f5257b21f78c8d9,12,information.approximation_residual_nats,192,576,3,0.0,0.0,0.0,0.0,0.0,0.0,0.0,0.0,0.963916597707066,exact-sign-median,3.501940922711103,4.131510493512547,Descriptive pooled summary: environment replicas are independent clusters; algorithm replicas are averaged within each environment cluster.
bounded-symbolic-construct-validation.v1-calibration,calibration,07dabc814e26f8ace0ae6cf86ab10cfd6558bc9f32d2f48a751c5694bf35381c,eac4823bf31745572c74e75b5f98978ed84471f5e602e2ce1076e0e43fcf366e,MIX,relevant-information,a8c929d9e0938e32593534c794dbee9dbfa04af885890b23bf8621a018c75dd1,861f07a9aadf16023896b000a1054fb2060a2afb3cffe8500f5257b21f78c8d9,12,information.dynamic_state_nats,192,576,3,0.0,0.0,0.0,0.0,0.0,0.0,0.0,0.0,0.963916597707066,exact-sign-median,3.501940922711103,4.131510493512547,Descriptive pooled summary: environment replicas are independent clusters; algorithm replicas are averaged within each environment cluster.
bounded-symbolic-construct-validation.v1-calibration,calibration,07dabc814e26f8ace0ae6cf86ab10cfd6558bc9f32d2f48a751c5694bf35381c,eac4823bf31745572c74e75b5f98978ed84471f5e602e2ce1076e0e43fcf366e,MIX,relevant-information,a8c929d9e0938e32593534c794dbee9dbfa04af885890b23bf8621a018c75dd1,861f07a9aadf16023896b000a1054fb2060a2afb3cffe8500f5257b21f78c8d9,12,information.persistent_distractor_nats,192,576,3,0.0,0.0,0.0,0.0,0.0,0.0,0.0,0.0,0.963916597707066,exact-sign-median,3.501940922711103,4.131510493512547,Descriptive pooled summary: environment replicas are independent clusters; algorithm replicas are averaged within each environment cluster.
bounded-symbolic-construct-validation.v1-calibration,calibration,07dabc814e26f8ace0ae6cf86ab10cfd6558bc9f32d2f48a751c5694bf35381c,eac4823bf31745572c74e75b5f98978ed84471f5e602e2ce1076e0e43fcf366e,MIX,relevant-information,a8c929d9e0938e32593534c794dbee9dbfa04af885890b23bf8621a018c75dd1,861f07a9aadf16023896b000a1054fb2060a2afb3cffe8500f5257b21f78c8d9,12,information.reward_relevant_nats,192,576,3,2.7627351990346973,2.7703230468008435,2.5972993804448308,2.772428592288706,0.020997077420798215,0.0015153335376366579,2.7692703477191976,2.7706739956029156,0.963916597707066,exact-sign-median,3.501940922711103,4.131510493512547,Descriptive pooled summary: environment replicas are independent clusters; algorithm replicas are averaged within each environment cluster.
bounded-symbolic-construct-validation.v1-calibration,calibration,07dabc814e26f8ace0ae6cf86ab10cfd6558bc9f32d2f48a751c5694bf35381c,eac4823bf31745572c74e75b5f98978ed84471f5e602e2ce1076e0e43fcf366e,MIX,relevant-information,a8c929d9e0938e32593534c794dbee9dbfa04af885890b23bf8621a018c75dd1,861f07a9aadf16023896b000a1054fb2060a2afb3cffe8500f5257b21f78c8d9,12,information.shared_core_nats,192,576,3,1.3786640466117364,1.3856001602948216,1.212494545420037,1.386214296144353,0.024422714383318517,0.0017625575904437864,1.3851615479545167,1.385687922049435,0.963916597707066,exact-sign-median,3.501940922711103,4.131510493512547,Descriptive pooled summary: environment replicas are independent clusters; algorithm replicas are averaged within each environment cluster.
bounded-symbolic-construct-validation.v1-calibration,calibration,07dabc814e26f8ace0ae6cf86ab10cfd6558bc9f32d2f48a751c5694bf35381c,eac4823bf31745572c74e75b5f98978ed84471f5e602e2ce1076e0e43fcf366e,MIX,relevant-information,a8c929d9e0938e32593534c794dbee9dbfa04af885890b23bf8621a018c75dd1,861f07a9aadf16023896b000a1054fb2060a2afb3cffe8500f5257b21f78c8d9,12,information.total_acquired_nats,192,576,3,4.141399245646434,4.154282414198354,3.9522539364750764,4.158642888433059,0.03570880071766221,0.0025770607133476227,4.152729284836913,4.156537342945196,0.963916597707066,exact-sign-median,3.501940922711103,4.131510493512547,Descriptive pooled summary: environment replicas are independent clusters; algorithm replicas are averaged within each environment cluster.
bounded-symbolic-construct-validation.v1-calibration,calibration,07dabc814e26f8ace0ae6cf86ab10cfd6558bc9f32d2f48a751c5694bf35381c,eac4823bf31745572c74e75b5f98978ed84471f5e602e2ce1076e0e43fcf366e,MIX,relevant-information,a8c929d9e0938e32593534c794dbee9dbfa04af885890b23bf8621a018c75dd1,861f07a9aadf16023896b000a1054fb2060a2afb3cffe8500f5257b21f78c8d9,12,novelty.aleatoric_observation_novelty,192,576,3,0.0,0.0,0.0,0.0,0.0,0.0,0.0,0.0,0.963916597707066,exact-sign-median,3.501940922711103,4.131510493512547,Descriptive pooled summary: environment replicas are independent clusters; algorithm replicas are averaged within each environment cluster.
bounded-symbolic-construct-validation.v1-calibration,calibration,07dabc814e26f8ace0ae6cf86ab10cfd6558bc9f32d2f48a751c5694bf35381c,eac4823bf31745572c74e75b5f98978ed84471f5e602e2ce1076e0e43fcf366e,MIX,relevant-information,a8c929d9e0938e32593534c794dbee9dbfa04af885890b23bf8621a018c75dd1,861f07a9aadf16023896b000a1054fb2060a2afb3cffe8500f5257b21f78c8d9,12,novelty.behavioral_novelty,192,576,3,1.0,1.0,1.0,1.0,0.0,0.0,1.0,1.0,0.963916597707066,exact-sign-median,3.501940922711103,4.131510493512547,Descriptive pooled summary: environment replicas are independent clusters; algorithm replicas are averaged within each environment cluster.
bounded-symbolic-construct-validation.v1-calibration,calibration,07dabc814e26f8ace0ae6cf86ab10cfd6558bc9f32d2f48a751c5694bf35381c,eac4823bf31745572c74e75b5f98978ed84471f5e602e2ce1076e0e43fcf366e,MIX,relevant-information,a8c929d9e0938e32593534c794dbee9dbfa04af885890b23bf8621a018c75dd1,861f07a9aadf16023896b000a1054fb2060a2afb3cffe8500f5257b21f78c8d9,12,novelty.compression_improvement,192,576,3,4.141399245646434,4.154282414198354,3.9522539364750764,4.158642888433059,0.03570880071766221,0.0025770607133476227,4.152729284836913,4.156537342945196,0.963916597707066,exact-sign-median,3.501940922711103,4.131510493512547,Descriptive pooled summary: environment replicas are independent clusters; algorithm replicas are averaged within each environment cluster.
bounded-symbolic-construct-validation.v1-calibration,calibration,07dabc814e26f8ace0ae6cf86ab10cfd6558bc9f32d2f48a751c5694bf35381c,eac4823bf31745572c74e75b5f98978ed84471f5e602e2ce1076e0e43fcf366e,MIX,relevant-information,a8c929d9e0938e32593534c794dbee9dbfa04af885890b23bf8621a018c75dd1,861f07a9aadf16023896b000a1054fb2060a2afb3cffe8500f5257b21f78c8d9,12,novelty.count_novelty,192,576,3,0.25,0.25,0.25,0.25,0.0,0.0,0.25,0.25,0.963916597707066,exact-sign-median,3.501940922711103,4.131510493512547,Descriptive pooled summary: environment replicas are independent clusters; algorithm replicas are averaged within each environment cluster.
bounded-symbolic-construct-validation.v1-calibration,calibration,07dabc814e26f8ace0ae6cf86ab10cfd6558bc9f32d2f48a751c5694bf35381c,eac4823bf31745572c74e75b5f98978ed84471f5e602e2ce1076e0e43fcf366e,MIX,relevant-information,a8c929d9e0938e32593534c794dbee9dbfa04af885890b23bf8621a018c75dd1,861f07a9aadf16023896b000a1054fb2060a2afb3cffe8500f5257b21f78c8d9,12,novelty.latent_visitation_novelty,192,576,3,1.0,1.0,1.0,1.0,0.0,0.0,1.0,1.0,0.963916597707066,exact-sign-median,3.501940922711103,4.131510493512547,Descriptive pooled summary: environment replicas are independent clusters; algorithm replicas are averaged within each environment cluster.
bounded-symbolic-construct-validation.v1-calibration,calibration,07dabc814e26f8ace0ae6cf86ab10cfd6558bc9f32d2f48a751c5694bf35381c,eac4823bf31745572c74e75b5f98978ed84471f5e602e2ce1076e0e43fcf366e,MIX,relevant-information,a8c929d9e0938e32593534c794dbee9dbfa04af885890b23bf8621a018c75dd1,861f07a9aadf16023896b000a1054fb2060a2afb3cffe8500f5257b21f78c8d9,12,novelty.observation_prediction_error,192,576,3,0.31566117768119395,0.3117224366988927,0.2850876631974459,0.44916853197065904,0.035556855885170144,0.0025660950396049643,0.2887026907399844,0.31451040346833653,0.963916597707066,exact-sign-median,3.501940922711103,4.131510493512547,Descriptive pooled summary: environment replicas are independent clusters; algorithm replicas are averaged within each environment cluster.
bounded-symbolic-construct-validation.v1-calibration,calibration,07dabc814e26f8ace0ae6cf86ab10cfd6558bc9f32d2f48a751c5694bf35381c,eac4823bf31745572c74e75b5f98978ed84471f5e602e2ce1076e0e43fcf366e,MIX,relevant-information,a8c929d9e0938e32593534c794dbee9dbfa04af885890b23bf8621a018c75dd1,861f07a9aadf16023896b000a1054fb2060a2afb3cffe8500f5257b21f78c8d9,12,novelty.persistent_trivia_novelty,192,576,3,0.0,0.0,0.0,0.0,0.0,0.0,0.0,0.0,0.963916597707066,exact-sign-median,3.501940922711103,4.131510493512547,Descriptive pooled summary: environment replicas are independent clusters; algorithm replicas are averaged within each environment cluster.
bounded-symbolic-construct-validation.v1-calibration,calibration,07dabc814e26f8ace0ae6cf86ab10cfd6558bc9f32d2f48a751c5694bf35381c,eac4823bf31745572c74e75b5f98978ed84471f5e602e2ce1076e0e43fcf366e,MIX,relevant-information,a8c929d9e0938e32593534c794dbee9dbfa04af885890b23bf8621a018c75dd1,861f07a9aadf16023896b000a1054fb2060a2afb3cffe8500f5257b21f78c8d9,12,public_reward,192,576,3,0.0,0.0,0.0,0.0,0.0,0.0,0.0,0.0,0.963916597707066,exact-sign-median,3.501940922711103,4.131510493512547,Descriptive pooled summary: environment replicas are independent clusters; algorithm replicas are averaged within each environment cluster.
bounded-symbolic-construct-validation.v1-calibration,calibration,07dabc814e26f8ace0ae6cf86ab10cfd6558bc9f32d2f48a751c5694bf35381c,eac4823bf31745572c74e75b5f98978ed84471f5e602e2ce1076e0e43fcf366e,MIX,relevant-information,a8c929d9e0938e32593534c794dbee9dbfa04af885890b23bf8621a018c75dd1,861f07a9aadf16023896b000a1054fb2060a2afb3cffe8500f5257b21f78c8d9,12,relevant_information_nats,192,576,3,4.141399245646434,4.154282414198354,3.9522539364750764,4.158642888433059,0.03570880071766226,0.002577060713347626,4.152729284836913,4.156537342945196,0.963916597707066,exact-sign-median,3.501940922711103,4.131510493512547,Descriptive pooled summary: environment replicas are independent clusters; algorithm replicas are averaged within each environment cluster.
bounded-symbolic-construct-validation.v1-calibration,calibration,07dabc814e26f8ace0ae6cf86ab10cfd6558bc9f32d2f48a751c5694bf35381c,eac4823bf31745572c74e75b5f98978ed84471f5e602e2ce1076e0e43fcf366e,MIX,relevant-information,a8c929d9e0938e32593534c794dbee9dbfa04af885890b23bf8621a018c75dd1,861f07a9aadf16023896b000a1054fb2060a2afb3cffe8500f5257b21f78c8d9,12,support.abstentions,192,576,3,0.0,0.0,0.0,0.0,0.0,0.0,0.0,0.0,0.963916597707066,exact-sign-median,3.501940922711103,4.131510493512547,Descriptive pooled summary: environment replicas are independent clusters; algorithm replicas are averaged within each environment cluster.
bounded-symbolic-construct-validation.v1-calibration,calibration,07dabc814e26f8ace0ae6cf86ab10cfd6558bc9f32d2f48a751c5694bf35381c,eac4823bf31745572c74e75b5f98978ed84471f5e602e2ce1076e0e43fcf366e,MIX,relevant-information,a8c929d9e0938e32593534c794dbee9dbfa04af885890b23bf8621a018c75dd1,861f07a9aadf16023896b000a1054fb2060a2afb3cffe8500f5257b21f78c8d9,12,support.correct_deployments,192,576,3,2.9947916666666665,3.0,2.6666666666666665,3.0,0.04144794249625398,0.0029912475946960457,3.0,3.0,0.963916597707066,exact-sign-median,3.501940922711103,4.131510493512547,Descriptive pooled summary: environment replicas are independent clusters; algorithm replicas are averaged within each environment cluster.
bounded-symbolic-construct-validation.v1-calibration,calibration,07dabc814e26f8ace0ae6cf86ab10cfd6558bc9f32d2f48a751c5694bf35381c,eac4823bf31745572c74e75b5f98978ed84471f5e602e2ce1076e0e43fcf366e,MIX,relevant-information,a8c929d9e0938e32593534c794dbee9dbfa04af885890b23bf8621a018c75dd1,861f07a9aadf16023896b000a1054fb2060a2afb3cffe8500f5257b21f78c8d9,12,support.deployment_support,192,576,3,3.0,3.0,3.0,3.0,0.0,0.0,3.0,3.0,0.963916597707066,exact-sign-median,3.501940922711103,4.131510493512547,Descriptive pooled summary: environment replicas are independent clusters; algorithm replicas are averaged within each environment cluster.
bounded-symbolic-construct-validation.v1-calibration,calibration,07dabc814e26f8ace0ae6cf86ab10cfd6558bc9f32d2f48a751c5694bf35381c,eac4823bf31745572c74e75b5f98978ed84471f5e602e2ce1076e0e43fcf366e,MIX,relevant-information,a8c929d9e0938e32593534c794dbee9dbfa04af885890b23bf8621a018c75dd1,861f07a9aadf16023896b000a1054fb2060a2afb3cffe8500f5257b21f78c8d9,12,support.incorrect_deployments,192,576,3,0.005208333333333333,0.0,0.0,0.3333333333333333,0.041447942496253956,0.002991247594696044,0.0,0.0,0.963916597707066,exact-sign-median,3.501940922711103,4.131510493512547,Descriptive pooled summary: environment replicas are independent clusters; algorithm replicas are averaged within each environment cluster.
bounded-symbolic-construct-validation.v1-calibration,calibration,07dabc814e26f8ace0ae6cf86ab10cfd6558bc9f32d2f48a751c5694bf35381c,eac4823bf31745572c74e75b5f98978ed84471f5e602e2ce1076e0e43fcf366e,MIX,relevant-information,a8c929d9e0938e32593534c794dbee9dbfa04af885890b23bf8621a018c75dd1,861f07a9aadf16023896b000a1054fb2060a2afb3cffe8500f5257b21f78c8d9,12,support.mastered_independent_rules,192,576,3,1.9947916666666667,2.0,1.6666666666666667,2.0,0.04144794249625395,0.0029912475946960435,2.0,2.0,0.963916597707066,exact-sign-median,3.501940922711103,4.131510493512547,Descriptive pooled summary: environment replicas are independent clusters; algorithm replicas are averaged within each environment cluster.
bounded-symbolic-construct-validation.v1-calibration,calibration,07dabc814e26f8ace0ae6cf86ab10cfd6558bc9f32d2f48a751c5694bf35381c,eac4823bf31745572c74e75b5f98978ed84471f5e602e2ce1076e0e43fcf366e,MIX,relevant-information,a8c929d9e0938e32593534c794dbee9dbfa04af885890b23bf8621a018c75dd1,861f07a9aadf16023896b000a1054fb2060a2afb3cffe8500f5257b21f78c8d9,12,total_information_nats,192,576,3,4.141399245646434,4.154282414198354,3.9522539364750764,4.158642888433059,0.03570880071766221,0.0025770607133476227,4.152729284836913,4.156537342945196,0.963916597707066,exact-sign-median,3.501940922711103,4.131510493512547,Descriptive pooled summary: environment replicas are independent clusters; algorithm replicas are averaged within each environment cluster.
bounded-symbolic-construct-validation.v1-calibration,calibration,07dabc814e26f8ace0ae6cf86ab10cfd6558bc9f32d2f48a751c5694bf35381c,eac4823bf31745572c74e75b5f98978ed84471f5e602e2ce1076e0e43fcf366e,MIX,fixed,a8c929d9e0938e32593534c794dbee9dbfa04af885890b23bf8621a018c75dd1,8fea8f21b4f9563a2c4e51f291faf1ad5543d2d729678c3d4ad0bbaba7b4198a,12,compute.deployment_evaluations,192,576,3,1.0,1.0,1.0,1.0,0.0,0.0,1.0,1.0,0.963916597707066,exact-sign-median,1.098612278751065,1.09861228866811,Descriptive pooled summary: environment replicas are independent clusters; algorithm replicas are averaged within each environment cluster.
bounded-symbolic-construct-validation.v1-calibration,calibration,07dabc814e26f8ace0ae6cf86ab10cfd6558bc9f32d2f48a751c5694bf35381c,eac4823bf31745572c74e75b5f98978ed84471f5e602e2ce1076e0e43fcf366e,MIX,fixed,a8c929d9e0938e32593534c794dbee9dbfa04af885890b23bf8621a018c75dd1,8fea8f21b4f9563a2c4e51f291faf1ad5543d2d729678c3d4ad0bbaba7b4198a,12,compute.environment_steps,192,576,3,12.0,12.0,12.0,12.0,0.0,0.0,12.0,12.0,0.963916597707066,exact-sign-median,1.098612278751065,1.09861228866811,Descriptive pooled summary: environment replicas are independent clusters; algorithm replicas are averaged within each environment cluster.
bounded-symbolic-construct-validation.v1-calibration,calibration,07dabc814e26f8ace0ae6cf86ab10cfd6558bc9f32d2f48a751c5694bf35381c,eac4823bf31745572c74e75b5f98978ed84471f5e602e2ce1076e0e43fcf366e,MIX,fixed,a8c929d9e0938e32593534c794dbee9dbfa04af885890b23bf8621a018c75dd1,8fea8f21b4f9563a2c4e51f291faf1ad5543d2d729678c3d4ad0bbaba7b4198a,12,compute.frontier_solver_calls,192,576,3,13.0,13.0,13.0,13.0,0.0,0.0,13.0,13.0,0.963916597707066,exact-sign-median,1.098612278751065,1.09861228866811,Descriptive pooled summary: environment replicas are independent clusters; algorithm replicas are averaged within each environment cluster.
bounded-symbolic-construct-validation.v1-calibration,calibration,07dabc814e26f8ace0ae6cf86ab10cfd6558bc9f32d2f48a751c5694bf35381c,eac4823bf31745572c74e75b5f98978ed84471f5e602e2ce1076e0e43fcf366e,MIX,fixed,a8c929d9e0938e32593534c794dbee9dbfa04af885890b23bf8621a018c75dd1,8fea8f21b4f9563a2c4e51f291faf1ad5543d2d729678c3d4ad0bbaba7b4198a,12,compute.posterior_updates,192,576,3,12.0,12.0,12.0,12.0,0.0,0.0,12.0,12.0,0.963916597707066,exact-sign-median,1.098612278751065,1.09861228866811,Descriptive pooled summary: environment replicas are independent clusters; algorithm replicas are averaged within each environment cluster.
bounded-symbolic-construct-validation.v1-calibration,calibration,07dabc814e26f8ace0ae6cf86ab10cfd6558bc9f32d2f48a751c5694bf35381c,eac4823bf31745572c74e75b5f98978ed84471f5e602e2ce1076e0e43fcf366e,MIX,fixed,a8c929d9e0938e32593534c794dbee9dbfa04af885890b23bf8621a018c75dd1,8fea8f21b4f9563a2c4e51f291faf1ad5543d2d729678c3d4ad0bbaba7b4198a,12,compute.queries,192,576,3,12.0,12.0,12.0,12.0,0.0,0.0,12.0,12.0,0.963916597707066,exact-sign-median,1.098612278751065,1.09861228866811,Descriptive pooled summary: environment replicas are independent clusters; algorithm replicas are averaged within each environment cluster.
bounded-symbolic-construct-validation.v1-calibration,calibration,07dabc814e26f8ace0ae6cf86ab10cfd6558bc9f32d2f48a751c5694bf35381c,eac4823bf31745572c74e75b5f98978ed84471f5e602e2ce1076e0e43fcf366e,MIX,fixed,a8c929d9e0938e32593534c794dbee9dbfa04af885890b23bf8621a018c75dd1,8fea8f21b4f9563a2c4e51f291faf1ad5543d2d729678c3d4ad0bbaba7b4198a,12,distractor_information_nats,192,576,3,0.0,0.0,0.0,0.0,0.0,0.0,0.0,0.0,0.963916597707066,exact-sign-median,1.098612278751065,1.09861228866811,Descriptive pooled summary: environment replicas are independent clusters; algorithm replicas are averaged within each environment cluster.
bounded-symbolic-construct-validation.v1-calibration,calibration,07dabc814e26f8ace0ae6cf86ab10cfd6558bc9f32d2f48a751c5694bf35381c,eac4823bf31745572c74e75b5f98978ed84471f5e602e2ce1076e0e43fcf366e,MIX,fixed,a8c929d9e0938e32593534c794dbee9dbfa04af885890b23bf8621a018c75dd1,8fea8f21b4f9563a2c4e51f291faf1ad5543d2d729678c3d4ad0bbaba7b4198a,12,expected_reward,192,576,3,1.0,1.0,1.0,1.0,0.0,0.0,1.0,1.0,0.963916597707066,exact-sign-median,1.098612278751065,1.09861228866811,Descriptive pooled summary: environment replicas are independent clusters; algorithm replicas are averaged within each environment cluster.
bounded-symbolic-construct-validation.v1-calibration,calibration,07dabc814e26f8ace0ae6cf86ab10cfd6558bc9f32d2f48a751c5694bf35381c,eac4823bf31745572c74e75b5f98978ed84471f5e602e2ce1076e0e43fcf366e,MIX,fixed,a8c929d9e0938e32593534c794dbee9dbfa04af885890b23bf8621a018c75dd1,8fea8f21b4f9563a2c4e51f291faf1ad5543d2d729678c3d4ad0bbaba7b4198a,12,hidden_expected_reward,192,576,3,1.0,1.0,1.0,1.0,0.0,0.0,1.0,1.0,0.963916597707066,exact-sign-median,1.098612278751065,1.09861228866811,Descriptive pooled summary: environment replicas are independent clusters; algorithm replicas are averaged within each environment cluster.
bounded-symbolic-construct-validation.v1-calibration,calibration,07dabc814e26f8ace0ae6cf86ab10cfd6558bc9f32d2f48a751c5694bf35381c,eac4823bf31745572c74e75b5f98978ed84471f5e602e2ce1076e0e43fcf366e,MIX,fixed,a8c929d9e0938e32593534c794dbee9dbfa04af885890b23bf8621a018c75dd1,8fea8f21b4f9563a2c4e51f291faf1ad5543d2d729678c3d4ad0bbaba7b4198a,12,information.approximation_residual_nats,192,576,3,0.0,0.0,0.0,0.0,0.0,0.0,0.0,0.0,0.963916597707066,exact-sign-median,1.098612278751065,1.09861228866811,Descriptive pooled summary: environment replicas are independent clusters; algorithm replicas are averaged within each environment cluster.
bounded-symbolic-construct-validation.v1-calibration,calibration,07dabc814e26f8ace0ae6cf86ab10cfd6558bc9f32d2f48a751c5694bf35381c,eac4823bf31745572c74e75b5f98978ed84471f5e602e2ce1076e0e43fcf366e,MIX,fixed,a8c929d9e0938e32593534c794dbee9dbfa04af885890b23bf8621a018c75dd1,8fea8f21b4f9563a2c4e51f291faf1ad5543d2d729678c3d4ad0bbaba7b4198a,12,information.dynamic_state_nats,192,576,3,0.0,0.0,0.0,0.0,0.0,0.0,0.0,0.0,0.963916597707066,exact-sign-median,1.098612278751065,1.09861228866811,Descriptive pooled summary: environment replicas are independent clusters; algorithm replicas are averaged within each environment cluster.
bounded-symbolic-construct-validation.v1-calibration,calibration,07dabc814e26f8ace0ae6cf86ab10cfd6558bc9f32d2f48a751c5694bf35381c,eac4823bf31745572c74e75b5f98978ed84471f5e602e2ce1076e0e43fcf366e,MIX,fixed,a8c929d9e0938e32593534c794dbee9dbfa04af885890b23bf8621a018c75dd1,8fea8f21b4f9563a2c4e51f291faf1ad5543d2d729678c3d4ad0bbaba7b4198a,12,information.persistent_distractor_nats,192,576,3,0.0,0.0,0.0,0.0,0.0,0.0,0.0,0.0,0.963916597707066,exact-sign-median,1.098612278751065,1.09861228866811,Descriptive pooled summary: environment replicas are independent clusters; algorithm replicas are averaged within each environment cluster.
bounded-symbolic-construct-validation.v1-calibration,calibration,07dabc814e26f8ace0ae6cf86ab10cfd6558bc9f32d2f48a751c5694bf35381c,eac4823bf31745572c74e75b5f98978ed84471f5e602e2ce1076e0e43fcf366e,MIX,fixed,a8c929d9e0938e32593534c794dbee9dbfa04af885890b23bf8621a018c75dd1,8fea8f21b4f9563a2c4e51f291faf1ad5543d2d729678c3d4ad0bbaba7b4198a,12,information.reward_relevant_nats,192,576,3,1.3862940563580428,1.3862943611197125,1.3862664522463646,1.38629436111989,2.7816170460085643e-06,2.0074591878693705e-07,1.3862943611197123,1.3862943611197125,0.963916597707066,exact-sign-median,1.098612278751065,1.09861228866811,Descriptive pooled summary: environment replicas are independent clusters; algorithm replicas are averaged within each environment cluster.
bounded-symbolic-construct-validation.v1-calibration,calibration,07dabc814e26f8ace0ae6cf86ab10cfd6558bc9f32d2f48a751c5694bf35381c,eac4823bf31745572c74e75b5f98978ed84471f5e602e2ce1076e0e43fcf366e,MIX,fixed,a8c929d9e0938e32593534c794dbee9dbfa04af885890b23bf8621a018c75dd1,8fea8f21b4f9563a2c4e51f291faf1ad5543d2d729678c3d4ad0bbaba7b4198a,12,information.shared_core_nats,192,576,3,0.0,0.0,0.0,0.0,0.0,0.0,0.0,0.0,0.963916597707066,exact-sign-median,1.098612278751065,1.09861228866811,Descriptive pooled summary: environment replicas are independent clusters; algorithm replicas are averaged within each environment cluster.
bounded-symbolic-construct-validation.v1-calibration,calibration,07dabc814e26f8ace0ae6cf86ab10cfd6558bc9f32d2f48a751c5694bf35381c,eac4823bf31745572c74e75b5f98978ed84471f5e602e2ce1076e0e43fcf366e,MIX,fixed,a8c929d9e0938e32593534c794dbee9dbfa04af885890b23bf8621a018c75dd1,8fea8f21b4f9563a2c4e51f291faf1ad5543d2d729678c3d4ad0bbaba7b4198a,12,information.total_acquired_nats,192,576,3,1.3862940563580428,1.3862943611197125,1.3862664522463646,1.38629436111989,2.7816170460132772e-06,2.0074591878727717e-07,1.3862943611197125,1.3862943611197125,0.963916597707066,exact-sign-median,1.098612278751065,1.09861228866811,Descriptive pooled summary: environment replicas are independent clusters; algorithm replicas are averaged within each environment cluster.
bounded-symbolic-construct-validation.v1-calibration,calibration,07dabc814e26f8ace0ae6cf86ab10cfd6558bc9f32d2f48a751c5694bf35381c,eac4823bf31745572c74e75b5f98978ed84471f5e602e2ce1076e0e43fcf366e,MIX,fixed,a8c929d9e0938e32593534c794dbee9dbfa04af885890b23bf8621a018c75dd1,8fea8f21b4f9563a2c4e51f291faf1ad5543d2d729678c3d4ad0bbaba7b4198a,12,novelty.aleatoric_observation_novelty,192,576,3,0.0,0.0,0.0,0.0,0.0,0.0,0.0,0.0,0.963916597707066,exact-sign-median,1.098612278751065,1.09861228866811,Descriptive pooled summary: environment replicas are independent clusters; algorithm replicas are averaged within each environment cluster.
bounded-symbolic-construct-validation.v1-calibration,calibration,07dabc814e26f8ace0ae6cf86ab10cfd6558bc9f32d2f48a751c5694bf35381c,eac4823bf31745572c74e75b5f98978ed84471f5e602e2ce1076e0e43fcf366e,MIX,fixed,a8c929d9e0938e32593534c794dbee9dbfa04af885890b23bf8621a018c75dd1,8fea8f21b4f9563a2c4e51f291faf1ad5543d2d729678c3d4ad0bbaba7b4198a,12,novelty.behavioral_novelty,192,576,3,0.3333333333333333,0.3333333333333333,0.3333333333333333,0.3333333333333333,0.0,0.0,0.3333333333333333,0.3333333333333333,0.963916597707066,exact-sign-median,1.098612278751065,1.09861228866811,Descriptive pooled summary: environment replicas are independent clusters; algorithm replicas are averaged within each environment cluster.
bounded-symbolic-construct-validation.v1-calibration,calibration,07dabc814e26f8ace0ae6cf86ab10cfd6558bc9f32d2f48a751c5694bf35381c,eac4823bf31745572c74e75b5f98978ed84471f5e602e2ce1076e0e43fcf366e,MIX,fixed,a8c929d9e0938e32593534c794dbee9dbfa04af885890b23bf8621a018c75dd1,8fea8f21b4f9563a2c4e51f291faf1ad5543d2d729678c3d4ad0bbaba7b4198a,12,novelty.compression_improvement,192,576,3,1.3862940563580428,1.3862943611197125,1.3862664522463646,1.38629436111989,2.7816170460132772e-06,2.0074591878727717e-07,1.3862943611197125,1.3862943611197125,0.963916597707066,exact-sign-median,1.098612278751065,1.09861228866811,Descriptive pooled summary: environment replicas are independent clusters; algorithm replicas are averaged within each environment cluster.
bounded-symbolic-construct-validation.v1-calibration,calibration,07dabc814e26f8ace0ae6cf86ab10cfd6558bc9f32d2f48a751c5694bf35381c,eac4823bf31745572c74e75b5f98978ed84471f5e602e2ce1076e0e43fcf366e,MIX,fixed,a8c929d9e0938e32593534c794dbee9dbfa04af885890b23bf8621a018c75dd1,8fea8f21b4f9563a2c4e51f291faf1ad5543d2d729678c3d4ad0bbaba7b4198a,12,novelty.count_novelty,192,576,3,0.08333333333333333,0.08333333333333333,0.08333333333333333,0.08333333333333333,0.0,0.0,0.08333333333333333,0.08333333333333333,0.963916597707066,exact-sign-median,1.098612278751065,1.09861228866811,Descriptive pooled summary: environment replicas are independent clusters; algorithm replicas are averaged within each environment cluster.
bounded-symbolic-construct-validation.v1-calibration,calibration,07dabc814e26f8ace0ae6cf86ab10cfd6558bc9f32d2f48a751c5694bf35381c,eac4823bf31745572c74e75b5f98978ed84471f5e602e2ce1076e0e43fcf366e,MIX,fixed,a8c929d9e0938e32593534c794dbee9dbfa04af885890b23bf8621a018c75dd1,8fea8f21b4f9563a2c4e51f291faf1ad5543d2d729678c3d4ad0bbaba7b4198a,12,novelty.latent_visitation_novelty,192,576,3,0.3333333333333333,0.3333333333333333,0.3333333333333333,0.3333333333333333,0.0,0.0,0.3333333333333333,0.3333333333333333,0.963916597707066,exact-sign-median,1.098612278751065,1.09861228866811,Descriptive pooled summary: environment replicas are independent clusters; algorithm replicas are averaged within each environment cluster.
bounded-symbolic-construct-validation.v1-calibration,calibration,07dabc814e26f8ace0ae6cf86ab10cfd6558bc9f32d2f48a751c5694bf35381c,eac4823bf31745572c74e75b5f98978ed84471f5e602e2ce1076e0e43fcf366e,MIX,fixed,a8c929d9e0938e32593534c794dbee9dbfa04af885890b23bf8621a018c75dd1,8fea8f21b4f9563a2c4e51f291faf1ad5543d2d729678c3d4ad0bbaba7b4198a,12,novelty.observation_prediction_error,192,576,3,0.1680676407650715,0.16169631131450346,0.16169631110737256,0.24619239954603392,0.015159136605678372,0.0010940164499963398,0.16169631110765628,0.1616963167068303,0.963916597707066,exact-sign-median,1.098612278751065,1.09861228866811,Descriptive pooled summary: environment replicas are independent clusters; algorithm replicas are averaged within each environment cluster.
bounded-symbolic-construct-validation.v1-calibration,calibration,07dabc814e26f8ace0ae6cf86ab10cfd6558bc9f32d2f48a751c5694bf35381c,eac4823bf31745572c74e75b5f98978ed84471f5e602e2ce1076e0e43fcf366e,MIX,fixed,a8c929d9e0938e32593534c794dbee9dbfa04af885890b23bf8621a018c75dd1,8fea8f21b4f9563a2c4e51f291faf1ad5543d2d729678c3d4ad0bbaba7b4198a,12,novelty.persistent_trivia_novelty,192,576,3,0.0,0.0,0.0,0.0,0.0,0.0,0.0,0.0,0.963916597707066,exact-sign-median,1.098612278751065,1.09861228866811,Descriptive pooled summary: environment replicas are independent clusters; algorithm replicas are averaged within each environment cluster.
bounded-symbolic-construct-validation.v1-calibration,calibration,07dabc814e26f8ace0ae6cf86ab10cfd6558bc9f32d2f48a751c5694bf35381c,eac4823bf31745572c74e75b5f98978ed84471f5e602e2ce1076e0e43fcf366e,MIX,fixed,a8c929d9e0938e32593534c794dbee9dbfa04af885890b23bf8621a018c75dd1,8fea8f21b4f9563a2c4e51f291faf1ad5543d2d729678c3d4ad0bbaba7b4198a,12,public_reward,192,576,3,0.0,0.0,0.0,0.0,0.0,0.0,0.0,0.0,0.963916597707066,exact-sign-median,1.098612278751065,1.09861228866811,Descriptive pooled summary: environment replicas are independent clusters; algorithm replicas are averaged within each environment cluster.
bounded-symbolic-construct-validation.v1-calibration,calibration,07dabc814e26f8ace0ae6cf86ab10cfd6558bc9f32d2f48a751c5694bf35381c,eac4823bf31745572c74e75b5f98978ed84471f5e602e2ce1076e0e43fcf366e,MIX,fixed,a8c929d9e0938e32593534c794dbee9dbfa04af885890b23bf8621a018c75dd1,8fea8f21b4f9563a2c4e51f291faf1ad5543d2d729678c3d4ad0bbaba7b4198a,12,relevant_information_nats,192,576,3,1.3862940563580428,1.3862943611197125,1.3862664522463646,1.38629436111989,2.7816170460085643e-06,2.0074591878693705e-07,1.3862943611197123,1.3862943611197125,0.963916597707066,exact-sign-median,1.098612278751065,1.09861228866811,Descriptive pooled summary: environment replicas are independent clusters; algorithm replicas are averaged within each environment cluster.
bounded-symbolic-construct-validation.v1-calibration,calibration,07dabc814e26f8ace0ae6cf86ab10cfd6558bc9f32d2f48a751c5694bf35381c,eac4823bf31745572c74e75b5f98978ed84471f5e602e2ce1076e0e43fcf366e,MIX,fixed,a8c929d9e0938e32593534c794dbee9dbfa04af885890b23bf8621a018c75dd1,8fea8f21b4f9563a2c4e51f291faf1ad5543d2d729678c3d4ad0bbaba7b4198a,12,support.abstentions,192,576,3,2.0,2.0,2.0,2.0,0.0,0.0,2.0,2.0,0.963916597707066,exact-sign-median,1.098612278751065,1.09861228866811,Descriptive pooled summary: environment replicas are independent clusters; algorithm replicas are averaged within each environment cluster.
bounded-symbolic-construct-validation.v1-calibration,calibration,07dabc814e26f8ace0ae6cf86ab10cfd6558bc9f32d2f48a751c5694bf35381c,eac4823bf31745572c74e75b5f98978ed84471f5e602e2ce1076e0e43fcf366e,MIX,fixed,a8c929d9e0938e32593534c794dbee9dbfa04af885890b23bf8621a018c75dd1,8fea8f21b4f9563a2c4e51f291faf1ad5543d2d729678c3d4ad0bbaba7b4198a,12,support.correct_deployments,192,576,3,1.0,1.0,1.0,1.0,0.0,0.0,1.0,1.0,0.963916597707066,exact-sign-median,1.098612278751065,1.09861228866811,Descriptive pooled summary: environment replicas are independent clusters; algorithm replicas are averaged within each environment cluster.
bounded-symbolic-construct-validation.v1-calibration,calibration,07dabc814e26f8ace0ae6cf86ab10cfd6558bc9f32d2f48a751c5694bf35381c,eac4823bf31745572c74e75b5f98978ed84471f5e602e2ce1076e0e43fcf366e,MIX,fixed,a8c929d9e0938e32593534c794dbee9dbfa04af885890b23bf8621a018c75dd1,8fea8f21b4f9563a2c4e51f291faf1ad5543d2d729678c3d4ad0bbaba7b4198a,12,support.deployment_support,192,576,3,1.0,1.0,1.0,1.0,0.0,0.0,1.0,1.0,0.963916597707066,exact-sign-median,1.098612278751065,1.09861228866811,Descriptive pooled summary: environment replicas are independent clusters; algorithm replicas are averaged within each environment cluster.
bounded-symbolic-construct-validation.v1-calibration,calibration,07dabc814e26f8ace0ae6cf86ab10cfd6558bc9f32d2f48a751c5694bf35381c,eac4823bf31745572c74e75b5f98978ed84471f5e602e2ce1076e0e43fcf366e,MIX,fixed,a8c929d9e0938e32593534c794dbee9dbfa04af885890b23bf8621a018c75dd1,8fea8f21b4f9563a2c4e51f291faf1ad5543d2d729678c3d4ad0bbaba7b4198a,12,support.incorrect_deployments,192,576,3,0.0,0.0,0.0,0.0,0.0,0.0,0.0,0.0,0.963916597707066,exact-sign-median,1.098612278751065,1.09861228866811,Descriptive pooled summary: environment replicas are independent clusters; algorithm replicas are averaged within each environment cluster.
bounded-symbolic-construct-validation.v1-calibration,calibration,07dabc814e26f8ace0ae6cf86ab10cfd6558bc9f32d2f48a751c5694bf35381c,eac4823bf31745572c74e75b5f98978ed84471f5e602e2ce1076e0e43fcf366e,MIX,fixed,a8c929d9e0938e32593534c794dbee9dbfa04af885890b23bf8621a018c75dd1,8fea8f21b4f9563a2c4e51f291faf1ad5543d2d729678c3d4ad0bbaba7b4198a,12,support.mastered_independent_rules,192,576,3,1.0,1.0,1.0,1.0,0.0,0.0,1.0,1.0,0.963916597707066,exact-sign-median,1.098612278751065,1.09861228866811,Descriptive pooled summary: environment replicas are independent clusters; algorithm replicas are averaged within each environment cluster.
bounded-symbolic-construct-validation.v1-calibration,calibration,07dabc814e26f8ace0ae6cf86ab10cfd6558bc9f32d2f48a751c5694bf35381c,eac4823bf31745572c74e75b5f98978ed84471f5e602e2ce1076e0e43fcf366e,MIX,fixed,a8c929d9e0938e32593534c794dbee9dbfa04af885890b23bf8621a018c75dd1,8fea8f21b4f9563a2c4e51f291faf1ad5543d2d729678c3d4ad0bbaba7b4198a,12,total_information_nats,192,576,3,1.3862940563580428,1.3862943611197125,1.3862664522463646,1.38629436111989,2.7816170460132772e-06,2.0074591878727717e-07,1.3862943611197125,1.3862943611197125,0.963916597707066,exact-sign-median,1.098612278751065,1.09861228866811,Descriptive pooled summary: environment replicas are independent clusters; algorithm replicas are averaged within each environment cluster.
bounded-symbolic-construct-validation.v1-calibration,calibration,07dabc814e26f8ace0ae6cf86ab10cfd6558bc9f32d2f48a751c5694bf35381c,eac4823bf31745572c74e75b5f98978ed84471f5e602e2ce1076e0e43fcf366e,MIX,total-information,a8c929d9e0938e32593534c794dbee9dbfa04af885890b23bf8621a018c75dd1,ddef671b142d3c50802d1df4f8b5c18e676ca9a40bdc91386b8488899c8bef75,12,compute.deployment_evaluations,192,576,3,1.0,1.0,1.0,1.0,0.0,0.0,1.0,1.0,0.963916597707066,exact-sign-median,3.501940922711103,4.131510493512547,Descriptive pooled summary: environment replicas are independent clusters; algorithm replicas are averaged within each environment cluster.
bounded-symbolic-construct-validation.v1-calibration,calibration,07dabc814e26f8ace0ae6cf86ab10cfd6558bc9f32d2f48a751c5694bf35381c,eac4823bf31745572c74e75b5f98978ed84471f5e602e2ce1076e0e43fcf366e,MIX,total-information,a8c929d9e0938e32593534c794dbee9dbfa04af885890b23bf8621a018c75dd1,ddef671b142d3c50802d1df4f8b5c18e676ca9a40bdc91386b8488899c8bef75,12,compute.environment_steps,192,576,3,12.0,12.0,12.0,12.0,0.0,0.0,12.0,12.0,0.963916597707066,exact-sign-median,3.501940922711103,4.131510493512547,Descriptive pooled summary: environment replicas are independent clusters; algorithm replicas are averaged within each environment cluster.
bounded-symbolic-construct-validation.v1-calibration,calibration,07dabc814e26f8ace0ae6cf86ab10cfd6558bc9f32d2f48a751c5694bf35381c,eac4823bf31745572c74e75b5f98978ed84471f5e602e2ce1076e0e43fcf366e,MIX,total-information,a8c929d9e0938e32593534c794dbee9dbfa04af885890b23bf8621a018c75dd1,ddef671b142d3c50802d1df4f8b5c18e676ca9a40bdc91386b8488899c8bef75,12,compute.frontier_solver_calls,192,576,3,13.0,13.0,13.0,13.0,0.0,0.0,13.0,13.0,0.963916597707066,exact-sign-median,3.501940922711103,4.131510493512547,Descriptive pooled summary: environment replicas are independent clusters; algorithm replicas are averaged within each environment cluster.
bounded-symbolic-construct-validation.v1-calibration,calibration,07dabc814e26f8ace0ae6cf86ab10cfd6558bc9f32d2f48a751c5694bf35381c,eac4823bf31745572c74e75b5f98978ed84471f5e602e2ce1076e0e43fcf366e,MIX,total-information,a8c929d9e0938e32593534c794dbee9dbfa04af885890b23bf8621a018c75dd1,ddef671b142d3c50802d1df4f8b5c18e676ca9a40bdc91386b8488899c8bef75,12,compute.posterior_updates,192,576,3,12.0,12.0,12.0,12.0,0.0,0.0,12.0,12.0,0.963916597707066,exact-sign-median,3.501940922711103,4.131510493512547,Descriptive pooled summary: environment replicas are independent clusters; algorithm replicas are averaged within each environment cluster.
bounded-symbolic-construct-validation.v1-calibration,calibration,07dabc814e26f8ace0ae6cf86ab10cfd6558bc9f32d2f48a751c5694bf35381c,eac4823bf31745572c74e75b5f98978ed84471f5e602e2ce1076e0e43fcf366e,MIX,total-information,a8c929d9e0938e32593534c794dbee9dbfa04af885890b23bf8621a018c75dd1,ddef671b142d3c50802d1df4f8b5c18e676ca9a40bdc91386b8488899c8bef75,12,compute.queries,192,576,3,12.0,12.0,12.0,12.0,0.0,0.0,12.0,12.0,0.963916597707066,exact-sign-median,3.501940922711103,4.131510493512547,Descriptive pooled summary: environment replicas are independent clusters; algorithm replicas are averaged within each environment cluster.
bounded-symbolic-construct-validation.v1-calibration,calibration,07dabc814e26f8ace0ae6cf86ab10cfd6558bc9f32d2f48a751c5694bf35381c,eac4823bf31745572c74e75b5f98978ed84471f5e602e2ce1076e0e43fcf366e,MIX,total-information,a8c929d9e0938e32593534c794dbee9dbfa04af885890b23bf8621a018c75dd1,ddef671b142d3c50802d1df4f8b5c18e676ca9a40bdc91386b8488899c8bef75,12,distractor_information_nats,192,576,3,0.0,0.0,0.0,0.0,0.0,0.0,0.0,0.0,0.963916597707066,exact-sign-median,3.501940922711103,4.131510493512547,Descriptive pooled summary: environment replicas are independent clusters; algorithm replicas are averaged within each environment cluster.
bounded-symbolic-construct-validation.v1-calibration,calibration,07dabc814e26f8ace0ae6cf86ab10cfd6558bc9f32d2f48a751c5694bf35381c,eac4823bf31745572c74e75b5f98978ed84471f5e602e2ce1076e0e43fcf366e,MIX,total-information,a8c929d9e0938e32593534c794dbee9dbfa04af885890b23bf8621a018c75dd1,ddef671b142d3c50802d1df4f8b5c18e676ca9a40bdc91386b8488899c8bef75,12,expected_reward,192,576,3,2.9895833333333335,3.0,2.3333333333333335,3.0,0.0828958849925079,0.005982495189392087,3.0,3.0,0.963916597707066,exact-sign-median,3.501940922711103,4.131510493512547,Descriptive pooled summary: environment replicas are independent clusters; algorithm replicas are averaged within each environment cluster.
bounded-symbolic-construct-validation.v1-calibration,calibration,07dabc814e26f8ace0ae6cf86ab10cfd6558bc9f32d2f48a751c5694bf35381c,eac4823bf31745572c74e75b5f98978ed84471f5e602e2ce1076e0e43fcf366e,MIX,total-information,a8c929d9e0938e32593534c794dbee9dbfa04af885890b23bf8621a018c75dd1,ddef671b142d3c50802d1df4f8b5c18e676ca9a40bdc91386b8488899c8bef75,12,hidden_expected_reward,192,576,3,2.9895833333333335,3.0,2.3333333333333335,3.0,0.0828958849925079,0.005982495189392087,3.0,3.0,0.963916597707066,exact-sign-median,3.501940922711103,4.131510493512547,Descriptive pooled summary: environment replicas are independent clusters; algorithm replicas are averaged within each environment cluster.
bounded-symbolic-construct-validation.v1-calibration,calibration,07dabc814e26f8ace0ae6cf86ab10cfd6558bc9f32d2f48a751c5694bf35381c,eac4823bf31745572c74e75b5f98978ed84471f5e602e2ce1076e0e43fcf366e,MIX,total-information,a8c929d9e0938e32593534c794dbee9dbfa04af885890b23bf8621a018c75dd1,ddef671b142d3c50802d1df4f8b5c18e676ca9a40bdc91386b8488899c8bef75,12,information.approximation_residual_nats,192,576,3,0.0,0.0,0.0,0.0,0.0,0.0,0.0,0.0,0.963916597707066,exact-sign-median,3.501940922711103,4.131510493512547,Descriptive pooled summary: environment replicas are independent clusters; algorithm replicas are averaged within each environment cluster.
bounded-symbolic-construct-validation.v1-calibration,calibration,07dabc814e26f8ace0ae6cf86ab10cfd6558bc9f32d2f48a751c5694bf35381c,eac4823bf31745572c74e75b5f98978ed84471f5e602e2ce1076e0e43fcf366e,MIX,total-information,a8c929d9e0938e32593534c794dbee9dbfa04af885890b23bf8621a018c75dd1,ddef671b142d3c50802d1df4f8b5c18e676ca9a40bdc91386b8488899c8bef75,12,information.dynamic_state_nats,192,576,3,0.0,0.0,0.0,0.0,0.0,0.0,0.0,0.0,0.963916597707066,exact-sign-median,3.501940922711103,4.131510493512547,Descriptive pooled summary: environment replicas are independent clusters; algorithm replicas are averaged within each environment cluster.
bounded-symbolic-construct-validation.v1-calibration,calibration,07dabc814e26f8ace0ae6cf86ab10cfd6558bc9f32d2f48a751c5694bf35381c,eac4823bf31745572c74e75b5f98978ed84471f5e602e2ce1076e0e43fcf366e,MIX,total-information,a8c929d9e0938e32593534c794dbee9dbfa04af885890b23bf8621a018c75dd1,ddef671b142d3c50802d1df4f8b5c18e676ca9a40bdc91386b8488899c8bef75,12,information.persistent_distractor_nats,192,576,3,0.0,0.0,0.0,0.0,0.0,0.0,0.0,0.0,0.963916597707066,exact-sign-median,3.501940922711103,4.131510493512547,Descriptive pooled summary: environment replicas are independent clusters; algorithm replicas are averaged within each environment cluster.
bounded-symbolic-construct-validation.v1-calibration,calibration,07dabc814e26f8ace0ae6cf86ab10cfd6558bc9f32d2f48a751c5694bf35381c,eac4823bf31745572c74e75b5f98978ed84471f5e602e2ce1076e0e43fcf366e,MIX,total-information,a8c929d9e0938e32593534c794dbee9dbfa04af885890b23bf8621a018c75dd1,ddef671b142d3c50802d1df4f8b5c18e676ca9a40bdc91386b8488899c8bef75,12,information.reward_relevant_nats,192,576,3,2.7627351990346973,2.7703230468008435,2.5972993804448308,2.772428592288706,0.020997077420798215,0.0015153335376366579,2.7692703477191976,2.7706739956029156,0.963916597707066,exact-sign-median,3.501940922711103,4.131510493512547,Descriptive pooled summary: environment replicas are independent clusters; algorithm replicas are averaged within each environment cluster.
bounded-symbolic-construct-validation.v1-calibration,calibration,07dabc814e26f8ace0ae6cf86ab10cfd6558bc9f32d2f48a751c5694bf35381c,eac4823bf31745572c74e75b5f98978ed84471f5e602e2ce1076e0e43fcf366e,MIX,total-information,a8c929d9e0938e32593534c794dbee9dbfa04af885890b23bf8621a018c75dd1,ddef671b142d3c50802d1df4f8b5c18e676ca9a40bdc91386b8488899c8bef75,12,information.shared_core_nats,192,576,3,1.3786640466117364,1.3856001602948216,1.212494545420037,1.386214296144353,0.024422714383318517,0.0017625575904437864,1.3851615479545167,1.385687922049435,0.963916597707066,exact-sign-median,3.501940922711103,4.131510493512547,Descriptive pooled summary: environment replicas are independent clusters; algorithm replicas are averaged within each environment cluster.
bounded-symbolic-construct-validation.v1-calibration,calibration,07dabc814e26f8ace0ae6cf86ab10cfd6558bc9f32d2f48a751c5694bf35381c,eac4823bf31745572c74e75b5f98978ed84471f5e602e2ce1076e0e43fcf366e,MIX,total-information,a8c929d9e0938e32593534c794dbee9dbfa04af885890b23bf8621a018c75dd1,ddef671b142d3c50802d1df4f8b5c18e676ca9a40bdc91386b8488899c8bef75,12,information.total_acquired_nats,192,576,3,4.141399245646434,4.154282414198354,3.9522539364750764,4.158642888433059,0.03570880071766221,0.0025770607133476227,4.152729284836913,4.156537342945196,0.963916597707066,exact-sign-median,3.501940922711103,4.131510493512547,Descriptive pooled summary: environment replicas are independent clusters; algorithm replicas are averaged within each environment cluster.
bounded-symbolic-construct-validation.v1-calibration,calibration,07dabc814e26f8ace0ae6cf86ab10cfd6558bc9f32d2f48a751c5694bf35381c,eac4823bf31745572c74e75b5f98978ed84471f5e602e2ce1076e0e43fcf366e,MIX,total-information,a8c929d9e0938e32593534c794dbee9dbfa04af885890b23bf8621a018c75dd1,ddef671b142d3c50802d1df4f8b5c18e676ca9a40bdc91386b8488899c8bef75,12,novelty.aleatoric_observation_novelty,192,576,3,0.0,0.0,0.0,0.0,0.0,0.0,0.0,0.0,0.963916597707066,exact-sign-median,3.501940922711103,4.131510493512547,Descriptive pooled summary: environment replicas are independent clusters; algorithm replicas are averaged within each environment cluster.
bounded-symbolic-construct-validation.v1-calibration,calibration,07dabc814e26f8ace0ae6cf86ab10cfd6558bc9f32d2f48a751c5694bf35381c,eac4823bf31745572c74e75b5f98978ed84471f5e602e2ce1076e0e43fcf366e,MIX,total-information,a8c929d9e0938e32593534c794dbee9dbfa04af885890b23bf8621a018c75dd1,ddef671b142d3c50802d1df4f8b5c18e676ca9a40bdc91386b8488899c8bef75,12,novelty.behavioral_novelty,192,576,3,1.0,1.0,1.0,1.0,0.0,0.0,1.0,1.0,0.963916597707066,exact-sign-median,3.501940922711103,4.131510493512547,Descriptive pooled summary: environment replicas are independent clusters; algorithm replicas are averaged within each environment cluster.
bounded-symbolic-construct-validation.v1-calibration,calibration,07dabc814e26f8ace0ae6cf86ab10cfd6558bc9f32d2f48a751c5694bf35381c,eac4823bf31745572c74e75b5f98978ed84471f5e602e2ce1076e0e43fcf366e,MIX,total-information,a8c929d9e0938e32593534c794dbee9dbfa04af885890b23bf8621a018c75dd1,ddef671b142d3c50802d1df4f8b5c18e676ca9a40bdc91386b8488899c8bef75,12,novelty.compression_improvement,192,576,3,4.141399245646434,4.154282414198354,3.9522539364750764,4.158642888433059,0.03570880071766221,0.0025770607133476227,4.152729284836913,4.156537342945196,0.963916597707066,exact-sign-median,3.501940922711103,4.131510493512547,Descriptive pooled summary: environment replicas are independent clusters; algorithm replicas are averaged within each environment cluster.
bounded-symbolic-construct-validation.v1-calibration,calibration,07dabc814e26f8ace0ae6cf86ab10cfd6558bc9f32d2f48a751c5694bf35381c,eac4823bf31745572c74e75b5f98978ed84471f5e602e2ce1076e0e43fcf366e,MIX,total-information,a8c929d9e0938e32593534c794dbee9dbfa04af885890b23bf8621a018c75dd1,ddef671b142d3c50802d1df4f8b5c18e676ca9a40bdc91386b8488899c8bef75,12,novelty.count_novelty,192,576,3,0.25,0.25,0.25,0.25,0.0,0.0,0.25,0.25,0.963916597707066,exact-sign-median,3.501940922711103,4.131510493512547,Descriptive pooled summary: environment replicas are independent clusters; algorithm replicas are averaged within each environment cluster.
bounded-symbolic-construct-validation.v1-calibration,calibration,07dabc814e26f8ace0ae6cf86ab10cfd6558bc9f32d2f48a751c5694bf35381c,eac4823bf31745572c74e75b5f98978ed84471f5e602e2ce1076e0e43fcf366e,MIX,total-information,a8c929d9e0938e32593534c794dbee9dbfa04af885890b23bf8621a018c75dd1,ddef671b142d3c50802d1df4f8b5c18e676ca9a40bdc91386b8488899c8bef75,12,novelty.latent_visitation_novelty,192,576,3,1.0,1.0,1.0,1.0,0.0,0.0,1.0,1.0,0.963916597707066,exact-sign-median,3.501940922711103,4.131510493512547,Descriptive pooled summary: environment replicas are independent clusters; algorithm replicas are averaged within each environment cluster.
bounded-symbolic-construct-validation.v1-calibration,calibration,07dabc814e26f8ace0ae6cf86ab10cfd6558bc9f32d2f48a751c5694bf35381c,eac4823bf31745572c74e75b5f98978ed84471f5e602e2ce1076e0e43fcf366e,MIX,total-information,a8c929d9e0938e32593534c794dbee9dbfa04af885890b23bf8621a018c75dd1,ddef671b142d3c50802d1df4f8b5c18e676ca9a40bdc91386b8488899c8bef75,12,novelty.observation_prediction_error,192,576,3,0.31566117768119395,0.3117224366988927,0.2850876631974459,0.44916853197065904,0.035556855885170144,0.0025660950396049643,0.2887026907399844,0.31451040346833653,0.963916597707066,exact-sign-median,3.501940922711103,4.131510493512547,Descriptive pooled summary: environment replicas are independent clusters; algorithm replicas are averaged within each environment cluster.
bounded-symbolic-construct-validation.v1-calibration,calibration,07dabc814e26f8ace0ae6cf86ab10cfd6558bc9f32d2f48a751c5694bf35381c,eac4823bf31745572c74e75b5f98978ed84471f5e602e2ce1076e0e43fcf366e,MIX,total-information,a8c929d9e0938e32593534c794dbee9dbfa04af885890b23bf8621a018c75dd1,ddef671b142d3c50802d1df4f8b5c18e676ca9a40bdc91386b8488899c8bef75,12,novelty.persistent_trivia_novelty,192,576,3,0.0,0.0,0.0,0.0,0.0,0.0,0.0,0.0,0.963916597707066,exact-sign-median,3.501940922711103,4.131510493512547,Descriptive pooled summary: environment replicas are independent clusters; algorithm replicas are averaged within each environment cluster.
bounded-symbolic-construct-validation.v1-calibration,calibration,07dabc814e26f8ace0ae6cf86ab10cfd6558bc9f32d2f48a751c5694bf35381c,eac4823bf31745572c74e75b5f98978ed84471f5e602e2ce1076e0e43fcf366e,MIX,total-information,a8c929d9e0938e32593534c794dbee9dbfa04af885890b23bf8621a018c75dd1,ddef671b142d3c50802d1df4f8b5c18e676ca9a40bdc91386b8488899c8bef75,12,public_reward,192,576,3,0.0,0.0,0.0,0.0,0.0,0.0,0.0,0.0,0.963916597707066,exact-sign-median,3.501940922711103,4.131510493512547,Descriptive pooled summary: environment replicas are independent clusters; algorithm replicas are averaged within each environment cluster.
bounded-symbolic-construct-validation.v1-calibration,calibration,07dabc814e26f8ace0ae6cf86ab10cfd6558bc9f32d2f48a751c5694bf35381c,eac4823bf31745572c74e75b5f98978ed84471f5e602e2ce1076e0e43fcf366e,MIX,total-information,a8c929d9e0938e32593534c794dbee9dbfa04af885890b23bf8621a018c75dd1,ddef671b142d3c50802d1df4f8b5c18e676ca9a40bdc91386b8488899c8bef75,12,relevant_information_nats,192,576,3,4.141399245646434,4.154282414198354,3.9522539364750764,4.158642888433059,0.03570880071766226,0.002577060713347626,4.152729284836913,4.156537342945196,0.963916597707066,exact-sign-median,3.501940922711103,4.131510493512547,Descriptive pooled summary: environment replicas are independent clusters; algorithm replicas are averaged within each environment cluster.
bounded-symbolic-construct-validation.v1-calibration,calibration,07dabc814e26f8ace0ae6cf86ab10cfd6558bc9f32d2f48a751c5694bf35381c,eac4823bf31745572c74e75b5f98978ed84471f5e602e2ce1076e0e43fcf366e,MIX,total-information,a8c929d9e0938e32593534c794dbee9dbfa04af885890b23bf8621a018c75dd1,ddef671b142d3c50802d1df4f8b5c18e676ca9a40bdc91386b8488899c8bef75,12,support.abstentions,192,576,3,0.0,0.0,0.0,0.0,0.0,0.0,0.0,0.0,0.963916597707066,exact-sign-median,3.501940922711103,4.131510493512547,Descriptive pooled summary: environment replicas are independent clusters; algorithm replicas are averaged within each environment cluster.
bounded-symbolic-construct-validation.v1-calibration,calibration,07dabc814e26f8ace0ae6cf86ab10cfd6558bc9f32d2f48a751c5694bf35381c,eac4823bf31745572c74e75b5f98978ed84471f5e602e2ce1076e0e43fcf366e,MIX,total-information,a8c929d9e0938e32593534c794dbee9dbfa04af885890b23bf8621a018c75dd1,ddef671b142d3c50802d1df4f8b5c18e676ca9a40bdc91386b8488899c8bef75,12,support.correct_deployments,192,576,3,2.9947916666666665,3.0,2.6666666666666665,3.0,0.04144794249625398,0.0029912475946960457,3.0,3.0,0.963916597707066,exact-sign-median,3.501940922711103,4.131510493512547,Descriptive pooled summary: environment replicas are independent clusters; algorithm replicas are averaged within each environment cluster.
bounded-symbolic-construct-validation.v1-calibration,calibration,07dabc814e26f8ace0ae6cf86ab10cfd6558bc9f32d2f48a751c5694bf35381c,eac4823bf31745572c74e75b5f98978ed84471f5e602e2ce1076e0e43fcf366e,MIX,total-information,a8c929d9e0938e32593534c794dbee9dbfa04af885890b23bf8621a018c75dd1,ddef671b142d3c50802d1df4f8b5c18e676ca9a40bdc91386b8488899c8bef75,12,support.deployment_support,192,576,3,3.0,3.0,3.0,3.0,0.0,0.0,3.0,3.0,0.963916597707066,exact-sign-median,3.501940922711103,4.131510493512547,Descriptive pooled summary: environment replicas are independent clusters; algorithm replicas are averaged within each environment cluster.
bounded-symbolic-construct-validation.v1-calibration,calibration,07dabc814e26f8ace0ae6cf86ab10cfd6558bc9f32d2f48a751c5694bf35381c,eac4823bf31745572c74e75b5f98978ed84471f5e602e2ce1076e0e43fcf366e,MIX,total-information,a8c929d9e0938e32593534c794dbee9dbfa04af885890b23bf8621a018c75dd1,ddef671b142d3c50802d1df4f8b5c18e676ca9a40bdc91386b8488899c8bef75,12,support.incorrect_deployments,192,576,3,0.005208333333333333,0.0,0.0,0.3333333333333333,0.041447942496253956,0.002991247594696044,0.0,0.0,0.963916597707066,exact-sign-median,3.501940922711103,4.131510493512547,Descriptive pooled summary: environment replicas are independent clusters; algorithm replicas are averaged within each environment cluster.
bounded-symbolic-construct-validation.v1-calibration,calibration,07dabc814e26f8ace0ae6cf86ab10cfd6558bc9f32d2f48a751c5694bf35381c,eac4823bf31745572c74e75b5f98978ed84471f5e602e2ce1076e0e43fcf366e,MIX,total-information,a8c929d9e0938e32593534c794dbee9dbfa04af885890b23bf8621a018c75dd1,ddef671b142d3c50802d1df4f8b5c18e676ca9a40bdc91386b8488899c8bef75,12,support.mastered_independent_rules,192,576,3,1.9947916666666667,2.0,1.6666666666666667,2.0,0.04144794249625395,0.0029912475946960435,2.0,2.0,0.963916597707066,exact-sign-median,3.501940922711103,4.131510493512547,Descriptive pooled summary: environment replicas are independent clusters; algorithm replicas are averaged within each environment cluster.
bounded-symbolic-construct-validation.v1-calibration,calibration,07dabc814e26f8ace0ae6cf86ab10cfd6558bc9f32d2f48a751c5694bf35381c,eac4823bf31745572c74e75b5f98978ed84471f5e602e2ce1076e0e43fcf366e,MIX,total-information,a8c929d9e0938e32593534c794dbee9dbfa04af885890b23bf8621a018c75dd1,ddef671b142d3c50802d1df4f8b5c18e676ca9a40bdc91386b8488899c8bef75,12,total_information_nats,192,576,3,4.141399245646434,4.154282414198354,3.9522539364750764,4.158642888433059,0.03570880071766221,0.0025770607133476227,4.152729284836913,4.156537342945196,0.963916597707066,exact-sign-median,3.501940922711103,4.131510493512547,Descriptive pooled summary: environment replicas are independent clusters; algorithm replicas are averaged within each environment cluster.
bounded-symbolic-construct-validation.v1-calibration,calibration,07dabc814e26f8ace0ae6cf86ab10cfd6558bc9f32d2f48a751c5694bf35381c,eac4823bf31745572c74e75b5f98978ed84471f5e602e2ce1076e0e43fcf366e,MIX,novelty,a8c929d9e0938e32593534c794dbee9dbfa04af885890b23bf8621a018c75dd1,fded4a0f778fc9e4cf5c1b74df82effac115dfbd5829c7b80e1a579fd7d8aa24,12,compute.deployment_evaluations,192,576,3,1.0,1.0,1.0,1.0,0.0,0.0,1.0,1.0,0.963916597707066,exact-sign-median,3.501940922711103,4.126948395204691,Descriptive pooled summary: environment replicas are independent clusters; algorithm replicas are averaged within each environment cluster.
bounded-symbolic-construct-validation.v1-calibration,calibration,07dabc814e26f8ace0ae6cf86ab10cfd6558bc9f32d2f48a751c5694bf35381c,eac4823bf31745572c74e75b5f98978ed84471f5e602e2ce1076e0e43fcf366e,MIX,novelty,a8c929d9e0938e32593534c794dbee9dbfa04af885890b23bf8621a018c75dd1,fded4a0f778fc9e4cf5c1b74df82effac115dfbd5829c7b80e1a579fd7d8aa24,12,compute.environment_steps,192,576,3,12.0,12.0,12.0,12.0,0.0,0.0,12.0,12.0,0.963916597707066,exact-sign-median,3.501940922711103,4.126948395204691,Descriptive pooled summary: environment replicas are independent clusters; algorithm replicas are averaged within each environment cluster.
bounded-symbolic-construct-validation.v1-calibration,calibration,07dabc814e26f8ace0ae6cf86ab10cfd6558bc9f32d2f48a751c5694bf35381c,eac4823bf31745572c74e75b5f98978ed84471f5e602e2ce1076e0e43fcf366e,MIX,novelty,a8c929d9e0938e32593534c794dbee9dbfa04af885890b23bf8621a018c75dd1,fded4a0f778fc9e4cf5c1b74df82effac115dfbd5829c7b80e1a579fd7d8aa24,12,compute.frontier_solver_calls,192,576,3,13.0,13.0,13.0,13.0,0.0,0.0,13.0,13.0,0.963916597707066,exact-sign-median,3.501940922711103,4.126948395204691,Descriptive pooled summary: environment replicas are independent clusters; algorithm replicas are averaged within each environment cluster.
bounded-symbolic-construct-validation.v1-calibration,calibration,07dabc814e26f8ace0ae6cf86ab10cfd6558bc9f32d2f48a751c5694bf35381c,eac4823bf31745572c74e75b5f98978ed84471f5e602e2ce1076e0e43fcf366e,MIX,novelty,a8c929d9e0938e32593534c794dbee9dbfa04af885890b23bf8621a018c75dd1,fded4a0f778fc9e4cf5c1b74df82effac115dfbd5829c7b80e1a579fd7d8aa24,12,compute.posterior_updates,192,576,3,12.0,12.0,12.0,12.0,0.0,0.0,12.0,12.0,0.963916597707066,exact-sign-median,3.501940922711103,4.126948395204691,Descriptive pooled summary: environment replicas are independent clusters; algorithm replicas are averaged within each environment cluster.
bounded-symbolic-construct-validation.v1-calibration,calibration,07dabc814e26f8ace0ae6cf86ab10cfd6558bc9f32d2f48a751c5694bf35381c,eac4823bf31745572c74e75b5f98978ed84471f5e602e2ce1076e0e43fcf366e,MIX,novelty,a8c929d9e0938e32593534c794dbee9dbfa04af885890b23bf8621a018c75dd1,fded4a0f778fc9e4cf5c1b74df82effac115dfbd5829c7b80e1a579fd7d8aa24,12,compute.queries,192,576,3,12.0,12.0,12.0,12.0,0.0,0.0,12.0,12.0,0.963916597707066,exact-sign-median,3.501940922711103,4.126948395204691,Descriptive pooled summary: environment replicas are independent clusters; algorithm replicas are averaged within each environment cluster.
bounded-symbolic-construct-validation.v1-calibration,calibration,07dabc814e26f8ace0ae6cf86ab10cfd6558bc9f32d2f48a751c5694bf35381c,eac4823bf31745572c74e75b5f98978ed84471f5e602e2ce1076e0e43fcf366e,MIX,novelty,a8c929d9e0938e32593534c794dbee9dbfa04af885890b23bf8621a018c75dd1,fded4a0f778fc9e4cf5c1b74df82effac115dfbd5829c7b80e1a579fd7d8aa24,12,distractor_information_nats,192,576,3,0.0,0.0,0.0,0.0,0.0,0.0,0.0,0.0,0.963916597707066,exact-sign-median,3.501940922711103,4.126948395204691,Descriptive pooled summary: environment replicas are independent clusters; algorithm replicas are averaged within each environment cluster.
bounded-symbolic-construct-validation.v1-calibration,calibration,07dabc814e26f8ace0ae6cf86ab10cfd6558bc9f32d2f48a751c5694bf35381c,eac4823bf31745572c74e75b5f98978ed84471f5e602e2ce1076e0e43fcf366e,MIX,novelty,a8c929d9e0938e32593534c794dbee9dbfa04af885890b23bf8621a018c75dd1,fded4a0f778fc9e4cf5c1b74df82effac115dfbd5829c7b80e1a579fd7d8aa24,12,expected_reward,192,576,3,2.987847222222222,3.0,2.0,3.0,0.09869654182708312,0.00712280937399395,3.0,3.0,0.963916597707066,exact-sign-median,3.501940922711103,4.126948395204691,Descriptive pooled summary: environment replicas are independent clusters; algorithm replicas are averaged within each environment cluster.
bounded-symbolic-construct-validation.v1-calibration,calibration,07dabc814e26f8ace0ae6cf86ab10cfd6558bc9f32d2f48a751c5694bf35381c,eac4823bf31745572c74e75b5f98978ed84471f5e602e2ce1076e0e43fcf366e,MIX,novelty,a8c929d9e0938e32593534c794dbee9dbfa04af885890b23bf8621a018c75dd1,fded4a0f778fc9e4cf5c1b74df82effac115dfbd5829c7b80e1a579fd7d8aa24,12,hidden_expected_reward,192,576,3,2.987847222222222,3.0,2.0,3.0,0.09869654182708312,0.00712280937399395,3.0,3.0,0.963916597707066,exact-sign-median,3.501940922711103,4.126948395204691,Descriptive pooled summary: environment replicas are independent clusters; algorithm replicas are averaged within each environment cluster.
bounded-symbolic-construct-validation.v1-calibration,calibration,07dabc814e26f8ace0ae6cf86ab10cfd6558bc9f32d2f48a751c5694bf35381c,eac4823bf31745572c74e75b5f98978ed84471f5e602e2ce1076e0e43fcf366e,MIX,novelty,a8c929d9e0938e32593534c794dbee9dbfa04af885890b23bf8621a018c75dd1,fded4a0f778fc9e4cf5c1b74df82effac115dfbd5829c7b80e1a579fd7d8aa24,12,information.approximation_residual_nats,192,576,3,0.0,0.0,0.0,0.0,0.0,0.0,0.0,0.0,0.963916597707066,exact-sign-median,3.501940922711103,4.126948395204691,Descriptive pooled summary: environment replicas are independent clusters; algorithm replicas are averaged within each environment cluster.
bounded-symbolic-construct-validation.v1-calibration,calibration,07dabc814e26f8ace0ae6cf86ab10cfd6558bc9f32d2f48a751c5694bf35381c,eac4823bf31745572c74e75b5f98978ed84471f5e602e2ce1076e0e43fcf366e,MIX,novelty,a8c929d9e0938e32593534c794dbee9dbfa04af885890b23bf8621a018c75dd1,fded4a0f778fc9e4cf5c1b74df82effac115dfbd5829c7b80e1a579fd7d8aa24,12,information.dynamic_state_nats,192,576,3,0.0,0.0,0.0,0.0,0.0,0.0,0.0,0.0,0.963916597707066,exact-sign-median,3.501940922711103,4.126948395204691,Descriptive pooled summary: environment replicas are independent clusters; algorithm replicas are averaged within each environment cluster.
bounded-symbolic-construct-validation.v1-calibration,calibration,07dabc814e26f8ace0ae6cf86ab10cfd6558bc9f32d2f48a751c5694bf35381c,eac4823bf31745572c74e75b5f98978ed84471f5e602e2ce1076e0e43fcf366e,MIX,novelty,a8c929d9e0938e32593534c794dbee9dbfa04af885890b23bf8621a018c75dd1,fded4a0f778fc9e4cf5c1b74df82effac115dfbd5829c7b80e1a579fd7d8aa24,12,information.persistent_distractor_nats,192,576,3,0.0,0.0,0.0,0.0,0.0,0.0,0.0,0.0,0.963916597707066,exact-sign-median,3.501940922711103,4.126948395204691,Descriptive pooled summary: environment replicas are independent clusters; algorithm replicas are averaged within each environment cluster.
bounded-symbolic-construct-validation.v1-calibration,calibration,07dabc814e26f8ace0ae6cf86ab10cfd6558bc9f32d2f48a751c5694bf35381c,eac4823bf31745572c74e75b5f98978ed84471f5e602e2ce1076e0e43fcf366e,MIX,novelty,a8c929d9e0938e32593534c794dbee9dbfa04af885890b23bf8621a018c75dd1,fded4a0f778fc9e4cf5c1b74df82effac115dfbd5829c7b80e1a579fd7d8aa24,12,information.reward_relevant_nats,192,576,3,2.7615656045703005,2.769796721814115,2.424134672978657,2.772428592288706,0.03069335694699856,0.002215102236960361,2.767743211283433,2.7706739956029156,0.963916597707066,exact-sign-median,3.501940922711103,4.126948395204691,Descriptive pooled summary: environment replicas are independent clusters; algorithm replicas are averaged within each environment cluster.
bounded-symbolic-construct-validation.v1-calibration,calibration,07dabc814e26f8ace0ae6cf86ab10cfd6558bc9f32d2f48a751c5694bf35381c,eac4823bf31745572c74e75b5f98978ed84471f5e602e2ce1076e0e43fcf366e,MIX,novelty,a8c929d9e0938e32593534c794dbee9dbfa04af885890b23bf8621a018c75dd1,fded4a0f778fc9e4cf5c1b74df82effac115dfbd5829c7b80e1a579fd7d8aa24,12,information.shared_core_nats,192,576,3,1.3792088234720297,1.3856878729412447,1.212494545420037,1.386214296144353,0.023581189428176882,0.001701825758021185,1.3851615479545167,1.385687922049435,0.963916597707066,exact-sign-median,3.501940922711103,4.126948395204691,Descriptive pooled summary: environment replicas are independent clusters; algorithm replicas are averaged within each environment cluster.
bounded-symbolic-construct-validation.v1-calibration,calibration,07dabc814e26f8ace0ae6cf86ab10cfd6558bc9f32d2f48a751c5694bf35381c,eac4823bf31745572c74e75b5f98978ed84471f5e602e2ce1076e0e43fcf366e,MIX,novelty,a8c929d9e0938e32593534c794dbee9dbfa04af885890b23bf8621a018c75dd1,fded4a0f778fc9e4cf5c1b74df82effac115dfbd5829c7b80e1a579fd7d8aa24,12,information.total_acquired_nats,192,576,3,4.14077442804233,4.153431133332868,3.7891039422141923,4.158642888433059,0.0413161898585309,0.002981739167089063,4.152729284836913,4.155133678693656,0.963916597707066,exact-sign-median,3.501940922711103,4.126948395204691,Descriptive pooled summary: environment replicas are independent clusters; algorithm replicas are averaged within each environment cluster.
bounded-symbolic-construct-validation.v1-calibration,calibration,07dabc814e26f8ace0ae6cf86ab10cfd6558bc9f32d2f48a751c5694bf35381c,eac4823bf31745572c74e75b5f98978ed84471f5e602e2ce1076e0e43fcf366e,MIX,novelty,a8c929d9e0938e32593534c794dbee9dbfa04af885890b23bf8621a018c75dd1,fded4a0f778fc9e4cf5c1b74df82effac115dfbd5829c7b80e1a579fd7d8aa24,12,novelty.aleatoric_observation_novelty,192,576,3,0.0,0.0,0.0,0.0,0.0,0.0,0.0,0.0,0.963916597707066,exact-sign-median,3.501940922711103,4.126948395204691,Descriptive pooled summary: environment replicas are independent clusters; algorithm replicas are averaged within each environment cluster.
bounded-symbolic-construct-validation.v1-calibration,calibration,07dabc814e26f8ace0ae6cf86ab10cfd6558bc9f32d2f48a751c5694bf35381c,eac4823bf31745572c74e75b5f98978ed84471f5e602e2ce1076e0e43fcf366e,MIX,novelty,a8c929d9e0938e32593534c794dbee9dbfa04af885890b23bf8621a018c75dd1,fded4a0f778fc9e4cf5c1b74df82effac115dfbd5829c7b80e1a579fd7d8aa24,12,novelty.behavioral_novelty,192,576,3,0.9994212962962963,1.0,0.8888888888888888,1.0,0.008018753738744807,0.0005787037037037041,1.0,1.0,0.963916597707066,exact-sign-median,3.501940922711103,4.126948395204691,Descriptive pooled summary: environment replicas are independent clusters; algorithm replicas are averaged within each environment cluster.
bounded-symbolic-construct-validation.v1-calibration,calibration,07dabc814e26f8ace0ae6cf86ab10cfd6558bc9f32d2f48a751c5694bf35381c,eac4823bf31745572c74e75b5f98978ed84471f5e602e2ce1076e0e43fcf366e,MIX,novelty,a8c929d9e0938e32593534c794dbee9dbfa04af885890b23bf8621a018c75dd1,fded4a0f778fc9e4cf5c1b74df82effac115dfbd5829c7b80e1a579fd7d8aa24,12,novelty.compression_improvement,192,576,3,4.14077442804233,4.153431133332868,3.7891039422141923,4.158642888433059,0.0413161898585309,0.002981739167089063,4.152729284836913,4.155133678693656,0.963916597707066,exact-sign-median,3.501940922711103,4.126948395204691,Descriptive pooled summary: environment replicas are independent clusters; algorithm replicas are averaged within each environment cluster.
bounded-symbolic-construct-validation.v1-calibration,calibration,07dabc814e26f8ace0ae6cf86ab10cfd6558bc9f32d2f48a751c5694bf35381c,eac4823bf31745572c74e75b5f98978ed84471f5e602e2ce1076e0e43fcf366e,MIX,novelty,a8c929d9e0938e32593534c794dbee9dbfa04af885890b23bf8621a018c75dd1,fded4a0f778fc9e4cf5c1b74df82effac115dfbd5829c7b80e1a579fd7d8aa24,12,novelty.count_novelty,192,576,3,0.25,0.25,0.25,0.25,0.0,0.0,0.25,0.25,0.963916597707066,exact-sign-median,3.501940922711103,4.126948395204691,Descriptive pooled summary: environment replicas are independent clusters; algorithm replicas are averaged within each environment cluster.
bounded-symbolic-construct-validation.v1-calibration,calibration,07dabc814e26f8ace0ae6cf86ab10cfd6558bc9f32d2f48a751c5694bf35381c,eac4823bf31745572c74e75b5f98978ed84471f5e602e2ce1076e0e43fcf366e,MIX,novelty,a8c929d9e0938e32593534c794dbee9dbfa04af885890b23bf8621a018c75dd1,fded4a0f778fc9e4cf5c1b74df82effac115dfbd5829c7b80e1a579fd7d8aa24,12,novelty.latent_visitation_novelty,192,576,3,1.0,1.0,1.0,1.0,0.0,0.0,1.0,1.0,0.963916597707066,exact-sign-median,3.501940922711103,4.126948395204691,Descriptive pooled summary: environment replicas are independent clusters; algorithm replicas are averaged within each environment cluster.
bounded-symbolic-construct-validation.v1-calibration,calibration,07dabc814e26f8ace0ae6cf86ab10cfd6558bc9f32d2f48a751c5694bf35381c,eac4823bf31745572c74e75b5f98978ed84471f5e602e2ce1076e0e43fcf366e,MIX,novelty,a8c929d9e0938e32593534c794dbee9dbfa04af885890b23bf8621a018c75dd1,fded4a0f778fc9e4cf5c1b74df82effac115dfbd5829c7b80e1a579fd7d8aa24,12,novelty.observation_prediction_error,192,576,3,0.31555188394383044,0.3117224366988927,0.2850876631974459,0.44916853197065904,0.03538620777468211,0.0025537795730390936,0.2887027690896503,0.31451040346833653,0.963916597707066,exact-sign-median,3.501940922711103,4.126948395204691,Descriptive pooled summary: environment replicas are independent clusters; algorithm replicas are averaged within each environment cluster.
bounded-symbolic-construct-validation.v1-calibration,calibration,07dabc814e26f8ace0ae6cf86ab10cfd6558bc9f32d2f48a751c5694bf35381c,eac4823bf31745572c74e75b5f98978ed84471f5e602e2ce1076e0e43fcf366e,MIX,novelty,a8c929d9e0938e32593534c794dbee9dbfa04af885890b23bf8621a018c75dd1,fded4a0f778fc9e4cf5c1b74df82effac115dfbd5829c7b80e1a579fd7d8aa24,12,novelty.persistent_trivia_novelty,192,576,3,0.0,0.0,0.0,0.0,0.0,0.0,0.0,0.0,0.963916597707066,exact-sign-median,3.501940922711103,4.126948395204691,Descriptive pooled summary: environment replicas are independent clusters; algorithm replicas are averaged within each environment cluster.
bounded-symbolic-construct-validation.v1-calibration,calibration,07dabc814e26f8ace0ae6cf86ab10cfd6558bc9f32d2f48a751c5694bf35381c,eac4823bf31745572c74e75b5f98978ed84471f5e602e2ce1076e0e43fcf366e,MIX,novelty,a8c929d9e0938e32593534c794dbee9dbfa04af885890b23bf8621a018c75dd1,fded4a0f778fc9e4cf5c1b74df82effac115dfbd5829c7b80e1a579fd7d8aa24,12,public_reward,192,576,3,0.0,0.0,0.0,0.0,0.0,0.0,0.0,0.0,0.963916597707066,exact-sign-median,3.501940922711103,4.126948395204691,Descriptive pooled summary: environment replicas are independent clusters; algorithm replicas are averaged within each environment cluster.
bounded-symbolic-construct-validation.v1-calibration,calibration,07dabc814e26f8ace0ae6cf86ab10cfd6558bc9f32d2f48a751c5694bf35381c,eac4823bf31745572c74e75b5f98978ed84471f5e602e2ce1076e0e43fcf366e,MIX,novelty,a8c929d9e0938e32593534c794dbee9dbfa04af885890b23bf8621a018c75dd1,fded4a0f778fc9e4cf5c1b74df82effac115dfbd5829c7b80e1a579fd7d8aa24,12,relevant_information_nats,192,576,3,4.14077442804233,4.153431133332868,3.789103942214192,4.158642888433059,0.041316189858530965,0.0029817391670890676,4.152729284836913,4.155133678693656,0.963916597707066,exact-sign-median,3.501940922711103,4.126948395204691,Descriptive pooled summary: environment replicas are independent clusters; algorithm replicas are averaged within each environment cluster.
bounded-symbolic-construct-validation.v1-calibration,calibration,07dabc814e26f8ace0ae6cf86ab10cfd6558bc9f32d2f48a751c5694bf35381c,eac4823bf31745572c74e75b5f98978ed84471f5e602e2ce1076e0e43fcf366e,MIX,novelty,a8c929d9e0938e32593534c794dbee9dbfa04af885890b23bf8621a018c75dd1,fded4a0f778fc9e4cf5c1b74df82effac115dfbd5829c7b80e1a579fd7d8aa24,12,support.abstentions,192,576,3,0.001736111111111111,0.0,0.0,0.3333333333333333,0.024056261216234404,0.001736111111111111,0.0,0.0,0.963916597707066,exact-sign-median,3.501940922711103,4.126948395204691,Descriptive pooled summary: environment replicas are independent clusters; algorithm replicas are averaged within each environment cluster.
bounded-symbolic-construct-validation.v1-calibration,calibration,07dabc814e26f8ace0ae6cf86ab10cfd6558bc9f32d2f48a751c5694bf35381c,eac4823bf31745572c74e75b5f98978ed84471f5e602e2ce1076e0e43fcf366e,MIX,novelty,a8c929d9e0938e32593534c794dbee9dbfa04af885890b23bf8621a018c75dd1,fded4a0f778fc9e4cf5c1b74df82effac115dfbd5829c7b80e1a579fd7d8aa24,12,support.correct_deployments,192,576,3,2.9930555555555554,3.0,2.3333333333333335,3.0,0.05866790944793978,0.004233991664070078,3.0,3.0,0.963916597707066,exact-sign-median,3.501940922711103,4.126948395204691,Descriptive pooled summary: environment replicas are independent clusters; algorithm replicas are averaged within each environment cluster.
bounded-symbolic-construct-validation.v1-calibration,calibration,07dabc814e26f8ace0ae6cf86ab10cfd6558bc9f32d2f48a751c5694bf35381c,eac4823bf31745572c74e75b5f98978ed84471f5e602e2ce1076e0e43fcf366e,MIX,novelty,a8c929d9e0938e32593534c794dbee9dbfa04af885890b23bf8621a018c75dd1,fded4a0f778fc9e4cf5c1b74df82effac115dfbd5829c7b80e1a579fd7d8aa24,12,support.deployment_support,192,576,3,2.998263888888889,3.0,2.6666666666666665,3.0,0.024056261216234418,0.001736111111111112,3.0,3.0,0.963916597707066,exact-sign-median,3.501940922711103,4.126948395204691,Descriptive pooled summary: environment replicas are independent clusters; algorithm replicas are averaged within each environment cluster.
bounded-symbolic-construct-validation.v1-calibration,calibration,07dabc814e26f8ace0ae6cf86ab10cfd6558bc9f32d2f48a751c5694bf35381c,eac4823bf31745572c74e75b5f98978ed84471f5e602e2ce1076e0e43fcf366e,MIX,novelty,a8c929d9e0938e32593534c794dbee9dbfa04af885890b23bf8621a018c75dd1,fded4a0f778fc9e4cf5c1b74df82effac115dfbd5829c7b80e1a579fd7d8aa24,12,support.incorrect_deployments,192,576,3,0.005208333333333333,0.0,0.0,0.3333333333333333,0.041447942496253956,0.002991247594696044,0.0,0.0,0.963916597707066,exact-sign-median,3.501940922711103,4.126948395204691,Descriptive pooled summary: environment replicas are independent clusters; algorithm replicas are averaged within each environment cluster.
bounded-symbolic-construct-validation.v1-calibration,calibration,07dabc814e26f8ace0ae6cf86ab10cfd6558bc9f32d2f48a751c5694bf35381c,eac4823bf31745572c74e75b5f98978ed84471f5e602e2ce1076e0e43fcf366e,MIX,novelty,a8c929d9e0938e32593534c794dbee9dbfa04af885890b23bf8621a018c75dd1,fded4a0f778fc9e4cf5c1b74df82effac115dfbd5829c7b80e1a579fd7d8aa24,12,support.mastered_independent_rules,192,576,3,1.9930555555555556,2.0,1.3333333333333333,2.0,0.05866790944793978,0.004233991664070078,2.0,2.0,0.963916597707066,exact-sign-median,3.501940922711103,4.126948395204691,Descriptive pooled summary: environment replicas are independent clusters; algorithm replicas are averaged within each environment cluster.
bounded-symbolic-construct-validation.v1-calibration,calibration,07dabc814e26f8ace0ae6cf86ab10cfd6558bc9f32d2f48a751c5694bf35381c,eac4823bf31745572c74e75b5f98978ed84471f5e602e2ce1076e0e43fcf366e,MIX,novelty,a8c929d9e0938e32593534c794dbee9dbfa04af885890b23bf8621a018c75dd1,fded4a0f778fc9e4cf5c1b74df82effac115dfbd5829c7b80e1a579fd7d8aa24,12,total_information_nats,192,576,3,4.14077442804233,4.153431133332868,3.7891039422141923,4.158642888433059,0.0413161898585309,0.002981739167089063,4.152729284836913,4.155133678693656,0.963916597707066,exact-sign-median,3.501940922711103,4.126948395204691,Descriptive pooled summary: environment replicas are independent clusters; algorithm replicas are averaged within each environment cluster.
bounded-symbolic-construct-validation.v1-calibration,calibration,07dabc814e26f8ace0ae6cf86ab10cfd6558bc9f32d2f48a751c5694bf35381c,eac4823bf31745572c74e75b5f98978ed84471f5e602e2ce1076e0e43fcf366e,PUBLIC-C,scheduled,cf55be90e5670a531c259e88cb530c3de846816a2e1e1d6d027593d497b3026f,212aac92a1da8532e5972f40437fe5263d519fb358a0ec6fa63c804d134831ac,12,compute.deployment_evaluations,192,576,3,1.0,1.0,1.0,1.0,0.0,0.0,1.0,1.0,0.963916597707066,exact-sign-median,3.501940922711103,4.049392723971171,Descriptive pooled summary: environment replicas are independent clusters; algorithm replicas are averaged within each environment cluster.
bounded-symbolic-construct-validation.v1-calibration,calibration,07dabc814e26f8ace0ae6cf86ab10cfd6558bc9f32d2f48a751c5694bf35381c,eac4823bf31745572c74e75b5f98978ed84471f5e602e2ce1076e0e43fcf366e,PUBLIC-C,scheduled,cf55be90e5670a531c259e88cb530c3de846816a2e1e1d6d027593d497b3026f,212aac92a1da8532e5972f40437fe5263d519fb358a0ec6fa63c804d134831ac,12,compute.environment_steps,192,576,3,12.0,12.0,12.0,12.0,0.0,0.0,12.0,12.0,0.963916597707066,exact-sign-median,3.501940922711103,4.049392723971171,Descriptive pooled summary: environment replicas are independent clusters; algorithm replicas are averaged within each environment cluster.
bounded-symbolic-construct-validation.v1-calibration,calibration,07dabc814e26f8ace0ae6cf86ab10cfd6558bc9f32d2f48a751c5694bf35381c,eac4823bf31745572c74e75b5f98978ed84471f5e602e2ce1076e0e43fcf366e,PUBLIC-C,scheduled,cf55be90e5670a531c259e88cb530c3de846816a2e1e1d6d027593d497b3026f,212aac92a1da8532e5972f40437fe5263d519fb358a0ec6fa63c804d134831ac,12,compute.frontier_solver_calls,192,576,3,13.0,13.0,13.0,13.0,0.0,0.0,13.0,13.0,0.963916597707066,exact-sign-median,3.501940922711103,4.049392723971171,Descriptive pooled summary: environment replicas are independent clusters; algorithm replicas are averaged within each environment cluster.
bounded-symbolic-construct-validation.v1-calibration,calibration,07dabc814e26f8ace0ae6cf86ab10cfd6558bc9f32d2f48a751c5694bf35381c,eac4823bf31745572c74e75b5f98978ed84471f5e602e2ce1076e0e43fcf366e,PUBLIC-C,scheduled,cf55be90e5670a531c259e88cb530c3de846816a2e1e1d6d027593d497b3026f,212aac92a1da8532e5972f40437fe5263d519fb358a0ec6fa63c804d134831ac,12,compute.posterior_updates,192,576,3,12.0,12.0,12.0,12.0,0.0,0.0,12.0,12.0,0.963916597707066,exact-sign-median,3.501940922711103,4.049392723971171,Descriptive pooled summary: environment replicas are independent clusters; algorithm replicas are averaged within each environment cluster.
bounded-symbolic-construct-validation.v1-calibration,calibration,07dabc814e26f8ace0ae6cf86ab10cfd6558bc9f32d2f48a751c5694bf35381c,eac4823bf31745572c74e75b5f98978ed84471f5e602e2ce1076e0e43fcf366e,PUBLIC-C,scheduled,cf55be90e5670a531c259e88cb530c3de846816a2e1e1d6d027593d497b3026f,212aac92a1da8532e5972f40437fe5263d519fb358a0ec6fa63c804d134831ac,12,compute.queries,192,576,3,12.0,12.0,12.0,12.0,0.0,0.0,12.0,12.0,0.963916597707066,exact-sign-median,3.501940922711103,4.049392723971171,Descriptive pooled summary: environment replicas are independent clusters; algorithm replicas are averaged within each environment cluster.
bounded-symbolic-construct-validation.v1-calibration,calibration,07dabc814e26f8ace0ae6cf86ab10cfd6558bc9f32d2f48a751c5694bf35381c,eac4823bf31745572c74e75b5f98978ed84471f5e602e2ce1076e0e43fcf366e,PUBLIC-C,scheduled,cf55be90e5670a531c259e88cb530c3de846816a2e1e1d6d027593d497b3026f,212aac92a1da8532e5972f40437fe5263d519fb358a0ec6fa63c804d134831ac,12,distractor_information_nats,192,576,3,0.0,0.0,0.0,0.0,0.0,0.0,0.0,0.0,0.963916597707066,exact-sign-median,3.501940922711103,4.049392723971171,Descriptive pooled summary: environment replicas are independent clusters; algorithm replicas are averaged within each environment cluster.
bounded-symbolic-construct-validation.v1-calibration,calibration,07dabc814e26f8ace0ae6cf86ab10cfd6558bc9f32d2f48a751c5694bf35381c,eac4823bf31745572c74e75b5f98978ed84471f5e602e2ce1076e0e43fcf366e,PUBLIC-C,scheduled,cf55be90e5670a531c259e88cb530c3de846816a2e1e1d6d027593d497b3026f,212aac92a1da8532e5972f40437fe5263d519fb358a0ec6fa63c804d134831ac,12,expected_reward,192,576,3,3.4583333333333335,3.5,1.5,3.5,0.24714777853100314,0.017836354558061585,3.5,3.5,0.963916597707066,exact-sign-median,3.501940922711103,4.049392723971171,Descriptive pooled summary: environment replicas are independent clusters; algorithm replicas are averaged within each environment cluster.
bounded-symbolic-construct-validation.v1-calibration,calibration,07dabc814e26f8ace0ae6cf86ab10cfd6558bc9f32d2f48a751c5694bf35381c,eac4823bf31745572c74e75b5f98978ed84471f5e602e2ce1076e0e43fcf366e,PUBLIC-C,scheduled,cf55be90e5670a531c259e88cb530c3de846816a2e1e1d6d027593d497b3026f,212aac92a1da8532e5972f40437fe5263d519fb358a0ec6fa63c804d134831ac,12,hidden_expected_reward,192,576,3,2.9583333333333335,3.0,1.0,3.0,0.24714777853100314,0.017836354558061585,3.0,3.0,0.963916597707066,exact-sign-median,3.501940922711103,4.049392723971171,Descriptive pooled summary: environment replicas are independent clusters; algorithm replicas are averaged within each environment cluster.
bounded-symbolic-construct-validation.v1-calibration,calibration,07dabc814e26f8ace0ae6cf86ab10cfd6558bc9f32d2f48a751c5694bf35381c,eac4823bf31745572c74e75b5f98978ed84471f5e602e2ce1076e0e43fcf366e,PUBLIC-C,scheduled,cf55be90e5670a531c259e88cb530c3de846816a2e1e1d6d027593d497b3026f,212aac92a1da8532e5972f40437fe5263d519fb358a0ec6fa63c804d134831ac,12,information.approximation_residual_nats,192,576,3,0.0,0.0,0.0,0.0,0.0,0.0,0.0,0.0,0.963916597707066,exact-sign-median,3.501940922711103,4.049392723971171,Descriptive pooled summary: environment replicas are independent clusters; algorithm replicas are averaged within each environment cluster.
bounded-symbolic-construct-validation.v1-calibration,calibration,07dabc814e26f8ace0ae6cf86ab10cfd6558bc9f32d2f48a751c5694bf35381c,eac4823bf31745572c74e75b5f98978ed84471f5e602e2ce1076e0e43fcf366e,PUBLIC-C,scheduled,cf55be90e5670a531c259e88cb530c3de846816a2e1e1d6d027593d497b3026f,212aac92a1da8532e5972f40437fe5263d519fb358a0ec6fa63c804d134831ac,12,information.dynamic_state_nats,192,576,3,0.0,0.0,0.0,0.0,0.0,0.0,0.0,0.0,0.963916597707066,exact-sign-median,3.501940922711103,4.049392723971171,Descriptive pooled summary: environment replicas are independent clusters; algorithm replicas are averaged within each environment cluster.
bounded-symbolic-construct-validation.v1-calibration,calibration,07dabc814e26f8ace0ae6cf86ab10cfd6558bc9f32d2f48a751c5694bf35381c,eac4823bf31745572c74e75b5f98978ed84471f5e602e2ce1076e0e43fcf366e,PUBLIC-C,scheduled,cf55be90e5670a531c259e88cb530c3de846816a2e1e1d6d027593d497b3026f,212aac92a1da8532e5972f40437fe5263d519fb358a0ec6fa63c804d134831ac,12,information.persistent_distractor_nats,192,576,3,0.0,0.0,0.0,0.0,0.0,0.0,0.0,0.0,0.963916597707066,exact-sign-median,3.501940922711103,4.049392723971171,Descriptive pooled summary: environment replicas are independent clusters; algorithm replicas are averaged within each environment cluster.
bounded-symbolic-construct-validation.v1-calibration,calibration,07dabc814e26f8ace0ae6cf86ab10cfd6558bc9f32d2f48a751c5694bf35381c,eac4823bf31745572c74e75b5f98978ed84471f5e602e2ce1076e0e43fcf366e,PUBLIC-C,scheduled,cf55be90e5670a531c259e88cb530c3de846816a2e1e1d6d027593d497b3026f,212aac92a1da8532e5972f40437fe5263d519fb358a0ec6fa63c804d134831ac,12,information.reward_relevant_nats,192,576,3,4.1088424145927,4.156537342945196,2.7703230468008435,4.158642888433059,0.15396586148648045,0.011111528946904016,4.14721871410821,4.156537342945196,0.963916597707066,exact-sign-median,3.501940922711103,4.049392723971171,Descriptive pooled summary: environment replicas are independent clusters; algorithm replicas are averaged within each environment cluster.
bounded-symbolic-construct-validation.v1-calibration,calibration,07dabc814e26f8ace0ae6cf86ab10cfd6558bc9f32d2f48a751c5694bf35381c,eac4823bf31745572c74e75b5f98978ed84471f5e602e2ce1076e0e43fcf366e,PUBLIC-C,scheduled,cf55be90e5670a531c259e88cb530c3de846816a2e1e1d6d027593d497b3026f,212aac92a1da8532e5972f40437fe5263d519fb358a0ec6fa63c804d134831ac,12,information.shared_core_nats,192,576,3,0.0,0.0,0.0,0.0,0.0,0.0,0.0,0.0,0.963916597707066,exact-sign-median,3.501940922711103,4.049392723971171,Descriptive pooled summary: environment replicas are independent clusters; algorithm replicas are averaged within each environment cluster.
bounded-symbolic-construct-validation.v1-calibration,calibration,07dabc814e26f8ace0ae6cf86ab10cfd6558bc9f32d2f48a751c5694bf35381c,eac4823bf31745572c74e75b5f98978ed84471f5e602e2ce1076e0e43fcf366e,PUBLIC-C,scheduled,cf55be90e5670a531c259e88cb530c3de846816a2e1e1d6d027593d497b3026f,212aac92a1da8532e5972f40437fe5263d519fb358a0ec6fa63c804d134831ac,12,information.total_acquired_nats,192,576,3,4.1088424145927,4.156537342945196,2.7703230468008435,4.158642888433059,0.15396586148648042,0.011111528946904014,4.147218714108211,4.156537342945196,0.963916597707066,exact-sign-median,3.501940922711103,4.049392723971171,Descriptive pooled summary: environment replicas are independent clusters; algorithm replicas are averaged within each environment cluster.
bounded-symbolic-construct-validation.v1-calibration,calibration,07dabc814e26f8ace0ae6cf86ab10cfd6558bc9f32d2f48a751c5694bf35381c,eac4823bf31745572c74e75b5f98978ed84471f5e602e2ce1076e0e43fcf366e,PUBLIC-C,scheduled,cf55be90e5670a531c259e88cb530c3de846816a2e1e1d6d027593d497b3026f,212aac92a1da8532e5972f40437fe5263d519fb358a0ec6fa63c804d134831ac,12,novelty.aleatoric_observation_novelty,192,576,3,0.0,0.0,0.0,0.0,0.0,0.0,0.0,0.0,0.963916597707066,exact-sign-median,3.501940922711103,4.049392723971171,Descriptive pooled summary: environment replicas are independent clusters; algorithm replicas are averaged within each environment cluster.
bounded-symbolic-construct-validation.v1-calibration,calibration,07dabc814e26f8ace0ae6cf86ab10cfd6558bc9f32d2f48a751c5694bf35381c,eac4823bf31745572c74e75b5f98978ed84471f5e602e2ce1076e0e43fcf366e,PUBLIC-C,scheduled,cf55be90e5670a531c259e88cb530c3de846816a2e1e1d6d027593d497b3026f,212aac92a1da8532e5972f40437fe5263d519fb358a0ec6fa63c804d134831ac,12,novelty.behavioral_novelty,192,576,3,0.9930555555555555,1.0,0.6666666666666666,1.0,0.04773317993742029,0.0034448455357683062,1.0,1.0,0.963916597707066,exact-sign-median,3.501940922711103,4.049392723971171,Descriptive pooled summary: environment replicas are independent clusters; algorithm replicas are averaged within each environment cluster.
bounded-symbolic-construct-validation.v1-calibration,calibration,07dabc814e26f8ace0ae6cf86ab10cfd6558bc9f32d2f48a751c5694bf35381c,eac4823bf31745572c74e75b5f98978ed84471f5e602e2ce1076e0e43fcf366e,PUBLIC-C,scheduled,cf55be90e5670a531c259e88cb530c3de846816a2e1e1d6d027593d497b3026f,212aac92a1da8532e5972f40437fe5263d519fb358a0ec6fa63c804d134831ac,12,novelty.compression_improvement,192,576,3,4.1088424145927,4.156537342945196,2.7703230468008435,4.158642888433059,0.15396586148648042,0.011111528946904014,4.147218714108211,4.156537342945196,0.963916597707066,exact-sign-median,3.501940922711103,4.049392723971171,Descriptive pooled summary: environment replicas are independent clusters; algorithm replicas are averaged within each environment cluster.
bounded-symbolic-construct-validation.v1-calibration,calibration,07dabc814e26f8ace0ae6cf86ab10cfd6558bc9f32d2f48a751c5694bf35381c,eac4823bf31745572c74e75b5f98978ed84471f5e602e2ce1076e0e43fcf366e,PUBLIC-C,scheduled,cf55be90e5670a531c259e88cb530c3de846816a2e1e1d6d027593d497b3026f,212aac92a1da8532e5972f40437fe5263d519fb358a0ec6fa63c804d134831ac,12,novelty.count_novelty,192,576,3,0.25,0.25,0.25,0.25,0.0,0.0,0.25,0.25,0.963916597707066,exact-sign-median,3.501940922711103,4.049392723971171,Descriptive pooled summary: environment replicas are independent clusters; algorithm replicas are averaged within each environment cluster.
bounded-symbolic-construct-validation.v1-calibration,calibration,07dabc814e26f8ace0ae6cf86ab10cfd6558bc9f32d2f48a751c5694bf35381c,eac4823bf31745572c74e75b5f98978ed84471f5e602e2ce1076e0e43fcf366e,PUBLIC-C,scheduled,cf55be90e5670a531c259e88cb530c3de846816a2e1e1d6d027593d497b3026f,212aac92a1da8532e5972f40437fe5263d519fb358a0ec6fa63c804d134831ac,12,novelty.latent_visitation_novelty,192,576,3,1.0,1.0,1.0,1.0,0.0,0.0,1.0,1.0,0.963916597707066,exact-sign-median,3.501940922711103,4.049392723971171,Descriptive pooled summary: environment replicas are independent clusters; algorithm replicas are averaged within each environment cluster.
bounded-symbolic-construct-validation.v1-calibration,calibration,07dabc814e26f8ace0ae6cf86ab10cfd6558bc9f32d2f48a751c5694bf35381c,eac4823bf31745572c74e75b5f98978ed84471f5e602e2ce1076e0e43fcf366e,PUBLIC-C,scheduled,cf55be90e5670a531c259e88cb530c3de846816a2e1e1d6d027593d497b3026f,212aac92a1da8532e5972f40437fe5263d519fb358a0ec6fa63c804d134831ac,12,novelty.observation_prediction_error,192,576,3,0.31328691666193426,0.287935022512848,0.2850876631974459,0.4960156357735835,0.03638625832121186,0.002625952004569366,0.28783977638772584,0.324944577324494,0.963916597707066,exact-sign-median,3.501940922711103,4.049392723971171,Descriptive pooled summary: environment replicas are independent clusters; algorithm replicas are averaged within each environment cluster.
bounded-symbolic-construct-validation.v1-calibration,calibration,07dabc814e26f8ace0ae6cf86ab10cfd6558bc9f32d2f48a751c5694bf35381c,eac4823bf31745572c74e75b5f98978ed84471f5e602e2ce1076e0e43fcf366e,PUBLIC-C,scheduled,cf55be90e5670a531c259e88cb530c3de846816a2e1e1d6d027593d497b3026f,212aac92a1da8532e5972f40437fe5263d519fb358a0ec6fa63c804d134831ac,12,novelty.persistent_trivia_novelty,192,576,3,0.0,0.0,0.0,0.0,0.0,0.0,0.0,0.0,0.963916597707066,exact-sign-median,3.501940922711103,4.049392723971171,Descriptive pooled summary: environment replicas are independent clusters; algorithm replicas are averaged within each environment cluster.
bounded-symbolic-construct-validation.v1-calibration,calibration,07dabc814e26f8ace0ae6cf86ab10cfd6558bc9f32d2f48a751c5694bf35381c,eac4823bf31745572c74e75b5f98978ed84471f5e602e2ce1076e0e43fcf366e,PUBLIC-C,scheduled,cf55be90e5670a531c259e88cb530c3de846816a2e1e1d6d027593d497b3026f,212aac92a1da8532e5972f40437fe5263d519fb358a0ec6fa63c804d134831ac,12,public_reward,192,576,3,0.5,0.5,0.5,0.5,0.0,0.0,0.5,0.5,0.963916597707066,exact-sign-median,3.501940922711103,4.049392723971171,Descriptive pooled summary: environment replicas are independent clusters; algorithm replicas are averaged within each environment cluster.
bounded-symbolic-construct-validation.v1-calibration,calibration,07dabc814e26f8ace0ae6cf86ab10cfd6558bc9f32d2f48a751c5694bf35381c,eac4823bf31745572c74e75b5f98978ed84471f5e602e2ce1076e0e43fcf366e,PUBLIC-C,scheduled,cf55be90e5670a531c259e88cb530c3de846816a2e1e1d6d027593d497b3026f,212aac92a1da8532e5972f40437fe5263d519fb358a0ec6fa63c804d134831ac,12,relevant_information_nats,192,576,3,4.1088424145927,4.156537342945196,2.7703230468008435,4.158642888433059,0.15396586148648045,0.011111528946904016,4.14721871410821,4.156537342945196,0.963916597707066,exact-sign-median,3.501940922711103,4.049392723971171,Descriptive pooled summary: environment replicas are independent clusters; algorithm replicas are averaged within each environment cluster.
bounded-symbolic-construct-validation.v1-calibration,calibration,07dabc814e26f8ace0ae6cf86ab10cfd6558bc9f32d2f48a751c5694bf35381c,eac4823bf31745572c74e75b5f98978ed84471f5e602e2ce1076e0e43fcf366e,PUBLIC-C,scheduled,cf55be90e5670a531c259e88cb530c3de846816a2e1e1d6d027593d497b3026f,212aac92a1da8532e5972f40437fe5263d519fb358a0ec6fa63c804d134831ac,12,support.abstentions,192,576,3,0.020833333333333332,0.0,0.0,1.0,0.14319953981226086,0.010334536607304918,0.0,0.0,0.963916597707066,exact-sign-median,3.501940922711103,4.049392723971171,Descriptive pooled summary: environment replicas are independent clusters; algorithm replicas are averaged within each environment cluster.
bounded-symbolic-construct-validation.v1-calibration,calibration,07dabc814e26f8ace0ae6cf86ab10cfd6558bc9f32d2f48a751c5694bf35381c,eac4823bf31745572c74e75b5f98978ed84471f5e602e2ce1076e0e43fcf366e,PUBLIC-C,scheduled,cf55be90e5670a531c259e88cb530c3de846816a2e1e1d6d027593d497b3026f,212aac92a1da8532e5972f40437fe5263d519fb358a0ec6fa63c804d134831ac,12,support.correct_deployments,192,576,3,2.96875,3.0,2.0,3.0,0.17444751982408596,0.012589665316237326,3.0,3.0,0.963916597707066,exact-sign-median,3.501940922711103,4.049392723971171,Descriptive pooled summary: environment replicas are independent clusters; algorithm replicas are averaged within each environment cluster.
bounded-symbolic-construct-validation.v1-calibration,calibration,07dabc814e26f8ace0ae6cf86ab10cfd6558bc9f32d2f48a751c5694bf35381c,eac4823bf31745572c74e75b5f98978ed84471f5e602e2ce1076e0e43fcf366e,PUBLIC-C,scheduled,cf55be90e5670a531c259e88cb530c3de846816a2e1e1d6d027593d497b3026f,212aac92a1da8532e5972f40437fe5263d519fb358a0ec6fa63c804d134831ac,12,support.deployment_support,192,576,3,2.9791666666666665,3.0,2.0,3.0,0.14319953981226086,0.010334536607304918,3.0,3.0,0.963916597707066,exact-sign-median,3.501940922711103,4.049392723971171,Descriptive pooled summary: environment replicas are independent clusters; algorithm replicas are averaged within each environment cluster.
bounded-symbolic-construct-validation.v1-calibration,calibration,07dabc814e26f8ace0ae6cf86ab10cfd6558bc9f32d2f48a751c5694bf35381c,eac4823bf31745572c74e75b5f98978ed84471f5e602e2ce1076e0e43fcf366e,PUBLIC-C,scheduled,cf55be90e5670a531c259e88cb530c3de846816a2e1e1d6d027593d497b3026f,212aac92a1da8532e5972f40437fe5263d519fb358a0ec6fa63c804d134831ac,12,support.incorrect_deployments,192,576,3,0.010416666666666666,0.0,0.0,1.0,0.10179454378723674,0.007346388407199535,0.0,0.0,0.963916597707066,exact-sign-median,3.501940922711103,4.049392723971171,Descriptive pooled summary: environment replicas are independent clusters; algorithm replicas are averaged within each environment cluster.
bounded-symbolic-construct-validation.v1-calibration,calibration,07dabc814e26f8ace0ae6cf86ab10cfd6558bc9f32d2f48a751c5694bf35381c,eac4823bf31745572c74e75b5f98978ed84471f5e602e2ce1076e0e43fcf366e,PUBLIC-C,scheduled,cf55be90e5670a531c259e88cb530c3de846816a2e1e1d6d027593d497b3026f,212aac92a1da8532e5972f40437fe5263d519fb358a0ec6fa63c804d134831ac,12,support.mastered_independent_rules,192,576,3,2.96875,3.0,2.0,3.0,0.17444751982408596,0.012589665316237326,3.0,3.0,0.963916597707066,exact-sign-median,3.501940922711103,4.049392723971171,Descriptive pooled summary: environment replicas are independent clusters; algorithm replicas are averaged within each environment cluster.
bounded-symbolic-construct-validation.v1-calibration,calibration,07dabc814e26f8ace0ae6cf86ab10cfd6558bc9f32d2f48a751c5694bf35381c,eac4823bf31745572c74e75b5f98978ed84471f5e602e2ce1076e0e43fcf366e,PUBLIC-C,scheduled,cf55be90e5670a531c259e88cb530c3de846816a2e1e1d6d027593d497b3026f,212aac92a1da8532e5972f40437fe5263d519fb358a0ec6fa63c804d134831ac,12,total_information_nats,192,576,3,4.1088424145927,4.156537342945196,2.7703230468008435,4.158642888433059,0.15396586148648042,0.011111528946904014,4.147218714108211,4.156537342945196,0.963916597707066,exact-sign-median,3.501940922711103,4.049392723971171,Descriptive pooled summary: environment replicas are independent clusters; algorithm replicas are averaged within each environment cluster.
bounded-symbolic-construct-validation.v1-calibration,calibration,07dabc814e26f8ace0ae6cf86ab10cfd6558bc9f32d2f48a751c5694bf35381c,eac4823bf31745572c74e75b5f98978ed84471f5e602e2ce1076e0e43fcf366e,PUBLIC-C,reward,cf55be90e5670a531c259e88cb530c3de846816a2e1e1d6d027593d497b3026f,57ca2562042148839b133aec8c82c555375df8c666bac3d5b85a10d89f557416,12,compute.deployment_evaluations,192,576,3,1.0,1.0,1.0,1.0,0.0,0.0,1.0,1.0,0.963916597707066,exact-sign-median,3.501940922711103,4.0722032155104415,Descriptive pooled summary: environment replicas are independent clusters; algorithm replicas are averaged within each environment cluster.
bounded-symbolic-construct-validation.v1-calibration,calibration,07dabc814e26f8ace0ae6cf86ab10cfd6558bc9f32d2f48a751c5694bf35381c,eac4823bf31745572c74e75b5f98978ed84471f5e602e2ce1076e0e43fcf366e,PUBLIC-C,reward,cf55be90e5670a531c259e88cb530c3de846816a2e1e1d6d027593d497b3026f,57ca2562042148839b133aec8c82c555375df8c666bac3d5b85a10d89f557416,12,compute.environment_steps,192,576,3,12.0,12.0,12.0,12.0,0.0,0.0,12.0,12.0,0.963916597707066,exact-sign-median,3.501940922711103,4.0722032155104415,Descriptive pooled summary: environment replicas are independent clusters; algorithm replicas are averaged within each environment cluster.
bounded-symbolic-construct-validation.v1-calibration,calibration,07dabc814e26f8ace0ae6cf86ab10cfd6558bc9f32d2f48a751c5694bf35381c,eac4823bf31745572c74e75b5f98978ed84471f5e602e2ce1076e0e43fcf366e,PUBLIC-C,reward,cf55be90e5670a531c259e88cb530c3de846816a2e1e1d6d027593d497b3026f,57ca2562042148839b133aec8c82c555375df8c666bac3d5b85a10d89f557416,12,compute.frontier_solver_calls,192,576,3,13.0,13.0,13.0,13.0,0.0,0.0,13.0,13.0,0.963916597707066,exact-sign-median,3.501940922711103,4.0722032155104415,Descriptive pooled summary: environment replicas are independent clusters; algorithm replicas are averaged within each environment cluster.
bounded-symbolic-construct-validation.v1-calibration,calibration,07dabc814e26f8ace0ae6cf86ab10cfd6558bc9f32d2f48a751c5694bf35381c,eac4823bf31745572c74e75b5f98978ed84471f5e602e2ce1076e0e43fcf366e,PUBLIC-C,reward,cf55be90e5670a531c259e88cb530c3de846816a2e1e1d6d027593d497b3026f,57ca2562042148839b133aec8c82c555375df8c666bac3d5b85a10d89f557416,12,compute.posterior_updates,192,576,3,7.484375,7.0,6.0,12.0,1.7601328227751323,0.1270266448798398,6.0,7.333333333333333,0.963916597707066,exact-sign-median,3.501940922711103,4.0722032155104415,Descriptive pooled summary: environment replicas are independent clusters; algorithm replicas are averaged within each environment cluster.
bounded-symbolic-construct-validation.v1-calibration,calibration,07dabc814e26f8ace0ae6cf86ab10cfd6558bc9f32d2f48a751c5694bf35381c,eac4823bf31745572c74e75b5f98978ed84471f5e602e2ce1076e0e43fcf366e,PUBLIC-C,reward,cf55be90e5670a531c259e88cb530c3de846816a2e1e1d6d027593d497b3026f,57ca2562042148839b133aec8c82c555375df8c666bac3d5b85a10d89f557416,12,compute.queries,192,576,3,7.484375,7.0,6.0,12.0,1.7601328227751323,0.1270266448798398,6.0,7.333333333333333,0.963916597707066,exact-sign-median,3.501940922711103,4.0722032155104415,Descriptive pooled summary: environment replicas are independent clusters; algorithm replicas are averaged within each environment cluster.
bounded-symbolic-construct-validation.v1-calibration,calibration,07dabc814e26f8ace0ae6cf86ab10cfd6558bc9f32d2f48a751c5694bf35381c,eac4823bf31745572c74e75b5f98978ed84471f5e602e2ce1076e0e43fcf366e,PUBLIC-C,reward,cf55be90e5670a531c259e88cb530c3de846816a2e1e1d6d027593d497b3026f,57ca2562042148839b133aec8c82c555375df8c666bac3d5b85a10d89f557416,12,distractor_information_nats,192,576,3,0.0,0.0,0.0,0.0,0.0,0.0,0.0,0.0,0.963916597707066,exact-sign-median,3.501940922711103,4.0722032155104415,Descriptive pooled summary: environment replicas are independent clusters; algorithm replicas are averaged within each environment cluster.
bounded-symbolic-construct-validation.v1-calibration,calibration,07dabc814e26f8ace0ae6cf86ab10cfd6558bc9f32d2f48a751c5694bf35381c,eac4823bf31745572c74e75b5f98978ed84471f5e602e2ce1076e0e43fcf366e,PUBLIC-C,reward,cf55be90e5670a531c259e88cb530c3de846816a2e1e1d6d027593d497b3026f,57ca2562042148839b133aec8c82c555375df8c666bac3d5b85a10d89f557416,12,expected_reward,192,576,3,3.467013888888889,3.5,2.1666666666666665,3.5,0.17906711860333843,0.012923056141081012,3.5,3.5,0.963916597707066,exact-sign-median,3.501940922711103,4.0722032155104415,Descriptive pooled summary: environment replicas are independent clusters; algorithm replicas are averaged within each environment cluster.
bounded-symbolic-construct-validation.v1-calibration,calibration,07dabc814e26f8ace0ae6cf86ab10cfd6558bc9f32d2f48a751c5694bf35381c,eac4823bf31745572c74e75b5f98978ed84471f5e602e2ce1076e0e43fcf366e,PUBLIC-C,reward,cf55be90e5670a531c259e88cb530c3de846816a2e1e1d6d027593d497b3026f,57ca2562042148839b133aec8c82c555375df8c666bac3d5b85a10d89f557416,12,hidden_expected_reward,192,576,3,2.967013888888889,3.0,1.6666666666666667,3.0,0.17906711860333843,0.012923056141081012,3.0,3.0,0.963916597707066,exact-sign-median,3.501940922711103,4.0722032155104415,Descriptive pooled summary: environment replicas are independent clusters; algorithm replicas are averaged within each environment cluster.
bounded-symbolic-construct-validation.v1-calibration,calibration,07dabc814e26f8ace0ae6cf86ab10cfd6558bc9f32d2f48a751c5694bf35381c,eac4823bf31745572c74e75b5f98978ed84471f5e602e2ce1076e0e43fcf366e,PUBLIC-C,reward,cf55be90e5670a531c259e88cb530c3de846816a2e1e1d6d027593d497b3026f,57ca2562042148839b133aec8c82c555375df8c666bac3d5b85a10d89f557416,12,information.approximation_residual_nats,192,576,3,0.0,0.0,0.0,0.0,0.0,0.0,0.0,0.0,0.963916597707066,exact-sign-median,3.501940922711103,4.0722032155104415,Descriptive pooled summary: environment replicas are independent clusters; algorithm replicas are averaged within each environment cluster.
bounded-symbolic-construct-validation.v1-calibration,calibration,07dabc814e26f8ace0ae6cf86ab10cfd6558bc9f32d2f48a751c5694bf35381c,eac4823bf31745572c74e75b5f98978ed84471f5e602e2ce1076e0e43fcf366e,PUBLIC-C,reward,cf55be90e5670a531c259e88cb530c3de846816a2e1e1d6d027593d497b3026f,57ca2562042148839b133aec8c82c555375df8c666bac3d5b85a10d89f557416,12,information.dynamic_state_nats,192,576,3,0.0,0.0,0.0,0.0,0.0,0.0,0.0,0.0,0.963916597707066,exact-sign-median,3.501940922711103,4.0722032155104415,Descriptive pooled summary: environment replicas are independent clusters; algorithm replicas are averaged within each environment cluster.
bounded-symbolic-construct-validation.v1-calibration,calibration,07dabc814e26f8ace0ae6cf86ab10cfd6558bc9f32d2f48a751c5694bf35381c,eac4823bf31745572c74e75b5f98978ed84471f5e602e2ce1076e0e43fcf366e,PUBLIC-C,reward,cf55be90e5670a531c259e88cb530c3de846816a2e1e1d6d027593d497b3026f,57ca2562042148839b133aec8c82c555375df8c666bac3d5b85a10d89f557416,12,information.persistent_distractor_nats,192,576,3,0.0,0.0,0.0,0.0,0.0,0.0,0.0,0.0,0.963916597707066,exact-sign-median,3.501940922711103,4.0722032155104415,Descriptive pooled summary: environment replicas are independent clusters; algorithm replicas are averaged within each environment cluster.
bounded-symbolic-construct-validation.v1-calibration,calibration,07dabc814e26f8ace0ae6cf86ab10cfd6558bc9f32d2f48a751c5694bf35381c,eac4823bf31745572c74e75b5f98978ed84471f5e602e2ce1076e0e43fcf366e,PUBLIC-C,reward,cf55be90e5670a531c259e88cb530c3de846816a2e1e1d6d027593d497b3026f,57ca2562042148839b133aec8c82c555375df8c666bac3d5b85a10d89f557416,12,information.reward_relevant_nats,192,576,3,4.0734313401771125,4.072056768309204,3.7000678047674014,4.115124143556708,0.030440532881743605,0.0021968562316937905,4.06551756866554,4.078595967952867,0.963916597707066,exact-sign-median,3.501940922711103,4.0722032155104415,Descriptive pooled summary: environment replicas are independent clusters; algorithm replicas are averaged within each environment cluster.
bounded-symbolic-construct-validation.v1-calibration,calibration,07dabc814e26f8ace0ae6cf86ab10cfd6558bc9f32d2f48a751c5694bf35381c,eac4823bf31745572c74e75b5f98978ed84471f5e602e2ce1076e0e43fcf366e,PUBLIC-C,reward,cf55be90e5670a531c259e88cb530c3de846816a2e1e1d6d027593d497b3026f,57ca2562042148839b133aec8c82c555375df8c666bac3d5b85a10d89f557416,12,information.shared_core_nats,192,576,3,0.0,0.0,0.0,0.0,0.0,0.0,0.0,0.0,0.963916597707066,exact-sign-median,3.501940922711103,4.0722032155104415,Descriptive pooled summary: environment replicas are independent clusters; algorithm replicas are averaged within each environment cluster.
bounded-symbolic-construct-validation.v1-calibration,calibration,07dabc814e26f8ace0ae6cf86ab10cfd6558bc9f32d2f48a751c5694bf35381c,eac4823bf31745572c74e75b5f98978ed84471f5e602e2ce1076e0e43fcf366e,PUBLIC-C,reward,cf55be90e5670a531c259e88cb530c3de846816a2e1e1d6d027593d497b3026f,57ca2562042148839b133aec8c82c555375df8c666bac3d5b85a10d89f557416,12,information.total_acquired_nats,192,576,3,4.0734313401771125,4.072056768309204,3.7000678047674014,4.115124143556708,0.03044053288174374,0.0021968562316938005,4.065517568665539,4.078595967952867,0.963916597707066,exact-sign-median,3.501940922711103,4.0722032155104415,Descriptive pooled summary: environment replicas are independent clusters; algorithm replicas are averaged within each environment cluster.
bounded-symbolic-construct-validation.v1-calibration,calibration,07dabc814e26f8ace0ae6cf86ab10cfd6558bc9f32d2f48a751c5694bf35381c,eac4823bf31745572c74e75b5f98978ed84471f5e602e2ce1076e0e43fcf366e,PUBLIC-C,reward,cf55be90e5670a531c259e88cb530c3de846816a2e1e1d6d027593d497b3026f,57ca2562042148839b133aec8c82c555375df8c666bac3d5b85a10d89f557416,12,novelty.aleatoric_observation_novelty,192,576,3,0.0,0.0,0.0,0.0,0.0,0.0,0.0,0.0,0.963916597707066,exact-sign-median,3.501940922711103,4.0722032155104415,Descriptive pooled summary: environment replicas are independent clusters; algorithm replicas are averaged within each environment cluster.
bounded-symbolic-construct-validation.v1-calibration,calibration,07dabc814e26f8ace0ae6cf86ab10cfd6558bc9f32d2f48a751c5694bf35381c,eac4823bf31745572c74e75b5f98978ed84471f5e602e2ce1076e0e43fcf366e,PUBLIC-C,reward,cf55be90e5670a531c259e88cb530c3de846816a2e1e1d6d027593d497b3026f,57ca2562042148839b133aec8c82c555375df8c666bac3d5b85a10d89f557416,12,novelty.behavioral_novelty,192,576,3,0.9994212962962963,1.0,0.8888888888888888,1.0,0.008018753738744807,0.0005787037037037041,1.0,1.0,0.963916597707066,exact-sign-median,3.501940922711103,4.0722032155104415,Descriptive pooled summary: environment replicas are independent clusters; algorithm replicas are averaged within each environment cluster.
bounded-symbolic-construct-validation.v1-calibration,calibration,07dabc814e26f8ace0ae6cf86ab10cfd6558bc9f32d2f48a751c5694bf35381c,eac4823bf31745572c74e75b5f98978ed84471f5e602e2ce1076e0e43fcf366e,PUBLIC-C,reward,cf55be90e5670a531c259e88cb530c3de846816a2e1e1d6d027593d497b3026f,57ca2562042148839b133aec8c82c555375df8c666bac3d5b85a10d89f557416,12,novelty.compression_improvement,192,576,3,4.0734313401771125,4.072056768309204,3.7000678047674014,4.115124143556708,0.03044053288174374,0.0021968562316938005,4.065517568665539,4.078595967952867,0.963916597707066,exact-sign-median,3.501940922711103,4.0722032155104415,Descriptive pooled summary: environment replicas are independent clusters; algorithm replicas are averaged within each environment cluster.
bounded-symbolic-construct-validation.v1-calibration,calibration,07dabc814e26f8ace0ae6cf86ab10cfd6558bc9f32d2f48a751c5694bf35381c,eac4823bf31745572c74e75b5f98978ed84471f5e602e2ce1076e0e43fcf366e,PUBLIC-C,reward,cf55be90e5670a531c259e88cb530c3de846816a2e1e1d6d027593d497b3026f,57ca2562042148839b133aec8c82c555375df8c666bac3d5b85a10d89f557416,12,novelty.count_novelty,192,576,3,0.4236545138888889,0.4458333333333333,0.25,0.5,0.08291348830043177,0.005983765598713146,0.4166666666666667,0.5,0.963916597707066,exact-sign-median,3.501940922711103,4.0722032155104415,Descriptive pooled summary: environment replicas are independent clusters; algorithm replicas are averaged within each environment cluster.
bounded-symbolic-construct-validation.v1-calibration,calibration,07dabc814e26f8ace0ae6cf86ab10cfd6558bc9f32d2f48a751c5694bf35381c,eac4823bf31745572c74e75b5f98978ed84471f5e602e2ce1076e0e43fcf366e,PUBLIC-C,reward,cf55be90e5670a531c259e88cb530c3de846816a2e1e1d6d027593d497b3026f,57ca2562042148839b133aec8c82c555375df8c666bac3d5b85a10d89f557416,12,novelty.latent_visitation_novelty,192,576,3,1.0,1.0,1.0,1.0,0.0,0.0,1.0,1.0,0.963916597707066,exact-sign-median,3.501940922711103,4.0722032155104415,Descriptive pooled summary: environment replicas are independent clusters; algorithm replicas are averaged within each environment cluster.
bounded-symbolic-construct-validation.v1-calibration,calibration,07dabc814e26f8ace0ae6cf86ab10cfd6558bc9f32d2f48a751c5694bf35381c,eac4823bf31745572c74e75b5f98978ed84471f5e602e2ce1076e0e43fcf366e,PUBLIC-C,reward,cf55be90e5670a531c259e88cb530c3de846816a2e1e1d6d027593d497b3026f,57ca2562042148839b133aec8c82c555375df8c666bac3d5b85a10d89f557416,12,novelty.observation_prediction_error,192,576,3,0.4477002814307744,0.4577208453742096,0.3533889490773537,0.46833333333333343,0.02546072455252294,0.0018374695217702544,0.44710835741508564,0.46833333333333343,0.963916597707066,exact-sign-median,3.501940922711103,4.0722032155104415,Descriptive pooled summary: environment replicas are independent clusters; algorithm replicas are averaged within each environment cluster.
bounded-symbolic-construct-validation.v1-calibration,calibration,07dabc814e26f8ace0ae6cf86ab10cfd6558bc9f32d2f48a751c5694bf35381c,eac4823bf31745572c74e75b5f98978ed84471f5e602e2ce1076e0e43fcf366e,PUBLIC-C,reward,cf55be90e5670a531c259e88cb530c3de846816a2e1e1d6d027593d497b3026f,57ca2562042148839b133aec8c82c555375df8c666bac3d5b85a10d89f557416,12,novelty.persistent_trivia_novelty,192,576,3,0.0,0.0,0.0,0.0,0.0,0.0,0.0,0.0,0.963916597707066,exact-sign-median,3.501940922711103,4.0722032155104415,Descriptive pooled summary: environment replicas are independent clusters; algorithm replicas are averaged within each environment cluster.
bounded-symbolic-construct-validation.v1-calibration,calibration,07dabc814e26f8ace0ae6cf86ab10cfd6558bc9f32d2f48a751c5694bf35381c,eac4823bf31745572c74e75b5f98978ed84471f5e602e2ce1076e0e43fcf366e,PUBLIC-C,reward,cf55be90e5670a531c259e88cb530c3de846816a2e1e1d6d027593d497b3026f,57ca2562042148839b133aec8c82c555375df8c666bac3d5b85a10d89f557416,12,public_reward,192,576,3,0.5,0.5,0.5,0.5,0.0,0.0,0.5,0.5,0.963916597707066,exact-sign-median,3.501940922711103,4.0722032155104415,Descriptive pooled summary: environment replicas are independent clusters; algorithm replicas are averaged within each environment cluster.
bounded-symbolic-construct-validation.v1-calibration,calibration,07dabc814e26f8ace0ae6cf86ab10cfd6558bc9f32d2f48a751c5694bf35381c,eac4823bf31745572c74e75b5f98978ed84471f5e602e2ce1076e0e43fcf366e,PUBLIC-C,reward,cf55be90e5670a531c259e88cb530c3de846816a2e1e1d6d027593d497b3026f,57ca2562042148839b133aec8c82c555375df8c666bac3d5b85a10d89f557416,12,relevant_information_nats,192,576,3,4.0734313401771125,4.072056768309204,3.7000678047674014,4.115124143556708,0.030440532881743605,0.0021968562316937905,4.06551756866554,4.078595967952867,0.963916597707066,exact-sign-median,3.501940922711103,4.0722032155104415,Descriptive pooled summary: environment replicas are independent clusters; algorithm replicas are averaged within each environment cluster.
bounded-symbolic-construct-validation.v1-calibration,calibration,07dabc814e26f8ace0ae6cf86ab10cfd6558bc9f32d2f48a751c5694bf35381c,eac4823bf31745572c74e75b5f98978ed84471f5e602e2ce1076e0e43fcf366e,PUBLIC-C,reward,cf55be90e5670a531c259e88cb530c3de846816a2e1e1d6d027593d497b3026f,57ca2562042148839b133aec8c82c555375df8c666bac3d5b85a10d89f557416,12,support.abstentions,192,576,3,0.001736111111111111,0.0,0.0,0.3333333333333333,0.024056261216234404,0.001736111111111111,0.0,0.0,0.963916597707066,exact-sign-median,3.501940922711103,4.0722032155104415,Descriptive pooled summary: environment replicas are independent clusters; algorithm replicas are averaged within each environment cluster.
bounded-symbolic-construct-validation.v1-calibration,calibration,07dabc814e26f8ace0ae6cf86ab10cfd6558bc9f32d2f48a751c5694bf35381c,eac4823bf31745572c74e75b5f98978ed84471f5e602e2ce1076e0e43fcf366e,PUBLIC-C,reward,cf55be90e5670a531c259e88cb530c3de846816a2e1e1d6d027593d497b3026f,57ca2562042148839b133aec8c82c555375df8c666bac3d5b85a10d89f557416,12,support.correct_deployments,192,576,3,2.982638888888889,3.0,2.3333333333333335,3.0,0.0948933655432378,0.0068483387675872375,3.0,3.0,0.963916597707066,exact-sign-median,3.501940922711103,4.0722032155104415,Descriptive pooled summary: environment replicas are independent clusters; algorithm replicas are averaged within each environment cluster.
bounded-symbolic-construct-validation.v1-calibration,calibration,07dabc814e26f8ace0ae6cf86ab10cfd6558bc9f32d2f48a751c5694bf35381c,eac4823bf31745572c74e75b5f98978ed84471f5e602e2ce1076e0e43fcf366e,PUBLIC-C,reward,cf55be90e5670a531c259e88cb530c3de846816a2e1e1d6d027593d497b3026f,57ca2562042148839b133aec8c82c555375df8c666bac3d5b85a10d89f557416,12,support.deployment_support,192,576,3,2.998263888888889,3.0,2.6666666666666665,3.0,0.024056261216234418,0.001736111111111112,3.0,3.0,0.963916597707066,exact-sign-median,3.501940922711103,4.0722032155104415,Descriptive pooled summary: environment replicas are independent clusters; algorithm replicas are averaged within each environment cluster.
bounded-symbolic-construct-validation.v1-calibration,calibration,07dabc814e26f8ace0ae6cf86ab10cfd6558bc9f32d2f48a751c5694bf35381c,eac4823bf31745572c74e75b5f98978ed84471f5e602e2ce1076e0e43fcf366e,PUBLIC-C,reward,cf55be90e5670a531c259e88cb530c3de846816a2e1e1d6d027593d497b3026f,57ca2562042148839b133aec8c82c555375df8c666bac3d5b85a10d89f557416,12,support.incorrect_deployments,192,576,3,0.015625,0.0,0.0,0.6666666666666666,0.08554015145053424,0.0061733286833109136,0.0,0.0,0.963916597707066,exact-sign-median,3.501940922711103,4.0722032155104415,Descriptive pooled summary: environment replicas are independent clusters; algorithm replicas are averaged within each environment cluster.
bounded-symbolic-construct-validation.v1-calibration,calibration,07dabc814e26f8ace0ae6cf86ab10cfd6558bc9f32d2f48a751c5694bf35381c,eac4823bf31745572c74e75b5f98978ed84471f5e602e2ce1076e0e43fcf366e,PUBLIC-C,reward,cf55be90e5670a531c259e88cb530c3de846816a2e1e1d6d027593d497b3026f,57ca2562042148839b133aec8c82c555375df8c666bac3d5b85a10d89f557416,12,support.mastered_independent_rules,192,576,3,2.982638888888889,3.0,2.3333333333333335,3.0,0.0948933655432378,0.0068483387675872375,3.0,3.0,0.963916597707066,exact-sign-median,3.501940922711103,4.0722032155104415,Descriptive pooled summary: environment replicas are independent clusters; algorithm replicas are averaged within each environment cluster.
bounded-symbolic-construct-validation.v1-calibration,calibration,07dabc814e26f8ace0ae6cf86ab10cfd6558bc9f32d2f48a751c5694bf35381c,eac4823bf31745572c74e75b5f98978ed84471f5e602e2ce1076e0e43fcf366e,PUBLIC-C,reward,cf55be90e5670a531c259e88cb530c3de846816a2e1e1d6d027593d497b3026f,57ca2562042148839b133aec8c82c555375df8c666bac3d5b85a10d89f557416,12,total_information_nats,192,576,3,4.0734313401771125,4.072056768309204,3.7000678047674014,4.115124143556708,0.03044053288174374,0.0021968562316938005,4.065517568665539,4.078595967952867,0.963916597707066,exact-sign-median,3.501940922711103,4.0722032155104415,Descriptive pooled summary: environment replicas are independent clusters; algorithm replicas are averaged within each environment cluster.
bounded-symbolic-construct-validation.v1-calibration,calibration,07dabc814e26f8ace0ae6cf86ab10cfd6558bc9f32d2f48a751c5694bf35381c,eac4823bf31745572c74e75b5f98978ed84471f5e602e2ce1076e0e43fcf366e,PUBLIC-C,relevant-information,cf55be90e5670a531c259e88cb530c3de846816a2e1e1d6d027593d497b3026f,861f07a9aadf16023896b000a1054fb2060a2afb3cffe8500f5257b21f78c8d9,12,compute.deployment_evaluations,192,576,3,1.0,1.0,1.0,1.0,0.0,0.0,1.0,1.0,0.963916597707066,exact-sign-median,3.501940922711103,4.131510493512547,Descriptive pooled summary: environment replicas are independent clusters; algorithm replicas are averaged within each environment cluster.
bounded-symbolic-construct-validation.v1-calibration,calibration,07dabc814e26f8ace0ae6cf86ab10cfd6558bc9f32d2f48a751c5694bf35381c,eac4823bf31745572c74e75b5f98978ed84471f5e602e2ce1076e0e43fcf366e,PUBLIC-C,relevant-information,cf55be90e5670a531c259e88cb530c3de846816a2e1e1d6d027593d497b3026f,861f07a9aadf16023896b000a1054fb2060a2afb3cffe8500f5257b21f78c8d9,12,compute.environment_steps,192,576,3,12.0,12.0,12.0,12.0,0.0,0.0,12.0,12.0,0.963916597707066,exact-sign-median,3.501940922711103,4.131510493512547,Descriptive pooled summary: environment replicas are independent clusters; algorithm replicas are averaged within each environment cluster.
bounded-symbolic-construct-validation.v1-calibration,calibration,07dabc814e26f8ace0ae6cf86ab10cfd6558bc9f32d2f48a751c5694bf35381c,eac4823bf31745572c74e75b5f98978ed84471f5e602e2ce1076e0e43fcf366e,PUBLIC-C,relevant-information,cf55be90e5670a531c259e88cb530c3de846816a2e1e1d6d027593d497b3026f,861f07a9aadf16023896b000a1054fb2060a2afb3cffe8500f5257b21f78c8d9,12,compute.frontier_solver_calls,192,576,3,13.0,13.0,13.0,13.0,0.0,0.0,13.0,13.0,0.963916597707066,exact-sign-median,3.501940922711103,4.131510493512547,Descriptive pooled summary: environment replicas are independent clusters; algorithm replicas are averaged within each environment cluster.
bounded-symbolic-construct-validation.v1-calibration,calibration,07dabc814e26f8ace0ae6cf86ab10cfd6558bc9f32d2f48a751c5694bf35381c,eac4823bf31745572c74e75b5f98978ed84471f5e602e2ce1076e0e43fcf366e,PUBLIC-C,relevant-information,cf55be90e5670a531c259e88cb530c3de846816a2e1e1d6d027593d497b3026f,861f07a9aadf16023896b000a1054fb2060a2afb3cffe8500f5257b21f78c8d9,12,compute.posterior_updates,192,576,3,12.0,12.0,12.0,12.0,0.0,0.0,12.0,12.0,0.963916597707066,exact-sign-median,3.501940922711103,4.131510493512547,Descriptive pooled summary: environment replicas are independent clusters; algorithm replicas are averaged within each environment cluster.
bounded-symbolic-construct-validation.v1-calibration,calibration,07dabc814e26f8ace0ae6cf86ab10cfd6558bc9f32d2f48a751c5694bf35381c,eac4823bf31745572c74e75b5f98978ed84471f5e602e2ce1076e0e43fcf366e,PUBLIC-C,relevant-information,cf55be90e5670a531c259e88cb530c3de846816a2e1e1d6d027593d497b3026f,861f07a9aadf16023896b000a1054fb2060a2afb3cffe8500f5257b21f78c8d9,12,compute.queries,192,576,3,12.0,12.0,12.0,12.0,0.0,0.0,12.0,12.0,0.963916597707066,exact-sign-median,3.501940922711103,4.131510493512547,Descriptive pooled summary: environment replicas are independent clusters; algorithm replicas are averaged within each environment cluster.
bounded-symbolic-construct-validation.v1-calibration,calibration,07dabc814e26f8ace0ae6cf86ab10cfd6558bc9f32d2f48a751c5694bf35381c,eac4823bf31745572c74e75b5f98978ed84471f5e602e2ce1076e0e43fcf366e,PUBLIC-C,relevant-information,cf55be90e5670a531c259e88cb530c3de846816a2e1e1d6d027593d497b3026f,861f07a9aadf16023896b000a1054fb2060a2afb3cffe8500f5257b21f78c8d9,12,distractor_information_nats,192,576,3,0.0,0.0,0.0,0.0,0.0,0.0,0.0,0.0,0.963916597707066,exact-sign-median,3.501940922711103,4.131510493512547,Descriptive pooled summary: environment replicas are independent clusters; algorithm replicas are averaged within each environment cluster.
bounded-symbolic-construct-validation.v1-calibration,calibration,07dabc814e26f8ace0ae6cf86ab10cfd6558bc9f32d2f48a751c5694bf35381c,eac4823bf31745572c74e75b5f98978ed84471f5e602e2ce1076e0e43fcf366e,PUBLIC-C,relevant-information,cf55be90e5670a531c259e88cb530c3de846816a2e1e1d6d027593d497b3026f,861f07a9aadf16023896b000a1054fb2060a2afb3cffe8500f5257b21f78c8d9,12,expected_reward,192,576,3,3.4895833333333335,3.5,2.8333333333333335,3.5,0.0828958849925079,0.005982495189392087,3.5,3.5,0.963916597707066,exact-sign-median,3.501940922711103,4.131510493512547,Descriptive pooled summary: environment replicas are independent clusters; algorithm replicas are averaged within each environment cluster.
bounded-symbolic-construct-validation.v1-calibration,calibration,07dabc814e26f8ace0ae6cf86ab10cfd6558bc9f32d2f48a751c5694bf35381c,eac4823bf31745572c74e75b5f98978ed84471f5e602e2ce1076e0e43fcf366e,PUBLIC-C,relevant-information,cf55be90e5670a531c259e88cb530c3de846816a2e1e1d6d027593d497b3026f,861f07a9aadf16023896b000a1054fb2060a2afb3cffe8500f5257b21f78c8d9,12,hidden_expected_reward,192,576,3,2.9895833333333335,3.0,2.3333333333333335,3.0,0.0828958849925079,0.005982495189392087,3.0,3.0,0.963916597707066,exact-sign-median,3.501940922711103,4.131510493512547,Descriptive pooled summary: environment replicas are independent clusters; algorithm replicas are averaged within each environment cluster.
bounded-symbolic-construct-validation.v1-calibration,calibration,07dabc814e26f8ace0ae6cf86ab10cfd6558bc9f32d2f48a751c5694bf35381c,eac4823bf31745572c74e75b5f98978ed84471f5e602e2ce1076e0e43fcf366e,PUBLIC-C,relevant-information,cf55be90e5670a531c259e88cb530c3de846816a2e1e1d6d027593d497b3026f,861f07a9aadf16023896b000a1054fb2060a2afb3cffe8500f5257b21f78c8d9,12,information.approximation_residual_nats,192,576,3,0.0,0.0,0.0,0.0,0.0,0.0,0.0,0.0,0.963916597707066,exact-sign-median,3.501940922711103,4.131510493512547,Descriptive pooled summary: environment replicas are independent clusters; algorithm replicas are averaged within each environment cluster.
bounded-symbolic-construct-validation.v1-calibration,calibration,07dabc814e26f8ace0ae6cf86ab10cfd6558bc9f32d2f48a751c5694bf35381c,eac4823bf31745572c74e75b5f98978ed84471f5e602e2ce1076e0e43fcf366e,PUBLIC-C,relevant-information,cf55be90e5670a531c259e88cb530c3de846816a2e1e1d6d027593d497b3026f,861f07a9aadf16023896b000a1054fb2060a2afb3cffe8500f5257b21f78c8d9,12,information.dynamic_state_nats,192,576,3,0.0,0.0,0.0,0.0,0.0,0.0,0.0,0.0,0.963916597707066,exact-sign-median,3.501940922711103,4.131510493512547,Descriptive pooled summary: environment replicas are independent clusters; algorithm replicas are averaged within each environment cluster.
bounded-symbolic-construct-validation.v1-calibration,calibration,07dabc814e26f8ace0ae6cf86ab10cfd6558bc9f32d2f48a751c5694bf35381c,eac4823bf31745572c74e75b5f98978ed84471f5e602e2ce1076e0e43fcf366e,PUBLIC-C,relevant-information,cf55be90e5670a531c259e88cb530c3de846816a2e1e1d6d027593d497b3026f,861f07a9aadf16023896b000a1054fb2060a2afb3cffe8500f5257b21f78c8d9,12,information.persistent_distractor_nats,192,576,3,0.0,0.0,0.0,0.0,0.0,0.0,0.0,0.0,0.963916597707066,exact-sign-median,3.501940922711103,4.131510493512547,Descriptive pooled summary: environment replicas are independent clusters; algorithm replicas are averaged within each environment cluster.
bounded-symbolic-construct-validation.v1-calibration,calibration,07dabc814e26f8ace0ae6cf86ab10cfd6558bc9f32d2f48a751c5694bf35381c,eac4823bf31745572c74e75b5f98978ed84471f5e602e2ce1076e0e43fcf366e,PUBLIC-C,relevant-information,cf55be90e5670a531c259e88cb530c3de846816a2e1e1d6d027593d497b3026f,861f07a9aadf16023896b000a1054fb2060a2afb3cffe8500f5257b21f78c8d9,12,information.reward_relevant_nats,192,576,3,4.143092927686408,4.154282414198354,3.952253936475076,4.158642888433059,0.03284815889393606,0.0023706116724746982,4.152729284836914,4.156537342945196,0.963916597707066,exact-sign-median,3.501940922711103,4.131510493512547,Descriptive pooled summary: environment replicas are independent clusters; algorithm replicas are averaged within each environment cluster.
bounded-symbolic-construct-validation.v1-calibration,calibration,07dabc814e26f8ace0ae6cf86ab10cfd6558bc9f32d2f48a751c5694bf35381c,eac4823bf31745572c74e75b5f98978ed84471f5e602e2ce1076e0e43fcf366e,PUBLIC-C,relevant-information,cf55be90e5670a531c259e88cb530c3de846816a2e1e1d6d027593d497b3026f,861f07a9aadf16023896b000a1054fb2060a2afb3cffe8500f5257b21f78c8d9,12,information.shared_core_nats,192,576,3,0.0,0.0,0.0,0.0,0.0,0.0,0.0,0.0,0.963916597707066,exact-sign-median,3.501940922711103,4.131510493512547,Descriptive pooled summary: environment replicas are independent clusters; algorithm replicas are averaged within each environment cluster.
bounded-symbolic-construct-validation.v1-calibration,calibration,07dabc814e26f8ace0ae6cf86ab10cfd6558bc9f32d2f48a751c5694bf35381c,eac4823bf31745572c74e75b5f98978ed84471f5e602e2ce1076e0e43fcf366e,PUBLIC-C,relevant-information,cf55be90e5670a531c259e88cb530c3de846816a2e1e1d6d027593d497b3026f,861f07a9aadf16023896b000a1054fb2060a2afb3cffe8500f5257b21f78c8d9,12,information.total_acquired_nats,192,576,3,4.143092927686408,4.154282414198354,3.9522539364750764,4.158642888433059,0.03284815889393598,0.0023706116724746926,4.152729284836913,4.156537342945196,0.963916597707066,exact-sign-median,3.501940922711103,4.131510493512547,Descriptive pooled summary: environment replicas are independent clusters; algorithm replicas are averaged within each environment cluster.
bounded-symbolic-construct-validation.v1-calibration,calibration,07dabc814e26f8ace0ae6cf86ab10cfd6558bc9f32d2f48a751c5694bf35381c,eac4823bf31745572c74e75b5f98978ed84471f5e602e2ce1076e0e43fcf366e,PUBLIC-C,relevant-information,cf55be90e5670a531c259e88cb530c3de846816a2e1e1d6d027593d497b3026f,861f07a9aadf16023896b000a1054fb2060a2afb3cffe8500f5257b21f78c8d9,12,novelty.aleatoric_observation_novelty,192,576,3,0.0,0.0,0.0,0.0,0.0,0.0,0.0,0.0,0.963916597707066,exact-sign-median,3.501940922711103,4.131510493512547,Descriptive pooled summary: environment replicas are independent clusters; algorithm replicas are averaged within each environment cluster.
bounded-symbolic-construct-validation.v1-calibration,calibration,07dabc814e26f8ace0ae6cf86ab10cfd6558bc9f32d2f48a751c5694bf35381c,eac4823bf31745572c74e75b5f98978ed84471f5e602e2ce1076e0e43fcf366e,PUBLIC-C,relevant-information,cf55be90e5670a531c259e88cb530c3de846816a2e1e1d6d027593d497b3026f,861f07a9aadf16023896b000a1054fb2060a2afb3cffe8500f5257b21f78c8d9,12,novelty.behavioral_novelty,192,576,3,1.0,1.0,1.0,1.0,0.0,0.0,1.0,1.0,0.963916597707066,exact-sign-median,3.501940922711103,4.131510493512547,Descriptive pooled summary: environment replicas are independent clusters; algorithm replicas are averaged within each environment cluster.
bounded-symbolic-construct-validation.v1-calibration,calibration,07dabc814e26f8ace0ae6cf86ab10cfd6558bc9f32d2f48a751c5694bf35381c,eac4823bf31745572c74e75b5f98978ed84471f5e602e2ce1076e0e43fcf366e,PUBLIC-C,relevant-information,cf55be90e5670a531c259e88cb530c3de846816a2e1e1d6d027593d497b3026f,861f07a9aadf16023896b000a1054fb2060a2afb3cffe8500f5257b21f78c8d9,12,novelty.compression_improvement,192,576,3,4.143092927686408,4.154282414198354,3.9522539364750764,4.158642888433059,0.03284815889393598,0.0023706116724746926,4.152729284836913,4.156537342945196,0.963916597707066,exact-sign-median,3.501940922711103,4.131510493512547,Descriptive pooled summary: environment replicas are independent clusters; algorithm replicas are averaged within each environment cluster.
bounded-symbolic-construct-validation.v1-calibration,calibration,07dabc814e26f8ace0ae6cf86ab10cfd6558bc9f32d2f48a751c5694bf35381c,eac4823bf31745572c74e75b5f98978ed84471f5e602e2ce1076e0e43fcf366e,PUBLIC-C,relevant-information,cf55be90e5670a531c259e88cb530c3de846816a2e1e1d6d027593d497b3026f,861f07a9aadf16023896b000a1054fb2060a2afb3cffe8500f5257b21f78c8d9,12,novelty.count_novelty,192,576,3,0.25,0.25,0.25,0.25,0.0,0.0,0.25,0.25,0.963916597707066,exact-sign-median,3.501940922711103,4.131510493512547,Descriptive pooled summary: environment replicas are independent clusters; algorithm replicas are averaged within each environment cluster.
bounded-symbolic-construct-validation.v1-calibration,calibration,07dabc814e26f8ace0ae6cf86ab10cfd6558bc9f32d2f48a751c5694bf35381c,eac4823bf31745572c74e75b5f98978ed84471f5e602e2ce1076e0e43fcf366e,PUBLIC-C,relevant-information,cf55be90e5670a531c259e88cb530c3de846816a2e1e1d6d027593d497b3026f,861f07a9aadf16023896b000a1054fb2060a2afb3cffe8500f5257b21f78c8d9,12,novelty.latent_visitation_novelty,192,576,3,1.0,1.0,1.0,1.0,0.0,0.0,1.0,1.0,0.963916597707066,exact-sign-median,3.501940922711103,4.131510493512547,Descriptive pooled summary: environment replicas are independent clusters; algorithm replicas are averaged within each environment cluster.
bounded-symbolic-construct-validation.v1-calibration,calibration,07dabc814e26f8ace0ae6cf86ab10cfd6558bc9f32d2f48a751c5694bf35381c,eac4823bf31745572c74e75b5f98978ed84471f5e602e2ce1076e0e43fcf366e,PUBLIC-C,relevant-information,cf55be90e5670a531c259e88cb530c3de846816a2e1e1d6d027593d497b3026f,861f07a9aadf16023896b000a1054fb2060a2afb3cffe8500f5257b21f78c8d9,12,novelty.observation_prediction_error,192,576,3,0.3153437284100919,0.3117224366988927,0.2850876631974459,0.44916853197065904,0.03510291334081501,0.0025333345583324566,0.28870276908965037,0.31451040346833653,0.963916597707066,exact-sign-median,3.501940922711103,4.131510493512547,Descriptive pooled summary: environment replicas are independent clusters; algorithm replicas are averaged within each environment cluster.
bounded-symbolic-construct-validation.v1-calibration,calibration,07dabc814e26f8ace0ae6cf86ab10cfd6558bc9f32d2f48a751c5694bf35381c,eac4823bf31745572c74e75b5f98978ed84471f5e602e2ce1076e0e43fcf366e,PUBLIC-C,relevant-information,cf55be90e5670a531c259e88cb530c3de846816a2e1e1d6d027593d497b3026f,861f07a9aadf16023896b000a1054fb2060a2afb3cffe8500f5257b21f78c8d9,12,novelty.persistent_trivia_novelty,192,576,3,0.0,0.0,0.0,0.0,0.0,0.0,0.0,0.0,0.963916597707066,exact-sign-median,3.501940922711103,4.131510493512547,Descriptive pooled summary: environment replicas are independent clusters; algorithm replicas are averaged within each environment cluster.
bounded-symbolic-construct-validation.v1-calibration,calibration,07dabc814e26f8ace0ae6cf86ab10cfd6558bc9f32d2f48a751c5694bf35381c,eac4823bf31745572c74e75b5f98978ed84471f5e602e2ce1076e0e43fcf366e,PUBLIC-C,relevant-information,cf55be90e5670a531c259e88cb530c3de846816a2e1e1d6d027593d497b3026f,861f07a9aadf16023896b000a1054fb2060a2afb3cffe8500f5257b21f78c8d9,12,public_reward,192,576,3,0.5,0.5,0.5,0.5,0.0,0.0,0.5,0.5,0.963916597707066,exact-sign-median,3.501940922711103,4.131510493512547,Descriptive pooled summary: environment replicas are independent clusters; algorithm replicas are averaged within each environment cluster.
bounded-symbolic-construct-validation.v1-calibration,calibration,07dabc814e26f8ace0ae6cf86ab10cfd6558bc9f32d2f48a751c5694bf35381c,eac4823bf31745572c74e75b5f98978ed84471f5e602e2ce1076e0e43fcf366e,PUBLIC-C,relevant-information,cf55be90e5670a531c259e88cb530c3de846816a2e1e1d6d027593d497b3026f,861f07a9aadf16023896b000a1054fb2060a2afb3cffe8500f5257b21f78c8d9,12,relevant_information_nats,192,576,3,4.143092927686408,4.154282414198354,3.952253936475076,4.158642888433059,0.03284815889393606,0.0023706116724746982,4.152729284836914,4.156537342945196,0.963916597707066,exact-sign-median,3.501940922711103,4.131510493512547,Descriptive pooled summary: environment replicas are independent clusters; algorithm replicas are averaged within each environment cluster.
bounded-symbolic-construct-validation.v1-calibration,calibration,07dabc814e26f8ace0ae6cf86ab10cfd6558bc9f32d2f48a751c5694bf35381c,eac4823bf31745572c74e75b5f98978ed84471f5e602e2ce1076e0e43fcf366e,PUBLIC-C,relevant-information,cf55be90e5670a531c259e88cb530c3de846816a2e1e1d6d027593d497b3026f,861f07a9aadf16023896b000a1054fb2060a2afb3cffe8500f5257b21f78c8d9,12,support.abstentions,192,576,3,0.0,0.0,0.0,0.0,0.0,0.0,0.0,0.0,0.963916597707066,exact-sign-median,3.501940922711103,4.131510493512547,Descriptive pooled summary: environment replicas are independent clusters; algorithm replicas are averaged within each environment cluster.
bounded-symbolic-construct-validation.v1-calibration,calibration,07dabc814e26f8ace0ae6cf86ab10cfd6558bc9f32d2f48a751c5694bf35381c,eac4823bf31745572c74e75b5f98978ed84471f5e602e2ce1076e0e43fcf366e,PUBLIC-C,relevant-information,cf55be90e5670a531c259e88cb530c3de846816a2e1e1d6d027593d497b3026f,861f07a9aadf16023896b000a1054fb2060a2afb3cffe8500f5257b21f78c8d9,12,support.correct_deployments,192,576,3,2.9947916666666665,3.0,2.6666666666666665,3.0,0.04144794249625398,0.0029912475946960457,3.0,3.0,0.963916597707066,exact-sign-median,3.501940922711103,4.131510493512547,Descriptive pooled summary: environment replicas are independent clusters; algorithm replicas are averaged within each environment cluster.
bounded-symbolic-construct-validation.v1-calibration,calibration,07dabc814e26f8ace0ae6cf86ab10cfd6558bc9f32d2f48a751c5694bf35381c,eac4823bf31745572c74e75b5f98978ed84471f5e602e2ce1076e0e43fcf366e,PUBLIC-C,relevant-information,cf55be90e5670a531c259e88cb530c3de846816a2e1e1d6d027593d497b3026f,861f07a9aadf16023896b000a1054fb2060a2afb3cffe8500f5257b21f78c8d9,12,support.deployment_support,192,576,3,3.0,3.0,3.0,3.0,0.0,0.0,3.0,3.0,0.963916597707066,exact-sign-median,3.501940922711103,4.131510493512547,Descriptive pooled summary: environment replicas are independent clusters; algorithm replicas are averaged within each environment cluster.
bounded-symbolic-construct-validation.v1-calibration,calibration,07dabc814e26f8ace0ae6cf86ab10cfd6558bc9f32d2f48a751c5694bf35381c,eac4823bf31745572c74e75b5f98978ed84471f5e602e2ce1076e0e43fcf366e,PUBLIC-C,relevant-information,cf55be90e5670a531c259e88cb530c3de846816a2e1e1d6d027593d497b3026f,861f07a9aadf16023896b000a1054fb2060a2afb3cffe8500f5257b21f78c8d9,12,support.incorrect_deployments,192,576,3,0.005208333333333333,0.0,0.0,0.3333333333333333,0.041447942496253956,0.002991247594696044,0.0,0.0,0.963916597707066,exact-sign-median,3.501940922711103,4.131510493512547,Descriptive pooled summary: environment replicas are independent clusters; algorithm replicas are averaged within each environment cluster.
bounded-symbolic-construct-validation.v1-calibration,calibration,07dabc814e26f8ace0ae6cf86ab10cfd6558bc9f32d2f48a751c5694bf35381c,eac4823bf31745572c74e75b5f98978ed84471f5e602e2ce1076e0e43fcf366e,PUBLIC-C,relevant-information,cf55be90e5670a531c259e88cb530c3de846816a2e1e1d6d027593d497b3026f,861f07a9aadf16023896b000a1054fb2060a2afb3cffe8500f5257b21f78c8d9,12,support.mastered_independent_rules,192,576,3,2.9947916666666665,3.0,2.6666666666666665,3.0,0.04144794249625398,0.0029912475946960457,3.0,3.0,0.963916597707066,exact-sign-median,3.501940922711103,4.131510493512547,Descriptive pooled summary: environment replicas are independent clusters; algorithm replicas are averaged within each environment cluster.
bounded-symbolic-construct-validation.v1-calibration,calibration,07dabc814e26f8ace0ae6cf86ab10cfd6558bc9f32d2f48a751c5694bf35381c,eac4823bf31745572c74e75b5f98978ed84471f5e602e2ce1076e0e43fcf366e,PUBLIC-C,relevant-information,cf55be90e5670a531c259e88cb530c3de846816a2e1e1d6d027593d497b3026f,861f07a9aadf16023896b000a1054fb2060a2afb3cffe8500f5257b21f78c8d9,12,total_information_nats,192,576,3,4.143092927686408,4.154282414198354,3.9522539364750764,4.158642888433059,0.03284815889393598,0.0023706116724746926,4.152729284836913,4.156537342945196,0.963916597707066,exact-sign-median,3.501940922711103,4.131510493512547,Descriptive pooled summary: environment replicas are independent clusters; algorithm replicas are averaged within each environment cluster.
bounded-symbolic-construct-validation.v1-calibration,calibration,07dabc814e26f8ace0ae6cf86ab10cfd6558bc9f32d2f48a751c5694bf35381c,eac4823bf31745572c74e75b5f98978ed84471f5e602e2ce1076e0e43fcf366e,PUBLIC-C,fixed,cf55be90e5670a531c259e88cb530c3de846816a2e1e1d6d027593d497b3026f,8fea8f21b4f9563a2c4e51f291faf1ad5543d2d729678c3d4ad0bbaba7b4198a,12,compute.deployment_evaluations,192,576,3,1.0,1.0,1.0,1.0,0.0,0.0,1.0,1.0,0.963916597707066,exact-sign-median,1.098612278751065,1.09861228866811,Descriptive pooled summary: environment replicas are independent clusters; algorithm replicas are averaged within each environment cluster.
bounded-symbolic-construct-validation.v1-calibration,calibration,07dabc814e26f8ace0ae6cf86ab10cfd6558bc9f32d2f48a751c5694bf35381c,eac4823bf31745572c74e75b5f98978ed84471f5e602e2ce1076e0e43fcf366e,PUBLIC-C,fixed,cf55be90e5670a531c259e88cb530c3de846816a2e1e1d6d027593d497b3026f,8fea8f21b4f9563a2c4e51f291faf1ad5543d2d729678c3d4ad0bbaba7b4198a,12,compute.environment_steps,192,576,3,12.0,12.0,12.0,12.0,0.0,0.0,12.0,12.0,0.963916597707066,exact-sign-median,1.098612278751065,1.09861228866811,Descriptive pooled summary: environment replicas are independent clusters; algorithm replicas are averaged within each environment cluster.
bounded-symbolic-construct-validation.v1-calibration,calibration,07dabc814e26f8ace0ae6cf86ab10cfd6558bc9f32d2f48a751c5694bf35381c,eac4823bf31745572c74e75b5f98978ed84471f5e602e2ce1076e0e43fcf366e,PUBLIC-C,fixed,cf55be90e5670a531c259e88cb530c3de846816a2e1e1d6d027593d497b3026f,8fea8f21b4f9563a2c4e51f291faf1ad5543d2d729678c3d4ad0bbaba7b4198a,12,compute.frontier_solver_calls,192,576,3,13.0,13.0,13.0,13.0,0.0,0.0,13.0,13.0,0.963916597707066,exact-sign-median,1.098612278751065,1.09861228866811,Descriptive pooled summary: environment replicas are independent clusters; algorithm replicas are averaged within each environment cluster.
bounded-symbolic-construct-validation.v1-calibration,calibration,07dabc814e26f8ace0ae6cf86ab10cfd6558bc9f32d2f48a751c5694bf35381c,eac4823bf31745572c74e75b5f98978ed84471f5e602e2ce1076e0e43fcf366e,PUBLIC-C,fixed,cf55be90e5670a531c259e88cb530c3de846816a2e1e1d6d027593d497b3026f,8fea8f21b4f9563a2c4e51f291faf1ad5543d2d729678c3d4ad0bbaba7b4198a,12,compute.posterior_updates,192,576,3,12.0,12.0,12.0,12.0,0.0,0.0,12.0,12.0,0.963916597707066,exact-sign-median,1.098612278751065,1.09861228866811,Descriptive pooled summary: environment replicas are independent clusters; algorithm replicas are averaged within each environment cluster.
bounded-symbolic-construct-validation.v1-calibration,calibration,07dabc814e26f8ace0ae6cf86ab10cfd6558bc9f32d2f48a751c5694bf35381c,eac4823bf31745572c74e75b5f98978ed84471f5e602e2ce1076e0e43fcf366e,PUBLIC-C,fixed,cf55be90e5670a531c259e88cb530c3de846816a2e1e1d6d027593d497b3026f,8fea8f21b4f9563a2c4e51f291faf1ad5543d2d729678c3d4ad0bbaba7b4198a,12,compute.queries,192,576,3,12.0,12.0,12.0,12.0,0.0,0.0,12.0,12.0,0.963916597707066,exact-sign-median,1.098612278751065,1.09861228866811,Descriptive pooled summary: environment replicas are independent clusters; algorithm replicas are averaged within each environment cluster.
bounded-symbolic-construct-validation.v1-calibration,calibration,07dabc814e26f8ace0ae6cf86ab10cfd6558bc9f32d2f48a751c5694bf35381c,eac4823bf31745572c74e75b5f98978ed84471f5e602e2ce1076e0e43fcf366e,PUBLIC-C,fixed,cf55be90e5670a531c259e88cb530c3de846816a2e1e1d6d027593d497b3026f,8fea8f21b4f9563a2c4e51f291faf1ad5543d2d729678c3d4ad0bbaba7b4198a,12,distractor_information_nats,192,576,3,0.0,0.0,0.0,0.0,0.0,0.0,0.0,0.0,0.963916597707066,exact-sign-median,1.098612278751065,1.09861228866811,Descriptive pooled summary: environment replicas are independent clusters; algorithm replicas are averaged within each environment cluster.
bounded-symbolic-construct-validation.v1-calibration,calibration,07dabc814e26f8ace0ae6cf86ab10cfd6558bc9f32d2f48a751c5694bf35381c,eac4823bf31745572c74e75b5f98978ed84471f5e602e2ce1076e0e43fcf366e,PUBLIC-C,fixed,cf55be90e5670a531c259e88cb530c3de846816a2e1e1d6d027593d497b3026f,8fea8f21b4f9563a2c4e51f291faf1ad5543d2d729678c3d4ad0bbaba7b4198a,12,expected_reward,192,576,3,1.5,1.5,1.5,1.5,0.0,0.0,1.5,1.5,0.963916597707066,exact-sign-median,1.098612278751065,1.09861228866811,Descriptive pooled summary: environment replicas are independent clusters; algorithm replicas are averaged within each environment cluster.
bounded-symbolic-construct-validation.v1-calibration,calibration,07dabc814e26f8ace0ae6cf86ab10cfd6558bc9f32d2f48a751c5694bf35381c,eac4823bf31745572c74e75b5f98978ed84471f5e602e2ce1076e0e43fcf366e,PUBLIC-C,fixed,cf55be90e5670a531c259e88cb530c3de846816a2e1e1d6d027593d497b3026f,8fea8f21b4f9563a2c4e51f291faf1ad5543d2d729678c3d4ad0bbaba7b4198a,12,hidden_expected_reward,192,576,3,1.0,1.0,1.0,1.0,0.0,0.0,1.0,1.0,0.963916597707066,exact-sign-median,1.098612278751065,1.09861228866811,Descriptive pooled summary: environment replicas are independent clusters; algorithm replicas are averaged within each environment cluster.
bounded-symbolic-construct-validation.v1-calibration,calibration,07dabc814e26f8ace0ae6cf86ab10cfd6558bc9f32d2f48a751c5694bf35381c,eac4823bf31745572c74e75b5f98978ed84471f5e602e2ce1076e0e43fcf366e,PUBLIC-C,fixed,cf55be90e5670a531c259e88cb530c3de846816a2e1e1d6d027593d497b3026f,8fea8f21b4f9563a2c4e51f291faf1ad5543d2d729678c3d4ad0bbaba7b4198a,12,information.approximation_residual_nats,192,576,3,0.0,0.0,0.0,0.0,0.0,0.0,0.0,0.0,0.963916597707066,exact-sign-median,1.098612278751065,1.09861228866811,Descriptive pooled summary: environment replicas are independent clusters; algorithm replicas are averaged within each environment cluster.
bounded-symbolic-construct-validation.v1-calibration,calibration,07dabc814e26f8ace0ae6cf86ab10cfd6558bc9f32d2f48a751c5694bf35381c,eac4823bf31745572c74e75b5f98978ed84471f5e602e2ce1076e0e43fcf366e,PUBLIC-C,fixed,cf55be90e5670a531c259e88cb530c3de846816a2e1e1d6d027593d497b3026f,8fea8f21b4f9563a2c4e51f291faf1ad5543d2d729678c3d4ad0bbaba7b4198a,12,information.dynamic_state_nats,192,576,3,0.0,0.0,0.0,0.0,0.0,0.0,0.0,0.0,0.963916597707066,exact-sign-median,1.098612278751065,1.09861228866811,Descriptive pooled summary: environment replicas are independent clusters; algorithm replicas are averaged within each environment cluster.
bounded-symbolic-construct-validation.v1-calibration,calibration,07dabc814e26f8ace0ae6cf86ab10cfd6558bc9f32d2f48a751c5694bf35381c,eac4823bf31745572c74e75b5f98978ed84471f5e602e2ce1076e0e43fcf366e,PUBLIC-C,fixed,cf55be90e5670a531c259e88cb530c3de846816a2e1e1d6d027593d497b3026f,8fea8f21b4f9563a2c4e51f291faf1ad5543d2d729678c3d4ad0bbaba7b4198a,12,information.persistent_distractor_nats,192,576,3,0.0,0.0,0.0,0.0,0.0,0.0,0.0,0.0,0.963916597707066,exact-sign-median,1.098612278751065,1.09861228866811,Descriptive pooled summary: environment replicas are independent clusters; algorithm replicas are averaged within each environment cluster.
bounded-symbolic-construct-validation.v1-calibration,calibration,07dabc814e26f8ace0ae6cf86ab10cfd6558bc9f32d2f48a751c5694bf35381c,eac4823bf31745572c74e75b5f98978ed84471f5e602e2ce1076e0e43fcf366e,PUBLIC-C,fixed,cf55be90e5670a531c259e88cb530c3de846816a2e1e1d6d027593d497b3026f,8fea8f21b4f9563a2c4e51f291faf1ad5543d2d729678c3d4ad0bbaba7b4198a,12,information.reward_relevant_nats,192,576,3,1.3862940563580428,1.3862943611197125,1.3862664522463646,1.38629436111989,2.781617046009456e-06,2.0074591878700138e-07,1.3862943611197123,1.3862943611197125,0.963916597707066,exact-sign-median,1.098612278751065,1.09861228866811,Descriptive pooled summary: environment replicas are independent clusters; algorithm replicas are averaged within each environment cluster.
bounded-symbolic-construct-validation.v1-calibration,calibration,07dabc814e26f8ace0ae6cf86ab10cfd6558bc9f32d2f48a751c5694bf35381c,eac4823bf31745572c74e75b5f98978ed84471f5e602e2ce1076e0e43fcf366e,PUBLIC-C,fixed,cf55be90e5670a531c259e88cb530c3de846816a2e1e1d6d027593d497b3026f,8fea8f21b4f9563a2c4e51f291faf1ad5543d2d729678c3d4ad0bbaba7b4198a,12,information.shared_core_nats,192,576,3,0.0,0.0,0.0,0.0,0.0,0.0,0.0,0.0,0.963916597707066,exact-sign-median,1.098612278751065,1.09861228866811,Descriptive pooled summary: environment replicas are independent clusters; algorithm replicas are averaged within each environment cluster.
bounded-symbolic-construct-validation.v1-calibration,calibration,07dabc814e26f8ace0ae6cf86ab10cfd6558bc9f32d2f48a751c5694bf35381c,eac4823bf31745572c74e75b5f98978ed84471f5e602e2ce1076e0e43fcf366e,PUBLIC-C,fixed,cf55be90e5670a531c259e88cb530c3de846816a2e1e1d6d027593d497b3026f,8fea8f21b4f9563a2c4e51f291faf1ad5543d2d729678c3d4ad0bbaba7b4198a,12,information.total_acquired_nats,192,576,3,1.3862940563580428,1.3862943611197125,1.3862664522463646,1.38629436111989,2.7816170460132772e-06,2.0074591878727717e-07,1.3862943611197125,1.3862943611197125,0.963916597707066,exact-sign-median,1.098612278751065,1.09861228866811,Descriptive pooled summary: environment replicas are independent clusters; algorithm replicas are averaged within each environment cluster.
bounded-symbolic-construct-validation.v1-calibration,calibration,07dabc814e26f8ace0ae6cf86ab10cfd6558bc9f32d2f48a751c5694bf35381c,eac4823bf31745572c74e75b5f98978ed84471f5e602e2ce1076e0e43fcf366e,PUBLIC-C,fixed,cf55be90e5670a531c259e88cb530c3de846816a2e1e1d6d027593d497b3026f,8fea8f21b4f9563a2c4e51f291faf1ad5543d2d729678c3d4ad0bbaba7b4198a,12,novelty.aleatoric_observation_novelty,192,576,3,0.0,0.0,0.0,0.0,0.0,0.0,0.0,0.0,0.963916597707066,exact-sign-median,1.098612278751065,1.09861228866811,Descriptive pooled summary: environment replicas are independent clusters; algorithm replicas are averaged within each environment cluster.
bounded-symbolic-construct-validation.v1-calibration,calibration,07dabc814e26f8ace0ae6cf86ab10cfd6558bc9f32d2f48a751c5694bf35381c,eac4823bf31745572c74e75b5f98978ed84471f5e602e2ce1076e0e43fcf366e,PUBLIC-C,fixed,cf55be90e5670a531c259e88cb530c3de846816a2e1e1d6d027593d497b3026f,8fea8f21b4f9563a2c4e51f291faf1ad5543d2d729678c3d4ad0bbaba7b4198a,12,novelty.behavioral_novelty,192,576,3,0.3333333333333333,0.3333333333333333,0.3333333333333333,0.3333333333333333,0.0,0.0,0.3333333333333333,0.3333333333333333,0.963916597707066,exact-sign-median,1.098612278751065,1.09861228866811,Descriptive pooled summary: environment replicas are independent clusters; algorithm replicas are averaged within each environment cluster.
bounded-symbolic-construct-validation.v1-calibration,calibration,07dabc814e26f8ace0ae6cf86ab10cfd6558bc9f32d2f48a751c5694bf35381c,eac4823bf31745572c74e75b5f98978ed84471f5e602e2ce1076e0e43fcf366e,PUBLIC-C,fixed,cf55be90e5670a531c259e88cb530c3de846816a2e1e1d6d027593d497b3026f,8fea8f21b4f9563a2c4e51f291faf1ad5543d2d729678c3d4ad0bbaba7b4198a,12,novelty.compression_improvement,192,576,3,1.3862940563580428,1.3862943611197125,1.3862664522463646,1.38629436111989,2.7816170460132772e-06,2.0074591878727717e-07,1.3862943611197125,1.3862943611197125,0.963916597707066,exact-sign-median,1.098612278751065,1.09861228866811,Descriptive pooled summary: environment replicas are independent clusters; algorithm replicas are averaged within each environment cluster.
bounded-symbolic-construct-validation.v1-calibration,calibration,07dabc814e26f8ace0ae6cf86ab10cfd6558bc9f32d2f48a751c5694bf35381c,eac4823bf31745572c74e75b5f98978ed84471f5e602e2ce1076e0e43fcf366e,PUBLIC-C,fixed,cf55be90e5670a531c259e88cb530c3de846816a2e1e1d6d027593d497b3026f,8fea8f21b4f9563a2c4e51f291faf1ad5543d2d729678c3d4ad0bbaba7b4198a,12,novelty.count_novelty,192,576,3,0.08333333333333333,0.08333333333333333,0.08333333333333333,0.08333333333333333,0.0,0.0,0.08333333333333333,0.08333333333333333,0.963916597707066,exact-sign-median,1.098612278751065,1.09861228866811,Descriptive pooled summary: environment replicas are independent clusters; algorithm replicas are averaged within each environment cluster.
bounded-symbolic-construct-validation.v1-calibration,calibration,07dabc814e26f8ace0ae6cf86ab10cfd6558bc9f32d2f48a751c5694bf35381c,eac4823bf31745572c74e75b5f98978ed84471f5e602e2ce1076e0e43fcf366e,PUBLIC-C,fixed,cf55be90e5670a531c259e88cb530c3de846816a2e1e1d6d027593d497b3026f,8fea8f21b4f9563a2c4e51f291faf1ad5543d2d729678c3d4ad0bbaba7b4198a,12,novelty.latent_visitation_novelty,192,576,3,0.3333333333333333,0.3333333333333333,0.3333333333333333,0.3333333333333333,0.0,0.0,0.3333333333333333,0.3333333333333333,0.963916597707066,exact-sign-median,1.098612278751065,1.09861228866811,Descriptive pooled summary: environment replicas are independent clusters; algorithm replicas are averaged within each environment cluster.
bounded-symbolic-construct-validation.v1-calibration,calibration,07dabc814e26f8ace0ae6cf86ab10cfd6558bc9f32d2f48a751c5694bf35381c,eac4823bf31745572c74e75b5f98978ed84471f5e602e2ce1076e0e43fcf366e,PUBLIC-C,fixed,cf55be90e5670a531c259e88cb530c3de846816a2e1e1d6d027593d497b3026f,8fea8f21b4f9563a2c4e51f291faf1ad5543d2d729678c3d4ad0bbaba7b4198a,12,novelty.observation_prediction_error,192,576,3,0.1680676407650715,0.16169631131450346,0.16169631110737256,0.24619239954603392,0.015159136605678372,0.0010940164499963398,0.16169631110765628,0.1616963167068303,0.963916597707066,exact-sign-median,1.098612278751065,1.09861228866811,Descriptive pooled summary: environment replicas are independent clusters; algorithm replicas are averaged within each environment cluster.
bounded-symbolic-construct-validation.v1-calibration,calibration,07dabc814e26f8ace0ae6cf86ab10cfd6558bc9f32d2f48a751c5694bf35381c,eac4823bf31745572c74e75b5f98978ed84471f5e602e2ce1076e0e43fcf366e,PUBLIC-C,fixed,cf55be90e5670a531c259e88cb530c3de846816a2e1e1d6d027593d497b3026f,8fea8f21b4f9563a2c4e51f291faf1ad5543d2d729678c3d4ad0bbaba7b4198a,12,novelty.persistent_trivia_novelty,192,576,3,0.0,0.0,0.0,0.0,0.0,0.0,0.0,0.0,0.963916597707066,exact-sign-median,1.098612278751065,1.09861228866811,Descriptive pooled summary: environment replicas are independent clusters; algorithm replicas are averaged within each environment cluster.
bounded-symbolic-construct-validation.v1-calibration,calibration,07dabc814e26f8ace0ae6cf86ab10cfd6558bc9f32d2f48a751c5694bf35381c,eac4823bf31745572c74e75b5f98978ed84471f5e602e2ce1076e0e43fcf366e,PUBLIC-C,fixed,cf55be90e5670a531c259e88cb530c3de846816a2e1e1d6d027593d497b3026f,8fea8f21b4f9563a2c4e51f291faf1ad5543d2d729678c3d4ad0bbaba7b4198a,12,public_reward,192,576,3,0.5,0.5,0.5,0.5,0.0,0.0,0.5,0.5,0.963916597707066,exact-sign-median,1.098612278751065,1.09861228866811,Descriptive pooled summary: environment replicas are independent clusters; algorithm replicas are averaged within each environment cluster.
bounded-symbolic-construct-validation.v1-calibration,calibration,07dabc814e26f8ace0ae6cf86ab10cfd6558bc9f32d2f48a751c5694bf35381c,eac4823bf31745572c74e75b5f98978ed84471f5e602e2ce1076e0e43fcf366e,PUBLIC-C,fixed,cf55be90e5670a531c259e88cb530c3de846816a2e1e1d6d027593d497b3026f,8fea8f21b4f9563a2c4e51f291faf1ad5543d2d729678c3d4ad0bbaba7b4198a,12,relevant_information_nats,192,576,3,1.3862940563580428,1.3862943611197125,1.3862664522463646,1.38629436111989,2.781617046009456e-06,2.0074591878700138e-07,1.3862943611197123,1.3862943611197125,0.963916597707066,exact-sign-median,1.098612278751065,1.09861228866811,Descriptive pooled summary: environment replicas are independent clusters; algorithm replicas are averaged within each environment cluster.
bounded-symbolic-construct-validation.v1-calibration,calibration,07dabc814e26f8ace0ae6cf86ab10cfd6558bc9f32d2f48a751c5694bf35381c,eac4823bf31745572c74e75b5f98978ed84471f5e602e2ce1076e0e43fcf366e,PUBLIC-C,fixed,cf55be90e5670a531c259e88cb530c3de846816a2e1e1d6d027593d497b3026f,8fea8f21b4f9563a2c4e51f291faf1ad5543d2d729678c3d4ad0bbaba7b4198a,12,support.abstentions,192,576,3,2.0,2.0,2.0,2.0,0.0,0.0,2.0,2.0,0.963916597707066,exact-sign-median,1.098612278751065,1.09861228866811,Descriptive pooled summary: environment replicas are independent clusters; algorithm replicas are averaged within each environment cluster.
bounded-symbolic-construct-validation.v1-calibration,calibration,07dabc814e26f8ace0ae6cf86ab10cfd6558bc9f32d2f48a751c5694bf35381c,eac4823bf31745572c74e75b5f98978ed84471f5e602e2ce1076e0e43fcf366e,PUBLIC-C,fixed,cf55be90e5670a531c259e88cb530c3de846816a2e1e1d6d027593d497b3026f,8fea8f21b4f9563a2c4e51f291faf1ad5543d2d729678c3d4ad0bbaba7b4198a,12,support.correct_deployments,192,576,3,1.0,1.0,1.0,1.0,0.0,0.0,1.0,1.0,0.963916597707066,exact-sign-median,1.098612278751065,1.09861228866811,Descriptive pooled summary: environment replicas are independent clusters; algorithm replicas are averaged within each environment cluster.
bounded-symbolic-construct-validation.v1-calibration,calibration,07dabc814e26f8ace0ae6cf86ab10cfd6558bc9f32d2f48a751c5694bf35381c,eac4823bf31745572c74e75b5f98978ed84471f5e602e2ce1076e0e43fcf366e,PUBLIC-C,fixed,cf55be90e5670a531c259e88cb530c3de846816a2e1e1d6d027593d497b3026f,8fea8f21b4f9563a2c4e51f291faf1ad5543d2d729678c3d4ad0bbaba7b4198a,12,support.deployment_support,192,576,3,1.0,1.0,1.0,1.0,0.0,0.0,1.0,1.0,0.963916597707066,exact-sign-median,1.098612278751065,1.09861228866811,Descriptive pooled summary: environment replicas are independent clusters; algorithm replicas are averaged within each environment cluster.
bounded-symbolic-construct-validation.v1-calibration,calibration,07dabc814e26f8ace0ae6cf86ab10cfd6558bc9f32d2f48a751c5694bf35381c,eac4823bf31745572c74e75b5f98978ed84471f5e602e2ce1076e0e43fcf366e,PUBLIC-C,fixed,cf55be90e5670a531c259e88cb530c3de846816a2e1e1d6d027593d497b3026f,8fea8f21b4f9563a2c4e51f291faf1ad5543d2d729678c3d4ad0bbaba7b4198a,12,support.incorrect_deployments,192,576,3,0.0,0.0,0.0,0.0,0.0,0.0,0.0,0.0,0.963916597707066,exact-sign-median,1.098612278751065,1.09861228866811,Descriptive pooled summary: environment replicas are independent clusters; algorithm replicas are averaged within each environment cluster.
bounded-symbolic-construct-validation.v1-calibration,calibration,07dabc814e26f8ace0ae6cf86ab10cfd6558bc9f32d2f48a751c5694bf35381c,eac4823bf31745572c74e75b5f98978ed84471f5e602e2ce1076e0e43fcf366e,PUBLIC-C,fixed,cf55be90e5670a531c259e88cb530c3de846816a2e1e1d6d027593d497b3026f,8fea8f21b4f9563a2c4e51f291faf1ad5543d2d729678c3d4ad0bbaba7b4198a,12,support.mastered_independent_rules,192,576,3,1.0,1.0,1.0,1.0,0.0,0.0,1.0,1.0,0.963916597707066,exact-sign-median,1.098612278751065,1.09861228866811,Descriptive pooled summary: environment replicas are independent clusters; algorithm replicas are averaged within each environment cluster.
bounded-symbolic-construct-validation.v1-calibration,calibration,07dabc814e26f8ace0ae6cf86ab10cfd6558bc9f32d2f48a751c5694bf35381c,eac4823bf31745572c74e75b5f98978ed84471f5e602e2ce1076e0e43fcf366e,PUBLIC-C,fixed,cf55be90e5670a531c259e88cb530c3de846816a2e1e1d6d027593d497b3026f,8fea8f21b4f9563a2c4e51f291faf1ad5543d2d729678c3d4ad0bbaba7b4198a,12,total_information_nats,192,576,3,1.3862940563580428,1.3862943611197125,1.3862664522463646,1.38629436111989,2.7816170460132772e-06,2.0074591878727717e-07,1.3862943611197125,1.3862943611197125,0.963916597707066,exact-sign-median,1.098612278751065,1.09861228866811,Descriptive pooled summary: environment replicas are independent clusters; algorithm replicas are averaged within each environment cluster.
bounded-symbolic-construct-validation.v1-calibration,calibration,07dabc814e26f8ace0ae6cf86ab10cfd6558bc9f32d2f48a751c5694bf35381c,eac4823bf31745572c74e75b5f98978ed84471f5e602e2ce1076e0e43fcf366e,PUBLIC-C,total-information,cf55be90e5670a531c259e88cb530c3de846816a2e1e1d6d027593d497b3026f,ddef671b142d3c50802d1df4f8b5c18e676ca9a40bdc91386b8488899c8bef75,12,compute.deployment_evaluations,192,576,3,1.0,1.0,1.0,1.0,0.0,0.0,1.0,1.0,0.963916597707066,exact-sign-median,3.501940922711103,4.131510493512547,Descriptive pooled summary: environment replicas are independent clusters; algorithm replicas are averaged within each environment cluster.
bounded-symbolic-construct-validation.v1-calibration,calibration,07dabc814e26f8ace0ae6cf86ab10cfd6558bc9f32d2f48a751c5694bf35381c,eac4823bf31745572c74e75b5f98978ed84471f5e602e2ce1076e0e43fcf366e,PUBLIC-C,total-information,cf55be90e5670a531c259e88cb530c3de846816a2e1e1d6d027593d497b3026f,ddef671b142d3c50802d1df4f8b5c18e676ca9a40bdc91386b8488899c8bef75,12,compute.environment_steps,192,576,3,12.0,12.0,12.0,12.0,0.0,0.0,12.0,12.0,0.963916597707066,exact-sign-median,3.501940922711103,4.131510493512547,Descriptive pooled summary: environment replicas are independent clusters; algorithm replicas are averaged within each environment cluster.
bounded-symbolic-construct-validation.v1-calibration,calibration,07dabc814e26f8ace0ae6cf86ab10cfd6558bc9f32d2f48a751c5694bf35381c,eac4823bf31745572c74e75b5f98978ed84471f5e602e2ce1076e0e43fcf366e,PUBLIC-C,total-information,cf55be90e5670a531c259e88cb530c3de846816a2e1e1d6d027593d497b3026f,ddef671b142d3c50802d1df4f8b5c18e676ca9a40bdc91386b8488899c8bef75,12,compute.frontier_solver_calls,192,576,3,13.0,13.0,13.0,13.0,0.0,0.0,13.0,13.0,0.963916597707066,exact-sign-median,3.501940922711103,4.131510493512547,Descriptive pooled summary: environment replicas are independent clusters; algorithm replicas are averaged within each environment cluster.
bounded-symbolic-construct-validation.v1-calibration,calibration,07dabc814e26f8ace0ae6cf86ab10cfd6558bc9f32d2f48a751c5694bf35381c,eac4823bf31745572c74e75b5f98978ed84471f5e602e2ce1076e0e43fcf366e,PUBLIC-C,total-information,cf55be90e5670a531c259e88cb530c3de846816a2e1e1d6d027593d497b3026f,ddef671b142d3c50802d1df4f8b5c18e676ca9a40bdc91386b8488899c8bef75,12,compute.posterior_updates,192,576,3,12.0,12.0,12.0,12.0,0.0,0.0,12.0,12.0,0.963916597707066,exact-sign-median,3.501940922711103,4.131510493512547,Descriptive pooled summary: environment replicas are independent clusters; algorithm replicas are averaged within each environment cluster.
bounded-symbolic-construct-validation.v1-calibration,calibration,07dabc814e26f8ace0ae6cf86ab10cfd6558bc9f32d2f48a751c5694bf35381c,eac4823bf31745572c74e75b5f98978ed84471f5e602e2ce1076e0e43fcf366e,PUBLIC-C,total-information,cf55be90e5670a531c259e88cb530c3de846816a2e1e1d6d027593d497b3026f,ddef671b142d3c50802d1df4f8b5c18e676ca9a40bdc91386b8488899c8bef75,12,compute.queries,192,576,3,12.0,12.0,12.0,12.0,0.0,0.0,12.0,12.0,0.963916597707066,exact-sign-median,3.501940922711103,4.131510493512547,Descriptive pooled summary: environment replicas are independent clusters; algorithm replicas are averaged within each environment cluster.
bounded-symbolic-construct-validation.v1-calibration,calibration,07dabc814e26f8ace0ae6cf86ab10cfd6558bc9f32d2f48a751c5694bf35381c,eac4823bf31745572c74e75b5f98978ed84471f5e602e2ce1076e0e43fcf366e,PUBLIC-C,total-information,cf55be90e5670a531c259e88cb530c3de846816a2e1e1d6d027593d497b3026f,ddef671b142d3c50802d1df4f8b5c18e676ca9a40bdc91386b8488899c8bef75,12,distractor_information_nats,192,576,3,0.0,0.0,0.0,0.0,0.0,0.0,0.0,0.0,0.963916597707066,exact-sign-median,3.501940922711103,4.131510493512547,Descriptive pooled summary: environment replicas are independent clusters; algorithm replicas are averaged within each environment cluster.
bounded-symbolic-construct-validation.v1-calibration,calibration,07dabc814e26f8ace0ae6cf86ab10cfd6558bc9f32d2f48a751c5694bf35381c,eac4823bf31745572c74e75b5f98978ed84471f5e602e2ce1076e0e43fcf366e,PUBLIC-C,total-information,cf55be90e5670a531c259e88cb530c3de846816a2e1e1d6d027593d497b3026f,ddef671b142d3c50802d1df4f8b5c18e676ca9a40bdc91386b8488899c8bef75,12,expected_reward,192,576,3,3.4895833333333335,3.5,2.8333333333333335,3.5,0.0828958849925079,0.005982495189392087,3.5,3.5,0.963916597707066,exact-sign-median,3.501940922711103,4.131510493512547,Descriptive pooled summary: environment replicas are independent clusters; algorithm replicas are averaged within each environment cluster.
bounded-symbolic-construct-validation.v1-calibration,calibration,07dabc814e26f8ace0ae6cf86ab10cfd6558bc9f32d2f48a751c5694bf35381c,eac4823bf31745572c74e75b5f98978ed84471f5e602e2ce1076e0e43fcf366e,PUBLIC-C,total-information,cf55be90e5670a531c259e88cb530c3de846816a2e1e1d6d027593d497b3026f,ddef671b142d3c50802d1df4f8b5c18e676ca9a40bdc91386b8488899c8bef75,12,hidden_expected_reward,192,576,3,2.9895833333333335,3.0,2.3333333333333335,3.0,0.0828958849925079,0.005982495189392087,3.0,3.0,0.963916597707066,exact-sign-median,3.501940922711103,4.131510493512547,Descriptive pooled summary: environment replicas are independent clusters; algorithm replicas are averaged within each environment cluster.
bounded-symbolic-construct-validation.v1-calibration,calibration,07dabc814e26f8ace0ae6cf86ab10cfd6558bc9f32d2f48a751c5694bf35381c,eac4823bf31745572c74e75b5f98978ed84471f5e602e2ce1076e0e43fcf366e,PUBLIC-C,total-information,cf55be90e5670a531c259e88cb530c3de846816a2e1e1d6d027593d497b3026f,ddef671b142d3c50802d1df4f8b5c18e676ca9a40bdc91386b8488899c8bef75,12,information.approximation_residual_nats,192,576,3,0.0,0.0,0.0,0.0,0.0,0.0,0.0,0.0,0.963916597707066,exact-sign-median,3.501940922711103,4.131510493512547,Descriptive pooled summary: environment replicas are independent clusters; algorithm replicas are averaged within each environment cluster.
bounded-symbolic-construct-validation.v1-calibration,calibration,07dabc814e26f8ace0ae6cf86ab10cfd6558bc9f32d2f48a751c5694bf35381c,eac4823bf31745572c74e75b5f98978ed84471f5e602e2ce1076e0e43fcf366e,PUBLIC-C,total-information,cf55be90e5670a531c259e88cb530c3de846816a2e1e1d6d027593d497b3026f,ddef671b142d3c50802d1df4f8b5c18e676ca9a40bdc91386b8488899c8bef75,12,information.dynamic_state_nats,192,576,3,0.0,0.0,0.0,0.0,0.0,0.0,0.0,0.0,0.963916597707066,exact-sign-median,3.501940922711103,4.131510493512547,Descriptive pooled summary: environment replicas are independent clusters; algorithm replicas are averaged within each environment cluster.
bounded-symbolic-construct-validation.v1-calibration,calibration,07dabc814e26f8ace0ae6cf86ab10cfd6558bc9f32d2f48a751c5694bf35381c,eac4823bf31745572c74e75b5f98978ed84471f5e602e2ce1076e0e43fcf366e,PUBLIC-C,total-information,cf55be90e5670a531c259e88cb530c3de846816a2e1e1d6d027593d497b3026f,ddef671b142d3c50802d1df4f8b5c18e676ca9a40bdc91386b8488899c8bef75,12,information.persistent_distractor_nats,192,576,3,0.0,0.0,0.0,0.0,0.0,0.0,0.0,0.0,0.963916597707066,exact-sign-median,3.501940922711103,4.131510493512547,Descriptive pooled summary: environment replicas are independent clusters; algorithm replicas are averaged within each environment cluster.
bounded-symbolic-construct-validation.v1-calibration,calibration,07dabc814e26f8ace0ae6cf86ab10cfd6558bc9f32d2f48a751c5694bf35381c,eac4823bf31745572c74e75b5f98978ed84471f5e602e2ce1076e0e43fcf366e,PUBLIC-C,total-information,cf55be90e5670a531c259e88cb530c3de846816a2e1e1d6d027593d497b3026f,ddef671b142d3c50802d1df4f8b5c18e676ca9a40bdc91386b8488899c8bef75,12,information.reward_relevant_nats,192,576,3,4.143092927686408,4.154282414198354,3.952253936475076,4.158642888433059,0.03284815889393606,0.0023706116724746982,4.152729284836914,4.156537342945196,0.963916597707066,exact-sign-median,3.501940922711103,4.131510493512547,Descriptive pooled summary: environment replicas are independent clusters; algorithm replicas are averaged within each environment cluster.
bounded-symbolic-construct-validation.v1-calibration,calibration,07dabc814e26f8ace0ae6cf86ab10cfd6558bc9f32d2f48a751c5694bf35381c,eac4823bf31745572c74e75b5f98978ed84471f5e602e2ce1076e0e43fcf366e,PUBLIC-C,total-information,cf55be90e5670a531c259e88cb530c3de846816a2e1e1d6d027593d497b3026f,ddef671b142d3c50802d1df4f8b5c18e676ca9a40bdc91386b8488899c8bef75,12,information.shared_core_nats,192,576,3,0.0,0.0,0.0,0.0,0.0,0.0,0.0,0.0,0.963916597707066,exact-sign-median,3.501940922711103,4.131510493512547,Descriptive pooled summary: environment replicas are independent clusters; algorithm replicas are averaged within each environment cluster.
bounded-symbolic-construct-validation.v1-calibration,calibration,07dabc814e26f8ace0ae6cf86ab10cfd6558bc9f32d2f48a751c5694bf35381c,eac4823bf31745572c74e75b5f98978ed84471f5e602e2ce1076e0e43fcf366e,PUBLIC-C,total-information,cf55be90e5670a531c259e88cb530c3de846816a2e1e1d6d027593d497b3026f,ddef671b142d3c50802d1df4f8b5c18e676ca9a40bdc91386b8488899c8bef75,12,information.total_acquired_nats,192,576,3,4.143092927686408,4.154282414198354,3.9522539364750764,4.158642888433059,0.03284815889393598,0.0023706116724746926,4.152729284836913,4.156537342945196,0.963916597707066,exact-sign-median,3.501940922711103,4.131510493512547,Descriptive pooled summary: environment replicas are independent clusters; algorithm replicas are averaged within each environment cluster.
bounded-symbolic-construct-validation.v1-calibration,calibration,07dabc814e26f8ace0ae6cf86ab10cfd6558bc9f32d2f48a751c5694bf35381c,eac4823bf31745572c74e75b5f98978ed84471f5e602e2ce1076e0e43fcf366e,PUBLIC-C,total-information,cf55be90e5670a531c259e88cb530c3de846816a2e1e1d6d027593d497b3026f,ddef671b142d3c50802d1df4f8b5c18e676ca9a40bdc91386b8488899c8bef75,12,novelty.aleatoric_observation_novelty,192,576,3,0.0,0.0,0.0,0.0,0.0,0.0,0.0,0.0,0.963916597707066,exact-sign-median,3.501940922711103,4.131510493512547,Descriptive pooled summary: environment replicas are independent clusters; algorithm replicas are averaged within each environment cluster.
bounded-symbolic-construct-validation.v1-calibration,calibration,07dabc814e26f8ace0ae6cf86ab10cfd6558bc9f32d2f48a751c5694bf35381c,eac4823bf31745572c74e75b5f98978ed84471f5e602e2ce1076e0e43fcf366e,PUBLIC-C,total-information,cf55be90e5670a531c259e88cb530c3de846816a2e1e1d6d027593d497b3026f,ddef671b142d3c50802d1df4f8b5c18e676ca9a40bdc91386b8488899c8bef75,12,novelty.behavioral_novelty,192,576,3,1.0,1.0,1.0,1.0,0.0,0.0,1.0,1.0,0.963916597707066,exact-sign-median,3.501940922711103,4.131510493512547,Descriptive pooled summary: environment replicas are independent clusters; algorithm replicas are averaged within each environment cluster.
bounded-symbolic-construct-validation.v1-calibration,calibration,07dabc814e26f8ace0ae6cf86ab10cfd6558bc9f32d2f48a751c5694bf35381c,eac4823bf31745572c74e75b5f98978ed84471f5e602e2ce1076e0e43fcf366e,PUBLIC-C,total-information,cf55be90e5670a531c259e88cb530c3de846816a2e1e1d6d027593d497b3026f,ddef671b142d3c50802d1df4f8b5c18e676ca9a40bdc91386b8488899c8bef75,12,novelty.compression_improvement,192,576,3,4.143092927686408,4.154282414198354,3.9522539364750764,4.158642888433059,0.03284815889393598,0.0023706116724746926,4.152729284836913,4.156537342945196,0.963916597707066,exact-sign-median,3.501940922711103,4.131510493512547,Descriptive pooled summary: environment replicas are independent clusters; algorithm replicas are averaged within each environment cluster.
bounded-symbolic-construct-validation.v1-calibration,calibration,07dabc814e26f8ace0ae6cf86ab10cfd6558bc9f32d2f48a751c5694bf35381c,eac4823bf31745572c74e75b5f98978ed84471f5e602e2ce1076e0e43fcf366e,PUBLIC-C,total-information,cf55be90e5670a531c259e88cb530c3de846816a2e1e1d6d027593d497b3026f,ddef671b142d3c50802d1df4f8b5c18e676ca9a40bdc91386b8488899c8bef75,12,novelty.count_novelty,192,576,3,0.25,0.25,0.25,0.25,0.0,0.0,0.25,0.25,0.963916597707066,exact-sign-median,3.501940922711103,4.131510493512547,Descriptive pooled summary: environment replicas are independent clusters; algorithm replicas are averaged within each environment cluster.
bounded-symbolic-construct-validation.v1-calibration,calibration,07dabc814e26f8ace0ae6cf86ab10cfd6558bc9f32d2f48a751c5694bf35381c,eac4823bf31745572c74e75b5f98978ed84471f5e602e2ce1076e0e43fcf366e,PUBLIC-C,total-information,cf55be90e5670a531c259e88cb530c3de846816a2e1e1d6d027593d497b3026f,ddef671b142d3c50802d1df4f8b5c18e676ca9a40bdc91386b8488899c8bef75,12,novelty.latent_visitation_novelty,192,576,3,1.0,1.0,1.0,1.0,0.0,0.0,1.0,1.0,0.963916597707066,exact-sign-median,3.501940922711103,4.131510493512547,Descriptive pooled summary: environment replicas are independent clusters; algorithm replicas are averaged within each environment cluster.
bounded-symbolic-construct-validation.v1-calibration,calibration,07dabc814e26f8ace0ae6cf86ab10cfd6558bc9f32d2f48a751c5694bf35381c,eac4823bf31745572c74e75b5f98978ed84471f5e602e2ce1076e0e43fcf366e,PUBLIC-C,total-information,cf55be90e5670a531c259e88cb530c3de846816a2e1e1d6d027593d497b3026f,ddef671b142d3c50802d1df4f8b5c18e676ca9a40bdc91386b8488899c8bef75,12,novelty.observation_prediction_error,192,576,3,0.3153437284100919,0.3117224366988927,0.2850876631974459,0.44916853197065904,0.03510291334081501,0.0025333345583324566,0.28870276908965037,0.31451040346833653,0.963916597707066,exact-sign-median,3.501940922711103,4.131510493512547,Descriptive pooled summary: environment replicas are independent clusters; algorithm replicas are averaged within each environment cluster.
bounded-symbolic-construct-validation.v1-calibration,calibration,07dabc814e26f8ace0ae6cf86ab10cfd6558bc9f32d2f48a751c5694bf35381c,eac4823bf31745572c74e75b5f98978ed84471f5e602e2ce1076e0e43fcf366e,PUBLIC-C,total-information,cf55be90e5670a531c259e88cb530c3de846816a2e1e1d6d027593d497b3026f,ddef671b142d3c50802d1df4f8b5c18e676ca9a40bdc91386b8488899c8bef75,12,novelty.persistent_trivia_novelty,192,576,3,0.0,0.0,0.0,0.0,0.0,0.0,0.0,0.0,0.963916597707066,exact-sign-median,3.501940922711103,4.131510493512547,Descriptive pooled summary: environment replicas are independent clusters; algorithm replicas are averaged within each environment cluster.
bounded-symbolic-construct-validation.v1-calibration,calibration,07dabc814e26f8ace0ae6cf86ab10cfd6558bc9f32d2f48a751c5694bf35381c,eac4823bf31745572c74e75b5f98978ed84471f5e602e2ce1076e0e43fcf366e,PUBLIC-C,total-information,cf55be90e5670a531c259e88cb530c3de846816a2e1e1d6d027593d497b3026f,ddef671b142d3c50802d1df4f8b5c18e676ca9a40bdc91386b8488899c8bef75,12,public_reward,192,576,3,0.5,0.5,0.5,0.5,0.0,0.0,0.5,0.5,0.963916597707066,exact-sign-median,3.501940922711103,4.131510493512547,Descriptive pooled summary: environment replicas are independent clusters; algorithm replicas are averaged within each environment cluster.
bounded-symbolic-construct-validation.v1-calibration,calibration,07dabc814e26f8ace0ae6cf86ab10cfd6558bc9f32d2f48a751c5694bf35381c,eac4823bf31745572c74e75b5f98978ed84471f5e602e2ce1076e0e43fcf366e,PUBLIC-C,total-information,cf55be90e5670a531c259e88cb530c3de846816a2e1e1d6d027593d497b3026f,ddef671b142d3c50802d1df4f8b5c18e676ca9a40bdc91386b8488899c8bef75,12,relevant_information_nats,192,576,3,4.143092927686408,4.154282414198354,3.952253936475076,4.158642888433059,0.03284815889393606,0.0023706116724746982,4.152729284836914,4.156537342945196,0.963916597707066,exact-sign-median,3.501940922711103,4.131510493512547,Descriptive pooled summary: environment replicas are independent clusters; algorithm replicas are averaged within each environment cluster.
bounded-symbolic-construct-validation.v1-calibration,calibration,07dabc814e26f8ace0ae6cf86ab10cfd6558bc9f32d2f48a751c5694bf35381c,eac4823bf31745572c74e75b5f98978ed84471f5e602e2ce1076e0e43fcf366e,PUBLIC-C,total-information,cf55be90e5670a531c259e88cb530c3de846816a2e1e1d6d027593d497b3026f,ddef671b142d3c50802d1df4f8b5c18e676ca9a40bdc91386b8488899c8bef75,12,support.abstentions,192,576,3,0.0,0.0,0.0,0.0,0.0,0.0,0.0,0.0,0.963916597707066,exact-sign-median,3.501940922711103,4.131510493512547,Descriptive pooled summary: environment replicas are independent clusters; algorithm replicas are averaged within each environment cluster.
bounded-symbolic-construct-validation.v1-calibration,calibration,07dabc814e26f8ace0ae6cf86ab10cfd6558bc9f32d2f48a751c5694bf35381c,eac4823bf31745572c74e75b5f98978ed84471f5e602e2ce1076e0e43fcf366e,PUBLIC-C,total-information,cf55be90e5670a531c259e88cb530c3de846816a2e1e1d6d027593d497b3026f,ddef671b142d3c50802d1df4f8b5c18e676ca9a40bdc91386b8488899c8bef75,12,support.correct_deployments,192,576,3,2.9947916666666665,3.0,2.6666666666666665,3.0,0.04144794249625398,0.0029912475946960457,3.0,3.0,0.963916597707066,exact-sign-median,3.501940922711103,4.131510493512547,Descriptive pooled summary: environment replicas are independent clusters; algorithm replicas are averaged within each environment cluster.
bounded-symbolic-construct-validation.v1-calibration,calibration,07dabc814e26f8ace0ae6cf86ab10cfd6558bc9f32d2f48a751c5694bf35381c,eac4823bf31745572c74e75b5f98978ed84471f5e602e2ce1076e0e43fcf366e,PUBLIC-C,total-information,cf55be90e5670a531c259e88cb530c3de846816a2e1e1d6d027593d497b3026f,ddef671b142d3c50802d1df4f8b5c18e676ca9a40bdc91386b8488899c8bef75,12,support.deployment_support,192,576,3,3.0,3.0,3.0,3.0,0.0,0.0,3.0,3.0,0.963916597707066,exact-sign-median,3.501940922711103,4.131510493512547,Descriptive pooled summary: environment replicas are independent clusters; algorithm replicas are averaged within each environment cluster.
bounded-symbolic-construct-validation.v1-calibration,calibration,07dabc814e26f8ace0ae6cf86ab10cfd6558bc9f32d2f48a751c5694bf35381c,eac4823bf31745572c74e75b5f98978ed84471f5e602e2ce1076e0e43fcf366e,PUBLIC-C,total-information,cf55be90e5670a531c259e88cb530c3de846816a2e1e1d6d027593d497b3026f,ddef671b142d3c50802d1df4f8b5c18e676ca9a40bdc91386b8488899c8bef75,12,support.incorrect_deployments,192,576,3,0.005208333333333333,0.0,0.0,0.3333333333333333,0.041447942496253956,0.002991247594696044,0.0,0.0,0.963916597707066,exact-sign-median,3.501940922711103,4.131510493512547,Descriptive pooled summary: environment replicas are independent clusters; algorithm replicas are averaged within each environment cluster.
bounded-symbolic-construct-validation.v1-calibration,calibration,07dabc814e26f8ace0ae6cf86ab10cfd6558bc9f32d2f48a751c5694bf35381c,eac4823bf31745572c74e75b5f98978ed84471f5e602e2ce1076e0e43fcf366e,PUBLIC-C,total-information,cf55be90e5670a531c259e88cb530c3de846816a2e1e1d6d027593d497b3026f,ddef671b142d3c50802d1df4f8b5c18e676ca9a40bdc91386b8488899c8bef75,12,support.mastered_independent_rules,192,576,3,2.9947916666666665,3.0,2.6666666666666665,3.0,0.04144794249625398,0.0029912475946960457,3.0,3.0,0.963916597707066,exact-sign-median,3.501940922711103,4.131510493512547,Descriptive pooled summary: environment replicas are independent clusters; algorithm replicas are averaged within each environment cluster.
bounded-symbolic-construct-validation.v1-calibration,calibration,07dabc814e26f8ace0ae6cf86ab10cfd6558bc9f32d2f48a751c5694bf35381c,eac4823bf31745572c74e75b5f98978ed84471f5e602e2ce1076e0e43fcf366e,PUBLIC-C,total-information,cf55be90e5670a531c259e88cb530c3de846816a2e1e1d6d027593d497b3026f,ddef671b142d3c50802d1df4f8b5c18e676ca9a40bdc91386b8488899c8bef75,12,total_information_nats,192,576,3,4.143092927686408,4.154282414198354,3.9522539364750764,4.158642888433059,0.03284815889393598,0.0023706116724746926,4.152729284836913,4.156537342945196,0.963916597707066,exact-sign-median,3.501940922711103,4.131510493512547,Descriptive pooled summary: environment replicas are independent clusters; algorithm replicas are averaged within each environment cluster.
bounded-symbolic-construct-validation.v1-calibration,calibration,07dabc814e26f8ace0ae6cf86ab10cfd6558bc9f32d2f48a751c5694bf35381c,eac4823bf31745572c74e75b5f98978ed84471f5e602e2ce1076e0e43fcf366e,PUBLIC-C,novelty,cf55be90e5670a531c259e88cb530c3de846816a2e1e1d6d027593d497b3026f,fded4a0f778fc9e4cf5c1b74df82effac115dfbd5829c7b80e1a579fd7d8aa24,12,compute.deployment_evaluations,192,576,3,1.0,1.0,1.0,1.0,0.0,0.0,1.0,1.0,0.963916597707066,exact-sign-median,3.501940922711103,4.126948395204691,Descriptive pooled summary: environment replicas are independent clusters; algorithm replicas are averaged within each environment cluster.
bounded-symbolic-construct-validation.v1-calibration,calibration,07dabc814e26f8ace0ae6cf86ab10cfd6558bc9f32d2f48a751c5694bf35381c,eac4823bf31745572c74e75b5f98978ed84471f5e602e2ce1076e0e43fcf366e,PUBLIC-C,novelty,cf55be90e5670a531c259e88cb530c3de846816a2e1e1d6d027593d497b3026f,fded4a0f778fc9e4cf5c1b74df82effac115dfbd5829c7b80e1a579fd7d8aa24,12,compute.environment_steps,192,576,3,12.0,12.0,12.0,12.0,0.0,0.0,12.0,12.0,0.963916597707066,exact-sign-median,3.501940922711103,4.126948395204691,Descriptive pooled summary: environment replicas are independent clusters; algorithm replicas are averaged within each environment cluster.
bounded-symbolic-construct-validation.v1-calibration,calibration,07dabc814e26f8ace0ae6cf86ab10cfd6558bc9f32d2f48a751c5694bf35381c,eac4823bf31745572c74e75b5f98978ed84471f5e602e2ce1076e0e43fcf366e,PUBLIC-C,novelty,cf55be90e5670a531c259e88cb530c3de846816a2e1e1d6d027593d497b3026f,fded4a0f778fc9e4cf5c1b74df82effac115dfbd5829c7b80e1a579fd7d8aa24,12,compute.frontier_solver_calls,192,576,3,13.0,13.0,13.0,13.0,0.0,0.0,13.0,13.0,0.963916597707066,exact-sign-median,3.501940922711103,4.126948395204691,Descriptive pooled summary: environment replicas are independent clusters; algorithm replicas are averaged within each environment cluster.
bounded-symbolic-construct-validation.v1-calibration,calibration,07dabc814e26f8ace0ae6cf86ab10cfd6558bc9f32d2f48a751c5694bf35381c,eac4823bf31745572c74e75b5f98978ed84471f5e602e2ce1076e0e43fcf366e,PUBLIC-C,novelty,cf55be90e5670a531c259e88cb530c3de846816a2e1e1d6d027593d497b3026f,fded4a0f778fc9e4cf5c1b74df82effac115dfbd5829c7b80e1a579fd7d8aa24,12,compute.posterior_updates,192,576,3,12.0,12.0,12.0,12.0,0.0,0.0,12.0,12.0,0.963916597707066,exact-sign-median,3.501940922711103,4.126948395204691,Descriptive pooled summary: environment replicas are independent clusters; algorithm replicas are averaged within each environment cluster.
bounded-symbolic-construct-validation.v1-calibration,calibration,07dabc814e26f8ace0ae6cf86ab10cfd6558bc9f32d2f48a751c5694bf35381c,eac4823bf31745572c74e75b5f98978ed84471f5e602e2ce1076e0e43fcf366e,PUBLIC-C,novelty,cf55be90e5670a531c259e88cb530c3de846816a2e1e1d6d027593d497b3026f,fded4a0f778fc9e4cf5c1b74df82effac115dfbd5829c7b80e1a579fd7d8aa24,12,compute.queries,192,576,3,12.0,12.0,12.0,12.0,0.0,0.0,12.0,12.0,0.963916597707066,exact-sign-median,3.501940922711103,4.126948395204691,Descriptive pooled summary: environment replicas are independent clusters; algorithm replicas are averaged within each environment cluster.
bounded-symbolic-construct-validation.v1-calibration,calibration,07dabc814e26f8ace0ae6cf86ab10cfd6558bc9f32d2f48a751c5694bf35381c,eac4823bf31745572c74e75b5f98978ed84471f5e602e2ce1076e0e43fcf366e,PUBLIC-C,novelty,cf55be90e5670a531c259e88cb530c3de846816a2e1e1d6d027593d497b3026f,fded4a0f778fc9e4cf5c1b74df82effac115dfbd5829c7b80e1a579fd7d8aa24,12,distractor_information_nats,192,576,3,0.0,0.0,0.0,0.0,0.0,0.0,0.0,0.0,0.963916597707066,exact-sign-median,3.501940922711103,4.126948395204691,Descriptive pooled summary: environment replicas are independent clusters; algorithm replicas are averaged within each environment cluster.
bounded-symbolic-construct-validation.v1-calibration,calibration,07dabc814e26f8ace0ae6cf86ab10cfd6558bc9f32d2f48a751c5694bf35381c,eac4823bf31745572c74e75b5f98978ed84471f5e602e2ce1076e0e43fcf366e,PUBLIC-C,novelty,cf55be90e5670a531c259e88cb530c3de846816a2e1e1d6d027593d497b3026f,fded4a0f778fc9e4cf5c1b74df82effac115dfbd5829c7b80e1a579fd7d8aa24,12,expected_reward,192,576,3,3.487847222222222,3.5,2.5,3.5,0.09869654182708312,0.00712280937399395,3.5,3.5,0.963916597707066,exact-sign-median,3.501940922711103,4.126948395204691,Descriptive pooled summary: environment replicas are independent clusters; algorithm replicas are averaged within each environment cluster.
bounded-symbolic-construct-validation.v1-calibration,calibration,07dabc814e26f8ace0ae6cf86ab10cfd6558bc9f32d2f48a751c5694bf35381c,eac4823bf31745572c74e75b5f98978ed84471f5e602e2ce1076e0e43fcf366e,PUBLIC-C,novelty,cf55be90e5670a531c259e88cb530c3de846816a2e1e1d6d027593d497b3026f,fded4a0f778fc9e4cf5c1b74df82effac115dfbd5829c7b80e1a579fd7d8aa24,12,hidden_expected_reward,192,576,3,2.987847222222222,3.0,2.0,3.0,0.09869654182708312,0.00712280937399395,3.0,3.0,0.963916597707066,exact-sign-median,3.501940922711103,4.126948395204691,Descriptive pooled summary: environment replicas are independent clusters; algorithm replicas are averaged within each environment cluster.
bounded-symbolic-construct-validation.v1-calibration,calibration,07dabc814e26f8ace0ae6cf86ab10cfd6558bc9f32d2f48a751c5694bf35381c,eac4823bf31745572c74e75b5f98978ed84471f5e602e2ce1076e0e43fcf366e,PUBLIC-C,novelty,cf55be90e5670a531c259e88cb530c3de846816a2e1e1d6d027593d497b3026f,fded4a0f778fc9e4cf5c1b74df82effac115dfbd5829c7b80e1a579fd7d8aa24,12,information.approximation_residual_nats,192,576,3,0.0,0.0,0.0,0.0,0.0,0.0,0.0,0.0,0.963916597707066,exact-sign-median,3.501940922711103,4.126948395204691,Descriptive pooled summary: environment replicas are independent clusters; algorithm replicas are averaged within each environment cluster.
bounded-symbolic-construct-validation.v1-calibration,calibration,07dabc814e26f8ace0ae6cf86ab10cfd6558bc9f32d2f48a751c5694bf35381c,eac4823bf31745572c74e75b5f98978ed84471f5e602e2ce1076e0e43fcf366e,PUBLIC-C,novelty,cf55be90e5670a531c259e88cb530c3de846816a2e1e1d6d027593d497b3026f,fded4a0f778fc9e4cf5c1b74df82effac115dfbd5829c7b80e1a579fd7d8aa24,12,information.dynamic_state_nats,192,576,3,0.0,0.0,0.0,0.0,0.0,0.0,0.0,0.0,0.963916597707066,exact-sign-median,3.501940922711103,4.126948395204691,Descriptive pooled summary: environment replicas are independent clusters; algorithm replicas are averaged within each environment cluster.
bounded-symbolic-construct-validation.v1-calibration,calibration,07dabc814e26f8ace0ae6cf86ab10cfd6558bc9f32d2f48a751c5694bf35381c,eac4823bf31745572c74e75b5f98978ed84471f5e602e2ce1076e0e43fcf366e,PUBLIC-C,novelty,cf55be90e5670a531c259e88cb530c3de846816a2e1e1d6d027593d497b3026f,fded4a0f778fc9e4cf5c1b74df82effac115dfbd5829c7b80e1a579fd7d8aa24,12,information.persistent_distractor_nats,192,576,3,0.0,0.0,0.0,0.0,0.0,0.0,0.0,0.0,0.963916597707066,exact-sign-median,3.501940922711103,4.126948395204691,Descriptive pooled summary: environment replicas are independent clusters; algorithm replicas are averaged within each environment cluster.
bounded-symbolic-construct-validation.v1-calibration,calibration,07dabc814e26f8ace0ae6cf86ab10cfd6558bc9f32d2f48a751c5694bf35381c,eac4823bf31745572c74e75b5f98978ed84471f5e602e2ce1076e0e43fcf366e,PUBLIC-C,novelty,cf55be90e5670a531c259e88cb530c3de846816a2e1e1d6d027593d497b3026f,fded4a0f778fc9e4cf5c1b74df82effac115dfbd5829c7b80e1a579fd7d8aa24,12,information.reward_relevant_nats,192,576,3,4.14077442804233,4.153431133332868,3.789103942214192,4.158642888433059,0.04131618985853097,0.002981739167089068,4.152729284836913,4.155133678693656,0.963916597707066,exact-sign-median,3.501940922711103,4.126948395204691,Descriptive pooled summary: environment replicas are independent clusters; algorithm replicas are averaged within each environment cluster.
bounded-symbolic-construct-validation.v1-calibration,calibration,07dabc814e26f8ace0ae6cf86ab10cfd6558bc9f32d2f48a751c5694bf35381c,eac4823bf31745572c74e75b5f98978ed84471f5e602e2ce1076e0e43fcf366e,PUBLIC-C,novelty,cf55be90e5670a531c259e88cb530c3de846816a2e1e1d6d027593d497b3026f,fded4a0f778fc9e4cf5c1b74df82effac115dfbd5829c7b80e1a579fd7d8aa24,12,information.shared_core_nats,192,576,3,0.0,0.0,0.0,0.0,0.0,0.0,0.0,0.0,0.963916597707066,exact-sign-median,3.501940922711103,4.126948395204691,Descriptive pooled summary: environment replicas are independent clusters; algorithm replicas are averaged within each environment cluster.
bounded-symbolic-construct-validation.v1-calibration,calibration,07dabc814e26f8ace0ae6cf86ab10cfd6558bc9f32d2f48a751c5694bf35381c,eac4823bf31745572c74e75b5f98978ed84471f5e602e2ce1076e0e43fcf366e,PUBLIC-C,novelty,cf55be90e5670a531c259e88cb530c3de846816a2e1e1d6d027593d497b3026f,fded4a0f778fc9e4cf5c1b74df82effac115dfbd5829c7b80e1a579fd7d8aa24,12,information.total_acquired_nats,192,576,3,4.14077442804233,4.153431133332868,3.7891039422141923,4.158642888433059,0.0413161898585309,0.002981739167089063,4.152729284836913,4.155133678693656,0.963916597707066,exact-sign-median,3.501940922711103,4.126948395204691,Descriptive pooled summary: environment replicas are independent clusters; algorithm replicas are averaged within each environment cluster.
bounded-symbolic-construct-validation.v1-calibration,calibration,07dabc814e26f8ace0ae6cf86ab10cfd6558bc9f32d2f48a751c5694bf35381c,eac4823bf31745572c74e75b5f98978ed84471f5e602e2ce1076e0e43fcf366e,PUBLIC-C,novelty,cf55be90e5670a531c259e88cb530c3de846816a2e1e1d6d027593d497b3026f,fded4a0f778fc9e4cf5c1b74df82effac115dfbd5829c7b80e1a579fd7d8aa24,12,novelty.aleatoric_observation_novelty,192,576,3,0.0,0.0,0.0,0.0,0.0,0.0,0.0,0.0,0.963916597707066,exact-sign-median,3.501940922711103,4.126948395204691,Descriptive pooled summary: environment replicas are independent clusters; algorithm replicas are averaged within each environment cluster.
bounded-symbolic-construct-validation.v1-calibration,calibration,07dabc814e26f8ace0ae6cf86ab10cfd6558bc9f32d2f48a751c5694bf35381c,eac4823bf31745572c74e75b5f98978ed84471f5e602e2ce1076e0e43fcf366e,PUBLIC-C,novelty,cf55be90e5670a531c259e88cb530c3de846816a2e1e1d6d027593d497b3026f,fded4a0f778fc9e4cf5c1b74df82effac115dfbd5829c7b80e1a579fd7d8aa24,12,novelty.behavioral_novelty,192,576,3,0.9994212962962963,1.0,0.8888888888888888,1.0,0.008018753738744807,0.0005787037037037041,1.0,1.0,0.963916597707066,exact-sign-median,3.501940922711103,4.126948395204691,Descriptive pooled summary: environment replicas are independent clusters; algorithm replicas are averaged within each environment cluster.
bounded-symbolic-construct-validation.v1-calibration,calibration,07dabc814e26f8ace0ae6cf86ab10cfd6558bc9f32d2f48a751c5694bf35381c,eac4823bf31745572c74e75b5f98978ed84471f5e602e2ce1076e0e43fcf366e,PUBLIC-C,novelty,cf55be90e5670a531c259e88cb530c3de846816a2e1e1d6d027593d497b3026f,fded4a0f778fc9e4cf5c1b74df82effac115dfbd5829c7b80e1a579fd7d8aa24,12,novelty.compression_improvement,192,576,3,4.14077442804233,4.153431133332868,3.7891039422141923,4.158642888433059,0.0413161898585309,0.002981739167089063,4.152729284836913,4.155133678693656,0.963916597707066,exact-sign-median,3.501940922711103,4.126948395204691,Descriptive pooled summary: environment replicas are independent clusters; algorithm replicas are averaged within each environment cluster.
bounded-symbolic-construct-validation.v1-calibration,calibration,07dabc814e26f8ace0ae6cf86ab10cfd6558bc9f32d2f48a751c5694bf35381c,eac4823bf31745572c74e75b5f98978ed84471f5e602e2ce1076e0e43fcf366e,PUBLIC-C,novelty,cf55be90e5670a531c259e88cb530c3de846816a2e1e1d6d027593d497b3026f,fded4a0f778fc9e4cf5c1b74df82effac115dfbd5829c7b80e1a579fd7d8aa24,12,novelty.count_novelty,192,576,3,0.25,0.25,0.25,0.25,0.0,0.0,0.25,0.25,0.963916597707066,exact-sign-median,3.501940922711103,4.126948395204691,Descriptive pooled summary: environment replicas are independent clusters; algorithm replicas are averaged within each environment cluster.
bounded-symbolic-construct-validation.v1-calibration,calibration,07dabc814e26f8ace0ae6cf86ab10cfd6558bc9f32d2f48a751c5694bf35381c,eac4823bf31745572c74e75b5f98978ed84471f5e602e2ce1076e0e43fcf366e,PUBLIC-C,novelty,cf55be90e5670a531c259e88cb530c3de846816a2e1e1d6d027593d497b3026f,fded4a0f778fc9e4cf5c1b74df82effac115dfbd5829c7b80e1a579fd7d8aa24,12,novelty.latent_visitation_novelty,192,576,3,1.0,1.0,1.0,1.0,0.0,0.0,1.0,1.0,0.963916597707066,exact-sign-median,3.501940922711103,4.126948395204691,Descriptive pooled summary: environment replicas are independent clusters; algorithm replicas are averaged within each environment cluster.
bounded-symbolic-construct-validation.v1-calibration,calibration,07dabc814e26f8ace0ae6cf86ab10cfd6558bc9f32d2f48a751c5694bf35381c,eac4823bf31745572c74e75b5f98978ed84471f5e602e2ce1076e0e43fcf366e,PUBLIC-C,novelty,cf55be90e5670a531c259e88cb530c3de846816a2e1e1d6d027593d497b3026f,fded4a0f778fc9e4cf5c1b74df82effac115dfbd5829c7b80e1a579fd7d8aa24,12,novelty.observation_prediction_error,192,576,3,0.31555188394383044,0.3117224366988927,0.2850876631974459,0.44916853197065904,0.03538620777468211,0.0025537795730390936,0.28870276908965037,0.31451040346833653,0.963916597707066,exact-sign-median,3.501940922711103,4.126948395204691,Descriptive pooled summary: environment replicas are independent clusters; algorithm replicas are averaged within each environment cluster.
bounded-symbolic-construct-validation.v1-calibration,calibration,07dabc814e26f8ace0ae6cf86ab10cfd6558bc9f32d2f48a751c5694bf35381c,eac4823bf31745572c74e75b5f98978ed84471f5e602e2ce1076e0e43fcf366e,PUBLIC-C,novelty,cf55be90e5670a531c259e88cb530c3de846816a2e1e1d6d027593d497b3026f,fded4a0f778fc9e4cf5c1b74df82effac115dfbd5829c7b80e1a579fd7d8aa24,12,novelty.persistent_trivia_novelty,192,576,3,0.0,0.0,0.0,0.0,0.0,0.0,0.0,0.0,0.963916597707066,exact-sign-median,3.501940922711103,4.126948395204691,Descriptive pooled summary: environment replicas are independent clusters; algorithm replicas are averaged within each environment cluster.
bounded-symbolic-construct-validation.v1-calibration,calibration,07dabc814e26f8ace0ae6cf86ab10cfd6558bc9f32d2f48a751c5694bf35381c,eac4823bf31745572c74e75b5f98978ed84471f5e602e2ce1076e0e43fcf366e,PUBLIC-C,novelty,cf55be90e5670a531c259e88cb530c3de846816a2e1e1d6d027593d497b3026f,fded4a0f778fc9e4cf5c1b74df82effac115dfbd5829c7b80e1a579fd7d8aa24,12,public_reward,192,576,3,0.5,0.5,0.5,0.5,0.0,0.0,0.5,0.5,0.963916597707066,exact-sign-median,3.501940922711103,4.126948395204691,Descriptive pooled summary: environment replicas are independent clusters; algorithm replicas are averaged within each environment cluster.
bounded-symbolic-construct-validation.v1-calibration,calibration,07dabc814e26f8ace0ae6cf86ab10cfd6558bc9f32d2f48a751c5694bf35381c,eac4823bf31745572c74e75b5f98978ed84471f5e602e2ce1076e0e43fcf366e,PUBLIC-C,novelty,cf55be90e5670a531c259e88cb530c3de846816a2e1e1d6d027593d497b3026f,fded4a0f778fc9e4cf5c1b74df82effac115dfbd5829c7b80e1a579fd7d8aa24,12,relevant_information_nats,192,576,3,4.14077442804233,4.153431133332868,3.789103942214192,4.158642888433059,0.04131618985853097,0.002981739167089068,4.152729284836913,4.155133678693656,0.963916597707066,exact-sign-median,3.501940922711103,4.126948395204691,Descriptive pooled summary: environment replicas are independent clusters; algorithm replicas are averaged within each environment cluster.
bounded-symbolic-construct-validation.v1-calibration,calibration,07dabc814e26f8ace0ae6cf86ab10cfd6558bc9f32d2f48a751c5694bf35381c,eac4823bf31745572c74e75b5f98978ed84471f5e602e2ce1076e0e43fcf366e,PUBLIC-C,novelty,cf55be90e5670a531c259e88cb530c3de846816a2e1e1d6d027593d497b3026f,fded4a0f778fc9e4cf5c1b74df82effac115dfbd5829c7b80e1a579fd7d8aa24,12,support.abstentions,192,576,3,0.001736111111111111,0.0,0.0,0.3333333333333333,0.024056261216234404,0.001736111111111111,0.0,0.0,0.963916597707066,exact-sign-median,3.501940922711103,4.126948395204691,Descriptive pooled summary: environment replicas are independent clusters; algorithm replicas are averaged within each environment cluster.
bounded-symbolic-construct-validation.v1-calibration,calibration,07dabc814e26f8ace0ae6cf86ab10cfd6558bc9f32d2f48a751c5694bf35381c,eac4823bf31745572c74e75b5f98978ed84471f5e602e2ce1076e0e43fcf366e,PUBLIC-C,novelty,cf55be90e5670a531c259e88cb530c3de846816a2e1e1d6d027593d497b3026f,fded4a0f778fc9e4cf5c1b74df82effac115dfbd5829c7b80e1a579fd7d8aa24,12,support.correct_deployments,192,576,3,2.9930555555555554,3.0,2.3333333333333335,3.0,0.05866790944793978,0.004233991664070078,3.0,3.0,0.963916597707066,exact-sign-median,3.501940922711103,4.126948395204691,Descriptive pooled summary: environment replicas are independent clusters; algorithm replicas are averaged within each environment cluster.
bounded-symbolic-construct-validation.v1-calibration,calibration,07dabc814e26f8ace0ae6cf86ab10cfd6558bc9f32d2f48a751c5694bf35381c,eac4823bf31745572c74e75b5f98978ed84471f5e602e2ce1076e0e43fcf366e,PUBLIC-C,novelty,cf55be90e5670a531c259e88cb530c3de846816a2e1e1d6d027593d497b3026f,fded4a0f778fc9e4cf5c1b74df82effac115dfbd5829c7b80e1a579fd7d8aa24,12,support.deployment_support,192,576,3,2.998263888888889,3.0,2.6666666666666665,3.0,0.024056261216234418,0.001736111111111112,3.0,3.0,0.963916597707066,exact-sign-median,3.501940922711103,4.126948395204691,Descriptive pooled summary: environment replicas are independent clusters; algorithm replicas are averaged within each environment cluster.
bounded-symbolic-construct-validation.v1-calibration,calibration,07dabc814e26f8ace0ae6cf86ab10cfd6558bc9f32d2f48a751c5694bf35381c,eac4823bf31745572c74e75b5f98978ed84471f5e602e2ce1076e0e43fcf366e,PUBLIC-C,novelty,cf55be90e5670a531c259e88cb530c3de846816a2e1e1d6d027593d497b3026f,fded4a0f778fc9e4cf5c1b74df82effac115dfbd5829c7b80e1a579fd7d8aa24,12,support.incorrect_deployments,192,576,3,0.005208333333333333,0.0,0.0,0.3333333333333333,0.041447942496253956,0.002991247594696044,0.0,0.0,0.963916597707066,exact-sign-median,3.501940922711103,4.126948395204691,Descriptive pooled summary: environment replicas are independent clusters; algorithm replicas are averaged within each environment cluster.
bounded-symbolic-construct-validation.v1-calibration,calibration,07dabc814e26f8ace0ae6cf86ab10cfd6558bc9f32d2f48a751c5694bf35381c,eac4823bf31745572c74e75b5f98978ed84471f5e602e2ce1076e0e43fcf366e,PUBLIC-C,novelty,cf55be90e5670a531c259e88cb530c3de846816a2e1e1d6d027593d497b3026f,fded4a0f778fc9e4cf5c1b74df82effac115dfbd5829c7b80e1a579fd7d8aa24,12,support.mastered_independent_rules,192,576,3,2.9930555555555554,3.0,2.3333333333333335,3.0,0.05866790944793978,0.004233991664070078,3.0,3.0,0.963916597707066,exact-sign-median,3.501940922711103,4.126948395204691,Descriptive pooled summary: environment replicas are independent clusters; algorithm replicas are averaged within each environment cluster.
bounded-symbolic-construct-validation.v1-calibration,calibration,07dabc814e26f8ace0ae6cf86ab10cfd6558bc9f32d2f48a751c5694bf35381c,eac4823bf31745572c74e75b5f98978ed84471f5e602e2ce1076e0e43fcf366e,PUBLIC-C,novelty,cf55be90e5670a531c259e88cb530c3de846816a2e1e1d6d027593d497b3026f,fded4a0f778fc9e4cf5c1b74df82effac115dfbd5829c7b80e1a579fd7d8aa24,12,total_information_nats,192,576,3,4.14077442804233,4.153431133332868,3.7891039422141923,4.158642888433059,0.0413161898585309,0.002981739167089063,4.152729284836913,4.155133678693656,0.963916597707066,exact-sign-median,3.501940922711103,4.126948395204691,Descriptive pooled summary: environment replicas are independent clusters; algorithm replicas are averaged within each environment cluster.
